customer_no,full_name,phone,email,password_hash,account_iban,currency,balance,card_masked_pan,card_status,tx_type,amount,tx_status,created_at,target_iban,bill_id
CUST-1090,Sofiia Tkachuk,+380671000090,sofiia.tkachuk90@example.com,a4273f882cab7a89e7fa8e5a1298799b62233ada8a93f880f58bbd87db44d6a3,UA000010000000000000000000181,USD,5506.05,**** **** **** 1181,ACTIVE,BILL_PAYMENT,10559.66,COMPLETED,2024-01-01T09:00:00,,BILL-50000
CUST-1009,Sofiia Tkachuk,+380671000009,sofiia.tkachuk9@example.com,2d4589473fb3f4581d7452cd25182159d68d2a50056a0cce35a529b010e32f2b,UA000010000000000000000000019,USD,92725.29,**** **** **** 1019,BLOCKED,TRANSFER,13862.47,FAILED,2024-01-01T09:07:00,UA000010000000000000000000151,
CUST-1084,Olena Shevchenko,+380671000084,olena.shevchenko84@example.com,11ee91bdbb90b967d18e45226bd3bc17d72a85a4486315b3568d070722445fe1,UA000010000000000000000000170,USD,55793.82,**** **** **** 1170,BLOCKED,TRANSFER,6405.83,FAILED,2024-01-01T09:14:00,UA000010000000000000000000058,
CUST-1082,Sofiia Shevchenko,+380671000082,sofiia.shevchenko82@example.com,ca619acdadd8eb0f598c954031b5f359a2fbd4fe0179eb02acfeab2ad373c999,UA000010000000000000000000166,EUR,48133.22,**** **** **** 1166,BLOCKED,TRANSFER,13630.75,PENDING,2024-01-01T09:21:00,UA000010000000000000000000019,
CUST-1007,Sofiia Koval,+380671000007,sofiia.koval7@example.com,1526f5e0e31d42fe1c3664ce923ac22ac1333417a90b32043797ac454cd03112,UA000010000000000000000000016,UAH,41234.99,**** **** **** 1016,BLOCKED,TRANSFER,11899.8,FAILED,2024-01-01T09:28:00,UA000010000000000000000000192,
CUST-1072,Andrii Bondarenko,+380671000072,andrii.bondarenko72@example.com,79db1e22563af60be55a3717827926b76139d2428cbe693eba1643c2798e048d,UA000010000000000000000000146,EUR,60440.75,**** **** **** 1146,ACTIVE,BILL_PAYMENT,6615.34,COMPLETED,2024-01-01T09:35:00,,BILL-50005
CUST-1088,Maksym Tkachenko,+380671000088,maksym.tkachenko88@example.com,1d45a36925bcb8f729f8f06ee0ec689f440cc6b08c3a0573ed12e10104e1e9a0,UA000010000000000000000000177,USD,72733.92,**** **** **** 1177,BLOCKED,BILL_PAYMENT,10511.02,COMPLETED,2024-01-01T09:42:00,,BILL-50006
CUST-1064,Andrii Bondarenko,+380671000064,andrii.bondarenko64@example.com,51031e17ce0a58242bf97f01a2883d077c6dd21f22674ee500dbfb60228851e7,UA000010000000000000000000129,USD,34412.55,**** **** **** 1129,BLOCKED,BILL_PAYMENT,6594.5,FAILED,2024-01-01T09:49:00,,BILL-50007
CUST-1005,Dmytro Shevchenko,+380671000005,dmytro.shevchenko5@example.com,0eeac8171768d0cdef3a20fee6db4362d019c91e10662a6b55186336e1a42778,UA000010000000000000000000011,EUR,45412.74,**** **** **** 1011,BLOCKED,BILL_PAYMENT,11031.28,FAILED,2024-01-01T09:56:00,,BILL-50008
CUST-1032,Kateryna Koval,+380671000032,kateryna.koval32@example.com,451a8149ebd58dbd064e3337c6de5d4f4bb08cd70bbbd48d62a205bd706b6bb0,UA000010000000000000000000065,UAH,20757.71,**** **** **** 1065,BLOCKED,TRANSFER,1415.34,FAILED,2024-01-01T10:03:00,UA000010000000000000000000148,
CUST-1075,Andrii Tkachuk,+380671000075,andrii.tkachuk75@example.com,aaa88f12093ddca8064cdb97bf7635d7cd82c94d264121133f79f24e9b645bf1,UA000010000000000000000000151,UAH,43918.82,**** **** **** 1151,BLOCKED,TRANSFER,14993.61,FAILED,2024-01-01T10:10:00,UA000010000000000000000000069,
CUST-1073,Maksym Bondarenko,+380671000073,maksym.bondarenko73@example.com,25ac9b17f8113ceda4e3b18b639ac0c5821fa6cf61e31a4b2cafec4573b89522,UA000010000000000000000000148,EUR,43409.42,**** **** **** 1148,BLOCKED,TRANSFER,11458.48,PENDING,2024-01-01T10:17:00,UA000010000000000000000000121,
CUST-1066,Olena Tkachuk,+380671000066,olena.tkachuk66@example.com,06599c96e52ff54f21e65cec89df4b96ce519704136d6f7246a56be613eed8fb,UA000010000000000000000000133,USD,23197.99,**** **** **** 1133,ACTIVE,BILL_PAYMENT,13745.29,PENDING,2024-01-01T10:24:00,,BILL-50012
CUST-1074,Olena Tkachuk,+380671000074,olena.tkachuk74@example.com,efacf97ed63d8d618e5c1f03e2fbd3656ed4c97ba04abf6db791534b425641c2,UA000010000000000000000000150,UAH,85107.99,**** **** **** 1150,BLOCKED,BILL_PAYMENT,9540.03,COMPLETED,2024-01-01T10:31:00,,BILL-50013
CUST-1011,Iryna Bondarenko,+380671000011,iryna.bondarenko11@example.com,8057f787ebd8b4f9d40f53d7fbbfcbdde7067c1a074435b68f525b3de0e2ac2b,UA000010000000000000000000024,EUR,48202.06,**** **** **** 1024,ACTIVE,BILL_PAYMENT,5252.02,COMPLETED,2024-01-01T10:38:00,,BILL-50014
CUST-1041,Sofiia Tkachuk,+380671000041,sofiia.tkachuk41@example.com,a8a5146b1f97c2c8987ccb3a87d2f30b8aa258c2a32cb96115bf381d42df875c,UA000010000000000000000000083,EUR,30269.87,**** **** **** 1083,ACTIVE,TRANSFER,12873.11,COMPLETED,2024-01-01T10:45:00,UA000010000000000000000000106,
CUST-1088,Maksym Tkachenko,+380671000088,maksym.tkachenko88@example.com,1d45a36925bcb8f729f8f06ee0ec689f440cc6b08c3a0573ed12e10104e1e9a0,UA000010000000000000000000178,UAH,83430.21,**** **** **** 1178,BLOCKED,BILL_PAYMENT,4358.86,COMPLETED,2024-01-01T10:52:00,,BILL-50016
CUST-1097,Sofiia Bondarenko,+380671000097,sofiia.bondarenko97@example.com,7f5106053c87018f57187a0a485dedacb2ef37f08f05ab2313f23217a9ee928b,UA000010000000000000000000195,EUR,96050.77,**** **** **** 1195,ACTIVE,TRANSFER,6849.65,COMPLETED,2024-01-01T10:59:00,UA000010000000000000000000065,
CUST-1041,Sofiia Tkachuk,+380671000041,sofiia.tkachuk41@example.com,a8a5146b1f97c2c8987ccb3a87d2f30b8aa258c2a32cb96115bf381d42df875c,UA000010000000000000000000083,EUR,30269.87,**** **** **** 1083,ACTIVE,TRANSFER,14554.26,COMPLETED,2024-01-01T11:06:00,UA000010000000000000000000132,
CUST-1000,Olena Shevchenko,+380671000000,olena.shevchenko0@example.com,cb71cd3f59909532b783257f5f97d0502af258231f9d17cbe762799c0bb4a0f6,UA000010000000000000000000001,EUR,6828.5,**** **** **** 1001,ACTIVE,BILL_PAYMENT,6228.05,PENDING,2024-01-01T11:13:00,,BILL-50019
CUST-1066,Olena Tkachuk,+380671000066,olena.tkachuk66@example.com,06599c96e52ff54f21e65cec89df4b96ce519704136d6f7246a56be613eed8fb,UA000010000000000000000000133,USD,23197.99,**** **** **** 1133,ACTIVE,BILL_PAYMENT,9358.38,COMPLETED,2024-01-01T11:20:00,,BILL-50020
CUST-1080,Ivan Shevchenko,+380671000080,ivan.shevchenko80@example.com,a5276c24114971eceb4d5149894034741bcf22825b30c39942ff63007e031956,UA000010000000000000000000161,UAH,49267.44,**** **** **** 1161,BLOCKED,BILL_PAYMENT,11411.86,PENDING,2024-01-01T11:27:00,,BILL-50021
CUST-1034,Sofiia Tkachuk,+380671000034,sofiia.tkachuk34@example.com,94cd5db06baf087fd56c0042adc1deb162d271acfb8b3eb0277069517998d489,UA000010000000000000000000069,USD,35763.47,**** **** **** 1069,BLOCKED,TRANSFER,13918.71,COMPLETED,2024-01-01T11:34:00,UA000010000000000000000000179,
CUST-1062,Dmytro Bondarenko,+380671000062,dmytro.bondarenko62@example.com,9b857dc1d1dc03b131bdb429b972f5f28c7d72b8466a22d54c359c48d19551fe,UA000010000000000000000000125,USD,59597.38,**** **** **** 1125,ACTIVE,TRANSFER,481.6,FAILED,2024-01-01T11:41:00,UA000010000000000000000000156,
CUST-1030,Olena Melnyk,+380671000030,olena.melnyk30@example.com,85fcbe6bf830f23209ea6a932921e8da31a653a24a20cb84e75c4997e505690b,UA000010000000000000000000062,USD,80421.28,**** **** **** 1062,ACTIVE,TRANSFER,4695.71,PENDING,2024-01-01T11:48:00,UA000010000000000000000000142,
CUST-1052,Andrii Tkachuk,+380671000052,andrii.tkachuk52@example.com,f511f615cd867553edd2fc66f4dc34441851f699cc1457f767c5ec0bad8cd250,UA000010000000000000000000105,EUR,45145.45,**** **** **** 1105,ACTIVE,TRANSFER,3409.27,PENDING,2024-01-01T11:55:00,UA000010000000000000000000119,
CUST-1015,Andrii Koval,+380671000015,andrii.koval15@example.com,b5a4ec869015095060b1171791334513f741177c4011e2c5c36e3e37a5ff8e5f,UA000010000000000000000000031,USD,21221.66,**** **** **** 1031,BLOCKED,TRANSFER,7500.71,FAILED,2024-01-01T12:02:00,UA000010000000000000000000075,
CUST-1065,Ivan Tkachuk,+380671000065,ivan.tkachuk65@example.com,3c62426f46ebb414ff53540c6f1af32639c28b434126ae98b9f1651dd5e4fd4a,UA000010000000000000000000131,USD,83656.18,**** **** **** 1131,BLOCKED,BILL_PAYMENT,6261.58,COMPLETED,2024-01-01T12:09:00,,BILL-50027
CUST-1060,Dmytro Bondarenko,+380671000060,dmytro.bondarenko60@example.com,598ed9422e3d9c328f48cafc2c66a66a3d393b64290f7741d60e6e22c03ca031,UA000010000000000000000000121,USD,3873.46,**** **** **** 1121,BLOCKED,TRANSFER,6878.96,PENDING,2024-01-01T12:16:00,UA000010000000000000000000099,
CUST-1024,Andrii Tkachuk,+380671000024,andrii.tkachuk24@example.com,cafdc894eacc597ad76db1a750ccb876d4ed69c73b7d3d23f5e3a9e3b5c9fc2e,UA000010000000000000000000049,UAH,1351.02,**** **** **** 1049,ACTIVE,TRANSFER,12967.2,COMPLETED,2024-01-01T12:23:00,UA000010000000000000000000198,
CUST-1053,Dmytro Bondarenko,+380671000053,dmytro.bondarenko53@example.com,f75b853a4521962ca5d349e4ca4cb69dce2dbfef61731cb9d14f1f2f1b6499fe,UA000010000000000000000000107,USD,75425.9,**** **** **** 1107,BLOCKED,BILL_PAYMENT,14017.01,FAILED,2024-01-01T12:30:00,,BILL-50030
CUST-1034,Sofiia Tkachuk,+380671000034,sofiia.tkachuk34@example.com,94cd5db06baf087fd56c0042adc1deb162d271acfb8b3eb0277069517998d489,UA000010000000000000000000069,USD,35763.47,**** **** **** 1069,BLOCKED,TRANSFER,4278.44,COMPLETED,2024-01-01T12:37:00,UA000010000000000000000000151,
CUST-1074,Olena Tkachuk,+380671000074,olena.tkachuk74@example.com,efacf97ed63d8d618e5c1f03e2fbd3656ed4c97ba04abf6db791534b425641c2,UA000010000000000000000000149,UAH,51090.12,**** **** **** 1149,BLOCKED,BILL_PAYMENT,12985.65,COMPLETED,2024-01-01T12:44:00,,BILL-50032
CUST-1068,Kateryna Shevchenko,+380671000068,kateryna.shevchenko68@example.com,5a583fab00aa1c17acaad80b2b9b5a16a8563e7e66808bf4b4acbfb55d9b85d4,UA000010000000000000000000138,USD,70247.03,**** **** **** 1138,BLOCKED,BILL_PAYMENT,5209.6,FAILED,2024-01-01T12:51:00,,BILL-50033
CUST-1097,Sofiia Bondarenko,+380671000097,sofiia.bondarenko97@example.com,7f5106053c87018f57187a0a485dedacb2ef37f08f05ab2313f23217a9ee928b,UA000010000000000000000000196,UAH,62925.99,**** **** **** 1196,BLOCKED,BILL_PAYMENT,6857.4,COMPLETED,2024-01-01T12:58:00,,BILL-50034
CUST-1024,Andrii Tkachuk,+380671000024,andrii.tkachuk24@example.com,cafdc894eacc597ad76db1a750ccb876d4ed69c73b7d3d23f5e3a9e3b5c9fc2e,UA000010000000000000000000049,UAH,1351.02,**** **** **** 1049,ACTIVE,TRANSFER,8598.37,PENDING,2024-01-01T13:05:00,UA000010000000000000000000199,
CUST-1052,Andrii Tkachuk,+380671000052,andrii.tkachuk52@example.com,f511f615cd867553edd2fc66f4dc34441851f699cc1457f767c5ec0bad8cd250,UA000010000000000000000000106,EUR,86288.0,**** **** **** 1106,BLOCKED,TRANSFER,4806.74,COMPLETED,2024-01-01T13:12:00,UA000010000000000000000000181,
CUST-1048,Iryna Melnyk,+380671000048,iryna.melnyk48@example.com,ffe4daf45af0e803fbe1fba2de5c7f7644f30b71ddb082100779d7884e0291c2,UA000010000000000000000000098,USD,25154.46,**** **** **** 1098,ACTIVE,BILL_PAYMENT,14826.79,FAILED,2024-01-01T13:19:00,,BILL-50037
CUST-1019,Kateryna Tkachenko,+380671000019,kateryna.tkachenko19@example.com,871431053023291d24b403f1f9d761c6f01b3050a0a83cd9d9759a970f8d4d92,UA000010000000000000000000039,USD,83540.75,**** **** **** 1039,BLOCKED,BILL_PAYMENT,14474.13,PENDING,2024-01-01T13:26:00,,BILL-50038
CUST-1064,Andrii Bondarenko,+380671000064,andrii.bondarenko64@example.com,51031e17ce0a58242bf97f01a2883d077c6dd21f22674ee500dbfb60228851e7,UA000010000000000000000000129,USD,34412.55,**** **** **** 1129,BLOCKED,BILL_PAYMENT,13052.02,COMPLETED,2024-01-01T13:33:00,,BILL-50039
CUST-1012,Andrii Shevchenko,+380671000012,andrii.shevchenko12@example.com,fdac810d0c09f25c5ddcee9976ab1f1ae1973dba7c65152d95b0937bc2a6c883,UA000010000000000000000000026,UAH,7783.61,**** **** **** 1026,ACTIVE,BILL_PAYMENT,279.45,PENDING,2024-01-01T13:40:00,,BILL-50040
CUST-1052,Andrii Tkachuk,+380671000052,andrii.tkachuk52@example.com,f511f615cd867553edd2fc66f4dc34441851f699cc1457f767c5ec0bad8cd250,UA000010000000000000000000105,EUR,45145.45,**** **** **** 1105,ACTIVE,TRANSFER,1168.68,COMPLETED,2024-01-01T13:47:00,UA000010000000000000000000087,
CUST-1079,Kateryna Melnyk,+380671000079,kateryna.melnyk79@example.com,f46c534ea1cb330122334be00303592a10bcbbc238d1b11e1b498d4486d13755,UA000010000000000000000000160,USD,3841.3,**** **** **** 1160,BLOCKED,BILL_PAYMENT,9765.06,COMPLETED,2024-01-01T13:54:00,,BILL-50042
CUST-1086,Maksym Koval,+380671000086,maksym.koval86@example.com,3c0c8e2f0527574ed275f4fc831af606b283370490f9c39c7389fb5d16dd6ac8,UA000010000000000000000000173,USD,25888.96,**** **** **** 1173,ACTIVE,BILL_PAYMENT,14314.39,FAILED,2024-01-01T14:01:00,,BILL-50043
CUST-1091,Andrii Melnyk,+380671000091,andrii.melnyk91@example.com,7f6ceca338f7fe1bb409870c95cbf5009115df953af77a91ef912a11cf6423c7,UA000010000000000000000000184,UAH,87399.25,**** **** **** 1184,BLOCKED,BILL_PAYMENT,13092.13,PENDING,2024-01-01T14:08:00,,BILL-50044
CUST-1079,Kateryna Melnyk,+380671000079,kateryna.melnyk79@example.com,f46c534ea1cb330122334be00303592a10bcbbc238d1b11e1b498d4486d13755,UA000010000000000000000000159,USD,57415.11,**** **** **** 1159,BLOCKED,TRANSFER,3559.82,FAILED,2024-01-01T14:15:00,UA000010000000000000000000074,
CUST-1029,Olena Koval,+380671000029,olena.koval29@example.com,53f6f072e26d36b9e55d5dc828872856d5286f18ce3818d367f9e4473e464a66,UA000010000000000000000000059,EUR,75198.28,**** **** **** 1059,ACTIVE,TRANSFER,6537.87,PENDING,2024-01-01T14:22:00,UA000010000000000000000000195,
CUST-1081,Kateryna Tkachenko,+380671000081,kateryna.tkachenko81@example.com,7137bc5132a11c4937a830c4f594a551b18d0764f66f8478de3db48377f2b611,UA000010000000000000000000163,EUR,2004.96,**** **** **** 1163,ACTIVE,TRANSFER,6682.99,FAILED,2024-01-01T14:29:00,UA000010000000000000000000077,
CUST-1003,Olena Tkachuk,+380671000003,olena.tkachuk3@example.com,3acb59306ef6e660cf832d1d34c4fba3d88d616f0bb5c2a9e0f82d18ef6fc167,UA000010000000000000000000008,EUR,6362.95,**** **** **** 1008,ACTIVE,TRANSFER,4899.4,PENDING,2024-01-01T14:36:00,UA000010000000000000000000076,
CUST-1045,Andrii Shevchenko,+380671000045,andrii.shevchenko45@example.com,64bf83fcf172a284e3db6b4cc76bb175184ee9dd57e77f0421e3e401ea3858e0,UA000010000000000000000000092,UAH,82023.92,**** **** **** 1092,ACTIVE,BILL_PAYMENT,6488.77,PENDING,2024-01-01T14:43:00,,BILL-50049
CUST-1067,Andrii Tkachuk,+380671000067,andrii.tkachuk67@example.com,8a110e75a8142ab756babe02160548ed6c254ae3fd931b297aa4edba91065732,UA000010000000000000000000136,EUR,16085.85,**** **** **** 1136,ACTIVE,BILL_PAYMENT,8510.62,PENDING,2024-01-01T14:50:00,,BILL-50050
CUST-1021,Iryna Bondarenko,+380671000021,iryna.bondarenko21@example.com,2d6b3bb57cb9e22fa36516172ef096b30ae00d08eedc1499c599b6269975521d,UA000010000000000000000000044,EUR,55769.14,**** **** **** 1044,BLOCKED,TRANSFER,1230.58,COMPLETED,2024-01-01T14:57:00,UA000010000000000000000000159,
CUST-1087,Iryna Bondarenko,+380671000087,iryna.bondarenko87@example.com,4a2efe616f41f27f583d7e1e628a7b019f2b2603677ae0216d14559eefb83975,UA000010000000000000000000175,EUR,54050.53,**** **** **** 1175,ACTIVE,TRANSFER,7490.13,FAILED,2024-01-01T15:04:00,UA000010000000000000000000037,
CUST-1029,Olena Koval,+380671000029,olena.koval29@example.com,53f6f072e26d36b9e55d5dc828872856d5286f18ce3818d367f9e4473e464a66,UA000010000000000000000000060,UAH,97644.4,**** **** **** 1060,ACTIVE,BILL_PAYMENT,9586.67,COMPLETED,2024-01-01T15:11:00,,BILL-50053
CUST-1032,Kateryna Koval,+380671000032,kateryna.koval32@example.com,451a8149ebd58dbd064e3337c6de5d4f4bb08cd70bbbd48d62a205bd706b6bb0,UA000010000000000000000000066,USD,31213.9,**** **** **** 1066,ACTIVE,TRANSFER,13488.68,COMPLETED,2024-01-01T15:18:00,UA000010000000000000000000074,
CUST-1086,Maksym Koval,+380671000086,maksym.koval86@example.com,3c0c8e2f0527574ed275f4fc831af606b283370490f9c39c7389fb5d16dd6ac8,UA000010000000000000000000174,EUR,20065.85,**** **** **** 1174,ACTIVE,TRANSFER,1154.24,COMPLETED,2024-01-01T15:25:00,UA000010000000000000000000151,
CUST-1038,Sofiia Koval,+380671000038,sofiia.koval38@example.com,b64171fda74426604480b9bf7c10ccdc2ebc80266c8667c42346f54ce87d4dec,UA000010000000000000000000077,USD,5394.27,**** **** **** 1077,BLOCKED,BILL_PAYMENT,10370.19,COMPLETED,2024-01-01T15:32:00,,BILL-50056
CUST-1038,Sofiia Koval,+380671000038,sofiia.koval38@example.com,b64171fda74426604480b9bf7c10ccdc2ebc80266c8667c42346f54ce87d4dec,UA000010000000000000000000078,UAH,52472.11,**** **** **** 1078,ACTIVE,TRANSFER,14990.63,COMPLETED,2024-01-01T15:39:00,UA000010000000000000000000028,
CUST-1030,Olena Melnyk,+380671000030,olena.melnyk30@example.com,85fcbe6bf830f23209ea6a932921e8da31a653a24a20cb84e75c4997e505690b,UA000010000000000000000000061,USD,3453.85,**** **** **** 1061,BLOCKED,BILL_PAYMENT,8600.24,FAILED,2024-01-01T15:46:00,,BILL-50058
CUST-1037,Maksym Bondarenko,+380671000037,maksym.bondarenko37@example.com,1a31ac086ebf1341c916929e6d982767cd8568887d7c930ba8abd062afa08eac,UA000010000000000000000000076,USD,90050.97,**** **** **** 1076,ACTIVE,BILL_PAYMENT,378.0,FAILED,2024-01-01T15:53:00,,BILL-50059
CUST-1050,Andrii Koval,+380671000050,andrii.koval50@example.com,be46e03449534372e45f1abf511f78148625cf11d99f2f550e2f32b3a551dfb6,UA000010000000000000000000102,USD,14200.57,**** **** **** 1102,BLOCKED,BILL_PAYMENT,171.06,FAILED,2024-01-01T16:00:00,,BILL-50060
CUST-1099,Olena Tkachuk,+380671000099,olena.tkachuk99@example.com,ab2f50fe825bc3a9a8b649f173af23be3a052db9b410fcb0127e50ae9c356ba7,UA000010000000000000000000200,USD,4231.35,**** **** **** 1200,BLOCKED,TRANSFER,13663.72,FAILED,2024-01-01T16:07:00,UA000010000000000000000000128,
CUST-1036,Olena Bondarenko,+380671000036,olena.bondarenko36@example.com,133f8a05107e5442771c85da3dec70050ae5f3273849326b4a4e2ceaab2ef058,UA000010000000000000000000074,USD,73125.96,**** **** **** 1074,BLOCKED,TRANSFER,9125.62,COMPLETED,2024-01-01T16:14:00,UA000010000000000000000000057,
CUST-1081,Kateryna Tkachenko,+380671000081,kateryna.tkachenko81@example.com,7137bc5132a11c4937a830c4f594a551b18d0764f66f8478de3db48377f2b611,UA000010000000000000000000163,EUR,2004.96,**** **** **** 1163,ACTIVE,TRANSFER,9332.32,FAILED,2024-01-01T16:21:00,UA000010000000000000000000194,
CUST-1092,Kateryna Melnyk,+380671000092,kateryna.melnyk92@example.com,905026a6ddab21a9d1dca17cc4f47b843eccd1c4806f7f3c59b88cdac12e339f,UA000010000000000000000000185,USD,48392.71,**** **** **** 1185,BLOCKED,TRANSFER,9442.31,FAILED,2024-01-01T16:28:00,UA000010000000000000000000166,
CUST-1005,Dmytro Shevchenko,+380671000005,dmytro.shevchenko5@example.com,0eeac8171768d0cdef3a20fee6db4362d019c91e10662a6b55186336e1a42778,UA000010000000000000000000011,EUR,45412.74,**** **** **** 1011,BLOCKED,BILL_PAYMENT,11839.73,PENDING,2024-01-01T16:35:00,,BILL-50065
CUST-1074,Olena Tkachuk,+380671000074,olena.tkachuk74@example.com,efacf97ed63d8d618e5c1f03e2fbd3656ed4c97ba04abf6db791534b425641c2,UA000010000000000000000000149,UAH,51090.12,**** **** **** 1149,BLOCKED,BILL_PAYMENT,10998.78,PENDING,2024-01-01T16:42:00,,BILL-50066
CUST-1037,Maksym Bondarenko,+380671000037,maksym.bondarenko37@example.com,1a31ac086ebf1341c916929e6d982767cd8568887d7c930ba8abd062afa08eac,UA000010000000000000000000076,USD,90050.97,**** **** **** 1076,ACTIVE,BILL_PAYMENT,11224.84,PENDING,2024-01-01T16:49:00,,BILL-50067
CUST-1025,Kateryna Bondarenko,+380671000025,kateryna.bondarenko25@example.com,0028e1c0d2c60966390545414567d33bca9f0165fece6d0109c59a3f29b5fdd0,UA000010000000000000000000052,EUR,1957.3,**** **** **** 1052,ACTIVE,TRANSFER,11808.37,COMPLETED,2024-01-01T16:56:00,UA000010000000000000000000136,
CUST-1064,Andrii Bondarenko,+380671000064,andrii.bondarenko64@example.com,51031e17ce0a58242bf97f01a2883d077c6dd21f22674ee500dbfb60228851e7,UA000010000000000000000000129,USD,34412.55,**** **** **** 1129,BLOCKED,BILL_PAYMENT,12465.57,COMPLETED,2024-01-01T17:03:00,,BILL-50069
CUST-1061,Olena Melnyk,+380671000061,olena.melnyk61@example.com,da3df0f1c138cc7b9e79e218587a605e12b7a9b9ac24e1287da5ed056cf10c22,UA000010000000000000000000124,UAH,98091.48,**** **** **** 1124,ACTIVE,BILL_PAYMENT,11211.06,COMPLETED,2024-01-01T17:10:00,,BILL-50070
CUST-1014,Dmytro Tkachenko,+380671000014,dmytro.tkachenko14@example.com,b78f24953963ac5ed773d6ec83120e3b1a65510201dc09ed2ed9e9781ba88870,UA000010000000000000000000030,USD,66079.94,**** **** **** 1030,BLOCKED,BILL_PAYMENT,14445.25,PENDING,2024-01-01T17:17:00,,BILL-50071
CUST-1096,Ivan Bondarenko,+380671000096,ivan.bondarenko96@example.com,38ee64c8e2536e41e2543266f6a5216747b24c8b8ada7d5f7cfba8b1e80752fb,UA000010000000000000000000194,USD,57294.32,**** **** **** 1194,ACTIVE,TRANSFER,12909.1,FAILED,2024-01-01T17:24:00,UA000010000000000000000000173,
CUST-1050,Andrii Koval,+380671000050,andrii.koval50@example.com,be46e03449534372e45f1abf511f78148625cf11d99f2f550e2f32b3a551dfb6,UA000010000000000000000000102,USD,14200.57,**** **** **** 1102,BLOCKED,BILL_PAYMENT,1400.03,COMPLETED,2024-01-01T17:31:00,,BILL-50073
CUST-1001,Andrii Koval,+380671000001,andrii.koval1@example.com,e6c3da5b206634d7f3f3586d747ffdb36b5c675757b380c6a5fe5c570c714349,UA000010000000000000000000004,UAH,54384.16,**** **** **** 1004,BLOCKED,BILL_PAYMENT,8071.76,COMPLETED,2024-01-01T17:38:00,,BILL-50074
CUST-1047,Kateryna Koval,+380671000047,kateryna.koval47@example.com,dbb70b94b6b192a1085e8056872daa4eb24002d47c82e88b1323f1a5882567ba,UA000010000000000000000000095,USD,61516.12,**** **** **** 1095,ACTIVE,BILL_PAYMENT,8789.17,FAILED,2024-01-01T17:45:00,,BILL-50075
CUST-1047,Kateryna Koval,+380671000047,kateryna.koval47@example.com,dbb70b94b6b192a1085e8056872daa4eb24002d47c82e88b1323f1a5882567ba,UA000010000000000000000000096,USD,42029.66,**** **** **** 1096,ACTIVE,TRANSFER,10138.81,COMPLETED,2024-01-01T17:52:00,UA000010000000000000000000007,
CUST-1079,Kateryna Melnyk,+380671000079,kateryna.melnyk79@example.com,f46c534ea1cb330122334be00303592a10bcbbc238d1b11e1b498d4486d13755,UA000010000000000000000000159,USD,57415.11,**** **** **** 1159,BLOCKED,BILL_PAYMENT,13733.08,PENDING,2024-01-01T17:59:00,,BILL-50077
CUST-1082,Sofiia Shevchenko,+380671000082,sofiia.shevchenko82@example.com,ca619acdadd8eb0f598c954031b5f359a2fbd4fe0179eb02acfeab2ad373c999,UA000010000000000000000000166,EUR,48133.22,**** **** **** 1166,BLOCKED,TRANSFER,9549.29,COMPLETED,2024-01-01T18:06:00,UA000010000000000000000000180,
CUST-1038,Sofiia Koval,+380671000038,sofiia.koval38@example.com,b64171fda74426604480b9bf7c10ccdc2ebc80266c8667c42346f54ce87d4dec,UA000010000000000000000000078,UAH,52472.11,**** **** **** 1078,ACTIVE,BILL_PAYMENT,1794.31,PENDING,2024-01-01T18:13:00,,BILL-50079
CUST-1004,Olena Bondarenko,+380671000004,olena.bondarenko4@example.com,a417b5dc3d06d15d91c6687e27fc1705ebc56b3b2d813abe03066e5643fe4e74,UA000010000000000000000000010,UAH,25616.98,**** **** **** 1010,ACTIVE,BILL_PAYMENT,14939.11,PENDING,2024-01-01T18:20:00,,BILL-50080
CUST-1012,Andrii Shevchenko,+380671000012,andrii.shevchenko12@example.com,fdac810d0c09f25c5ddcee9976ab1f1ae1973dba7c65152d95b0937bc2a6c883,UA000010000000000000000000025,UAH,96117.11,**** **** **** 1025,ACTIVE,TRANSFER,13314.53,PENDING,2024-01-01T18:27:00,UA000010000000000000000000100,
CUST-1058,Maksym Tkachuk,+380671000058,maksym.tkachuk58@example.com,daa7c4bc3f1506b52b2bcc7864db9a96aee3ec1a8a68b29c5db60de1f8a6918b,UA000010000000000000000000117,EUR,38657.72,**** **** **** 1117,ACTIVE,BILL_PAYMENT,10073.77,FAILED,2024-01-01T18:34:00,,BILL-50082
CUST-1089,Dmytro Koval,+380671000089,dmytro.koval89@example.com,9d57ee06aac896609727855add2cfc3d9c50cd545395974cdee219c91e29fd25,UA000010000000000000000000179,UAH,36727.23,**** **** **** 1179,BLOCKED,BILL_PAYMENT,8830.74,FAILED,2024-01-01T18:41:00,,BILL-50083
CUST-1019,Kateryna Tkachenko,+380671000019,kateryna.tkachenko19@example.com,871431053023291d24b403f1f9d761c6f01b3050a0a83cd9d9759a970f8d4d92,UA000010000000000000000000040,EUR,98401.48,**** **** **** 1040,ACTIVE,BILL_PAYMENT,9841.08,COMPLETED,2024-01-01T18:48:00,,BILL-50084
CUST-1078,Ivan Bondarenko,+380671000078,ivan.bondarenko78@example.com,70dfb731f9ecfb0c9015b28838281e2a3cde900a791c45532154ddb5a95ed31b,UA000010000000000000000000158,USD,88281.49,**** **** **** 1158,ACTIVE,BILL_PAYMENT,14088.84,COMPLETED,2024-01-01T18:55:00,,BILL-50085
CUST-1004,Olena Bondarenko,+380671000004,olena.bondarenko4@example.com,a417b5dc3d06d15d91c6687e27fc1705ebc56b3b2d813abe03066e5643fe4e74,UA000010000000000000000000009,UAH,40859.51,**** **** **** 1009,BLOCKED,BILL_PAYMENT,3298.18,COMPLETED,2024-01-01T19:02:00,,BILL-50086
CUST-1030,Olena Melnyk,+380671000030,olena.melnyk30@example.com,85fcbe6bf830f23209ea6a932921e8da31a653a24a20cb84e75c4997e505690b,UA000010000000000000000000061,USD,3453.85,**** **** **** 1061,BLOCKED,BILL_PAYMENT,1535.35,FAILED,2024-01-01T19:09:00,,BILL-50087
CUST-1047,Kateryna Koval,+380671000047,kateryna.koval47@example.com,dbb70b94b6b192a1085e8056872daa4eb24002d47c82e88b1323f1a5882567ba,UA000010000000000000000000095,USD,61516.12,**** **** **** 1095,ACTIVE,BILL_PAYMENT,955.22,COMPLETED,2024-01-01T19:16:00,,BILL-50088
CUST-1024,Andrii Tkachuk,+380671000024,andrii.tkachuk24@example.com,cafdc894eacc597ad76db1a750ccb876d4ed69c73b7d3d23f5e3a9e3b5c9fc2e,UA000010000000000000000000049,UAH,1351.02,**** **** **** 1049,ACTIVE,TRANSFER,14237.71,COMPLETED,2024-01-01T19:23:00,UA000010000000000000000000024,
CUST-1084,Olena Shevchenko,+380671000084,olena.shevchenko84@example.com,11ee91bdbb90b967d18e45226bd3bc17d72a85a4486315b3568d070722445fe1,UA000010000000000000000000170,USD,55793.82,**** **** **** 1170,BLOCKED,TRANSFER,9643.48,FAILED,2024-01-01T19:30:00,UA000010000000000000000000006,
CUST-1006,Ivan Shevchenko,+380671000006,ivan.shevchenko6@example.com,5c4950c94a3461441c356afa783f76b83b38fd65f730f291403efbcc798acc1f,UA000010000000000000000000013,UAH,44869.94,**** **** **** 1013,ACTIVE,BILL_PAYMENT,3691.36,PENDING,2024-01-01T19:37:00,,BILL-50091
CUST-1072,Andrii Bondarenko,+380671000072,andrii.bondarenko72@example.com,79db1e22563af60be55a3717827926b76139d2428cbe693eba1643c2798e048d,UA000010000000000000000000145,UAH,70022.11,**** **** **** 1145,BLOCKED,TRANSFER,1075.72,FAILED,2024-01-01T19:44:00,UA000010000000000000000000054,
CUST-1075,Andrii Tkachuk,+380671000075,andrii.tkachuk75@example.com,aaa88f12093ddca8064cdb97bf7635d7cd82c94d264121133f79f24e9b645bf1,UA000010000000000000000000151,UAH,43918.82,**** **** **** 1151,BLOCKED,TRANSFER,12205.14,PENDING,2024-01-01T19:51:00,UA000010000000000000000000085,
CUST-1099,Olena Tkachuk,+380671000099,olena.tkachuk99@example.com,ab2f50fe825bc3a9a8b649f173af23be3a052db9b410fcb0127e50ae9c356ba7,UA000010000000000000000000199,UAH,41443.24,**** **** **** 1199,BLOCKED,TRANSFER,11840.22,FAILED,2024-01-01T19:58:00,UA000010000000000000000000001,
CUST-1035,Andrii Tkachuk,+380671000035,andrii.tkachuk35@example.com,5a66c7ba1398dd71c92a77cc7647c4183e6bf97b227e441bb2674a319b184e63,UA000010000000000000000000071,UAH,12418.83,**** **** **** 1071,BLOCKED,TRANSFER,14813.53,FAILED,2024-01-01T20:05:00,UA000010000000000000000000065,
CUST-1022,Olena Melnyk,+380671000022,olena.melnyk22@example.com,d0f82756c4d40d20e1fdbc90cf4da4adff02fe23b355687525880514642f764e,UA000010000000000000000000045,USD,60878.15,**** **** **** 1045,BLOCKED,TRANSFER,9932.81,PENDING,2024-01-01T20:12:00,UA000010000000000000000000034,
CUST-1001,Andrii Koval,+380671000001,andrii.koval1@example.com,e6c3da5b206634d7f3f3586d747ffdb36b5c675757b380c6a5fe5c570c714349,UA000010000000000000000000004,UAH,54384.16,**** **** **** 1004,BLOCKED,BILL_PAYMENT,11860.27,PENDING,2024-01-01T20:19:00,,BILL-50097
CUST-1075,Andrii Tkachuk,+380671000075,andrii.tkachuk75@example.com,aaa88f12093ddca8064cdb97bf7635d7cd82c94d264121133f79f24e9b645bf1,UA000010000000000000000000151,UAH,43918.82,**** **** **** 1151,BLOCKED,BILL_PAYMENT,285.93,COMPLETED,2024-01-01T20:26:00,,BILL-50098
CUST-1006,Ivan Shevchenko,+380671000006,ivan.shevchenko6@example.com,5c4950c94a3461441c356afa783f76b83b38fd65f730f291403efbcc798acc1f,UA000010000000000000000000014,UAH,65562.34,**** **** **** 1014,ACTIVE,TRANSFER,11138.68,FAILED,2024-01-01T20:33:00,UA000010000000000000000000030,
CUST-1095,Olena Tkachenko,+380671000095,olena.tkachenko95@example.com,b3f20ff60a6e1eda26f8c412e7173c7ee7f5b3a1124b87a38d3deb63274c1a61,UA000010000000000000000000191,EUR,76679.9,**** **** **** 1191,ACTIVE,TRANSFER,7169.88,COMPLETED,2024-01-01T20:40:00,UA000010000000000000000000132,
CUST-1075,Andrii Tkachuk,+380671000075,andrii.tkachuk75@example.com,aaa88f12093ddca8064cdb97bf7635d7cd82c94d264121133f79f24e9b645bf1,UA000010000000000000000000152,EUR,89265.93,**** **** **** 1152,BLOCKED,TRANSFER,6807.48,PENDING,2024-01-01T20:47:00,UA000010000000000000000000158,
CUST-1005,Dmytro Shevchenko,+380671000005,dmytro.shevchenko5@example.com,0eeac8171768d0cdef3a20fee6db4362d019c91e10662a6b55186336e1a42778,UA000010000000000000000000012,UAH,28575.97,**** **** **** 1012,ACTIVE,BILL_PAYMENT,6897.74,PENDING,2024-01-01T20:54:00,,BILL-50102
CUST-1007,Sofiia Koval,+380671000007,sofiia.koval7@example.com,1526f5e0e31d42fe1c3664ce923ac22ac1333417a90b32043797ac454cd03112,UA000010000000000000000000016,UAH,41234.99,**** **** **** 1016,BLOCKED,BILL_PAYMENT,12717.11,COMPLETED,2024-01-01T21:01:00,,BILL-50103
CUST-1087,Iryna Bondarenko,+380671000087,iryna.bondarenko87@example.com,4a2efe616f41f27f583d7e1e628a7b019f2b2603677ae0216d14559eefb83975,UA000010000000000000000000176,UAH,22422.08,**** **** **** 1176,BLOCKED,TRANSFER,7379.52,COMPLETED,2024-01-01T21:08:00,UA000010000000000000000000019,
CUST-1010,Dmytro Koval,+380671000010,dmytro.koval10@example.com,b35892cb8b089e03e4420b94df688122a2b76d4ad0f8b94ad20808bb029e48a5,UA000010000000000000000000021,UAH,19799.89,**** **** **** 1021,ACTIVE,BILL_PAYMENT,9144.05,PENDING,2024-01-01T21:15:00,,BILL-50105
CUST-1016,Sofiia Tkachenko,+380671000016,sofiia.tkachenko16@example.com,f0c28ba3fd9e0dcdcd0470acfcb98cc5a58d7d93422dbbefb930455ef714c87d,UA000010000000000000000000033,EUR,64904.58,**** **** **** 1033,BLOCKED,BILL_PAYMENT,9383.55,FAILED,2024-01-01T21:22:00,,BILL-50106
CUST-1070,Maksym Melnyk,+380671000070,maksym.melnyk70@example.com,44b6dadf9835ff29d5342da14dfaf76e3d828081a1704b131baa355f950e6047,UA000010000000000000000000141,EUR,3542.16,**** **** **** 1141,BLOCKED,BILL_PAYMENT,5744.52,FAILED,2024-01-01T21:29:00,,BILL-50107
CUST-1067,Andrii Tkachuk,+380671000067,andrii.tkachuk67@example.com,8a110e75a8142ab756babe02160548ed6c254ae3fd931b297aa4edba91065732,UA000010000000000000000000136,EUR,16085.85,**** **** **** 1136,ACTIVE,BILL_PAYMENT,6833.05,FAILED,2024-01-01T21:36:00,,BILL-50108
CUST-1055,Sofiia Koval,+380671000055,sofiia.koval55@example.com,d6f7adababfd90706cc787591cdaf547f91d53abcb9008a180d90fc3d4f651e2,UA000010000000000000000000111,EUR,8977.19,**** **** **** 1111,ACTIVE,TRANSFER,11906.79,PENDING,2024-01-01T21:43:00,UA000010000000000000000000168,
CUST-1083,Sofiia Bondarenko,+380671000083,sofiia.bondarenko83@example.com,dd76076f40644e9e57f7459bfc37b2ef8b7084bda5a3127c24a62c86dd45eb0b,UA000010000000000000000000167,USD,79500.35,**** **** **** 1167,ACTIVE,TRANSFER,6479.55,PENDING,2024-01-01T21:50:00,UA000010000000000000000000106,
CUST-1043,Sofiia Shevchenko,+380671000043,sofiia.shevchenko43@example.com,db9aa0719dbf5cac40e44b268042014e9bc28b4134df9051a35f8c64f6603b6f,UA000010000000000000000000087,EUR,83538.79,**** **** **** 1087,BLOCKED,BILL_PAYMENT,6011.02,FAILED,2024-01-01T21:57:00,,BILL-50111
CUST-1012,Andrii Shevchenko,+380671000012,andrii.shevchenko12@example.com,fdac810d0c09f25c5ddcee9976ab1f1ae1973dba7c65152d95b0937bc2a6c883,UA000010000000000000000000025,UAH,96117.11,**** **** **** 1025,ACTIVE,BILL_PAYMENT,6430.12,FAILED,2024-01-01T22:04:00,,BILL-50112
CUST-1032,Kateryna Koval,+380671000032,kateryna.koval32@example.com,451a8149ebd58dbd064e3337c6de5d4f4bb08cd70bbbd48d62a205bd706b6bb0,UA000010000000000000000000066,USD,31213.9,**** **** **** 1066,ACTIVE,BILL_PAYMENT,14306.21,FAILED,2024-01-01T22:11:00,,BILL-50113
CUST-1060,Dmytro Bondarenko,+380671000060,dmytro.bondarenko60@example.com,598ed9422e3d9c328f48cafc2c66a66a3d393b64290f7741d60e6e22c03ca031,UA000010000000000000000000122,EUR,68235.05,**** **** **** 1122,BLOCKED,TRANSFER,1413.81,PENDING,2024-01-01T22:18:00,UA000010000000000000000000024,
CUST-1055,Sofiia Koval,+380671000055,sofiia.koval55@example.com,d6f7adababfd90706cc787591cdaf547f91d53abcb9008a180d90fc3d4f651e2,UA000010000000000000000000111,EUR,8977.19,**** **** **** 1111,ACTIVE,TRANSFER,11181.61,COMPLETED,2024-01-01T22:25:00,UA000010000000000000000000034,
CUST-1071,Ivan Tkachuk,+380671000071,ivan.tkachuk71@example.com,a06afaf373a81a1bcd1641fdd0f8b9c2c0d7104171abafbd80d11e933a9c6a13,UA000010000000000000000000143,USD,94205.59,**** **** **** 1143,ACTIVE,TRANSFER,8817.65,FAILED,2024-01-01T22:32:00,UA000010000000000000000000144,
CUST-1042,Kateryna Shevchenko,+380671000042,kateryna.shevchenko42@example.com,de3543c757d459090b9adaf9a80a54d54724a0f1600d4c77d6017dde58cf1189,UA000010000000000000000000085,EUR,75065.32,**** **** **** 1085,ACTIVE,TRANSFER,6191.59,FAILED,2024-01-01T22:39:00,UA000010000000000000000000193,
CUST-1054,Dmytro Tkachenko,+380671000054,dmytro.tkachenko54@example.com,db383db8666c1c7f372e49b801a0405e0dd4193ab772163521b16e78879fa334,UA000010000000000000000000109,USD,44547.39,**** **** **** 1109,BLOCKED,TRANSFER,14527.56,FAILED,2024-01-01T22:46:00,UA000010000000000000000000080,
CUST-1045,Andrii Shevchenko,+380671000045,andrii.shevchenko45@example.com,64bf83fcf172a284e3db6b4cc76bb175184ee9dd57e77f0421e3e401ea3858e0,UA000010000000000000000000091,EUR,9394.76,**** **** **** 1091,BLOCKED,TRANSFER,8689.88,PENDING,2024-01-01T22:53:00,UA000010000000000000000000040,
CUST-1084,Olena Shevchenko,+380671000084,olena.shevchenko84@example.com,11ee91bdbb90b967d18e45226bd3bc17d72a85a4486315b3568d070722445fe1,UA000010000000000000000000169,USD,66732.04,**** **** **** 1169,BLOCKED,BILL_PAYMENT,3402.46,PENDING,2024-01-01T23:00:00,,BILL-50120
CUST-1044,Kateryna Melnyk,+380671000044,kateryna.melnyk44@example.com,147eb7dd0f4c59120be8adb20f9dc4d4a0ccb27a0d48d7546dfa171dd980f075,UA000010000000000000000000090,EUR,47845.43,**** **** **** 1090,ACTIVE,BILL_PAYMENT,1767.54,COMPLETED,2024-01-01T23:07:00,,BILL-50121
CUST-1073,Maksym Bondarenko,+380671000073,maksym.bondarenko73@example.com,25ac9b17f8113ceda4e3b18b639ac0c5821fa6cf61e31a4b2cafec4573b89522,UA000010000000000000000000147,EUR,78480.9,**** **** **** 1147,BLOCKED,TRANSFER,12117.96,FAILED,2024-01-01T23:14:00,UA000010000000000000000000197,
CUST-1079,Kateryna Melnyk,+380671000079,kateryna.melnyk79@example.com,f46c534ea1cb330122334be00303592a10bcbbc238d1b11e1b498d4486d13755,UA000010000000000000000000160,USD,3841.3,**** **** **** 1160,BLOCKED,TRANSFER,9154.47,FAILED,2024-01-01T23:21:00,UA000010000000000000000000178,
CUST-1034,Sofiia Tkachuk,+380671000034,sofiia.tkachuk34@example.com,94cd5db06baf087fd56c0042adc1deb162d271acfb8b3eb0277069517998d489,UA000010000000000000000000069,USD,35763.47,**** **** **** 1069,BLOCKED,TRANSFER,2747.22,FAILED,2024-01-01T23:28:00,UA000010000000000000000000196,
CUST-1039,Iryna Melnyk,+380671000039,iryna.melnyk39@example.com,099646084abbbc2c403c480bea87e7de23ce18db73a3e28251effef3ed49f1ea,UA000010000000000000000000080,EUR,32077.65,**** **** **** 1080,ACTIVE,BILL_PAYMENT,5297.8,PENDING,2024-01-01T23:35:00,,BILL-50125
CUST-1018,Dmytro Shevchenko,+380671000018,dmytro.shevchenko18@example.com,b99ddd77e59c96b13b64b3abe1902db4c0a76dabf8622aa6c71f8f5670be6625,UA000010000000000000000000037,UAH,93392.68,**** **** **** 1037,ACTIVE,BILL_PAYMENT,1090.3,FAILED,2024-01-01T23:42:00,,BILL-50126
CUST-1081,Kateryna Tkachenko,+380671000081,kateryna.tkachenko81@example.com,7137bc5132a11c4937a830c4f594a551b18d0764f66f8478de3db48377f2b611,UA000010000000000000000000163,EUR,2004.96,**** **** **** 1163,ACTIVE,TRANSFER,1421.78,FAILED,2024-01-01T23:49:00,UA000010000000000000000000056,
CUST-1048,Iryna Melnyk,+380671000048,iryna.melnyk48@example.com,ffe4daf45af0e803fbe1fba2de5c7f7644f30b71ddb082100779d7884e0291c2,UA000010000000000000000000097,EUR,69939.07,**** **** **** 1097,BLOCKED,BILL_PAYMENT,6832.0,PENDING,2024-01-01T23:56:00,,BILL-50128
CUST-1047,Kateryna Koval,+380671000047,kateryna.koval47@example.com,dbb70b94b6b192a1085e8056872daa4eb24002d47c82e88b1323f1a5882567ba,UA000010000000000000000000095,USD,61516.12,**** **** **** 1095,ACTIVE,BILL_PAYMENT,10837.86,FAILED,2024-01-02T00:03:00,,BILL-50129
CUST-1076,Sofiia Koval,+380671000076,sofiia.koval76@example.com,55e315face2c7bcfc4b1d43be3a863e3bbb565ad3dafe30a9dd45b51b190be9d,UA000010000000000000000000153,EUR,16146.12,**** **** **** 1153,ACTIVE,TRANSFER,13255.97,PENDING,2024-01-02T00:10:00,UA000010000000000000000000041,
CUST-1096,Ivan Bondarenko,+380671000096,ivan.bondarenko96@example.com,38ee64c8e2536e41e2543266f6a5216747b24c8b8ada7d5f7cfba8b1e80752fb,UA000010000000000000000000194,USD,57294.32,**** **** **** 1194,ACTIVE,TRANSFER,10125.83,COMPLETED,2024-01-02T00:17:00,UA000010000000000000000000114,
CUST-1084,Olena Shevchenko,+380671000084,olena.shevchenko84@example.com,11ee91bdbb90b967d18e45226bd3bc17d72a85a4486315b3568d070722445fe1,UA000010000000000000000000170,USD,55793.82,**** **** **** 1170,BLOCKED,BILL_PAYMENT,7310.64,COMPLETED,2024-01-02T00:24:00,,BILL-50132
CUST-1053,Dmytro Bondarenko,+380671000053,dmytro.bondarenko53@example.com,f75b853a4521962ca5d349e4ca4cb69dce2dbfef61731cb9d14f1f2f1b6499fe,UA000010000000000000000000107,USD,75425.9,**** **** **** 1107,BLOCKED,BILL_PAYMENT,3272.76,FAILED,2024-01-02T00:31:00,,BILL-50133
CUST-1014,Dmytro Tkachenko,+380671000014,dmytro.tkachenko14@example.com,b78f24953963ac5ed773d6ec83120e3b1a65510201dc09ed2ed9e9781ba88870,UA000010000000000000000000030,USD,66079.94,**** **** **** 1030,BLOCKED,BILL_PAYMENT,6477.21,COMPLETED,2024-01-02T00:38:00,,BILL-50134
CUST-1086,Maksym Koval,+380671000086,maksym.koval86@example.com,3c0c8e2f0527574ed275f4fc831af606b283370490f9c39c7389fb5d16dd6ac8,UA000010000000000000000000174,EUR,20065.85,**** **** **** 1174,ACTIVE,BILL_PAYMENT,7927.66,COMPLETED,2024-01-02T00:45:00,,BILL-50135
CUST-1005,Dmytro Shevchenko,+380671000005,dmytro.shevchenko5@example.com,0eeac8171768d0cdef3a20fee6db4362d019c91e10662a6b55186336e1a42778,UA000010000000000000000000012,UAH,28575.97,**** **** **** 1012,ACTIVE,TRANSFER,5959.19,FAILED,2024-01-02T00:52:00,UA000010000000000000000000015,
CUST-1000,Olena Shevchenko,+380671000000,olena.shevchenko0@example.com,cb71cd3f59909532b783257f5f97d0502af258231f9d17cbe762799c0bb4a0f6,UA000010000000000000000000002,UAH,86103.9,**** **** **** 1002,ACTIVE,TRANSFER,4556.22,PENDING,2024-01-02T00:59:00,UA000010000000000000000000197,
CUST-1017,Olena Shevchenko,+380671000017,olena.shevchenko17@example.com,4a6b7fa040bcfc734a113fee84d3789c0a626d70d029afad0d1c3e7b6c562e14,UA000010000000000000000000036,UAH,54225.81,**** **** **** 1036,BLOCKED,BILL_PAYMENT,4377.23,PENDING,2024-01-02T01:06:00,,BILL-50138
CUST-1000,Olena Shevchenko,+380671000000,olena.shevchenko0@example.com,cb71cd3f59909532b783257f5f97d0502af258231f9d17cbe762799c0bb4a0f6,UA000010000000000000000000002,UAH,86103.9,**** **** **** 1002,ACTIVE,BILL_PAYMENT,11217.86,PENDING,2024-01-02T01:13:00,,BILL-50139
CUST-1016,Sofiia Tkachenko,+380671000016,sofiia.tkachenko16@example.com,f0c28ba3fd9e0dcdcd0470acfcb98cc5a58d7d93422dbbefb930455ef714c87d,UA000010000000000000000000034,USD,92972.81,**** **** **** 1034,ACTIVE,BILL_PAYMENT,8012.11,PENDING,2024-01-02T01:20:00,,BILL-50140
CUST-1064,Andrii Bondarenko,+380671000064,andrii.bondarenko64@example.com,51031e17ce0a58242bf97f01a2883d077c6dd21f22674ee500dbfb60228851e7,UA000010000000000000000000129,USD,34412.55,**** **** **** 1129,BLOCKED,BILL_PAYMENT,1127.53,FAILED,2024-01-02T01:27:00,,BILL-50141
CUST-1005,Dmytro Shevchenko,+380671000005,dmytro.shevchenko5@example.com,0eeac8171768d0cdef3a20fee6db4362d019c91e10662a6b55186336e1a42778,UA000010000000000000000000011,EUR,45412.74,**** **** **** 1011,BLOCKED,BILL_PAYMENT,330.19,PENDING,2024-01-02T01:34:00,,BILL-50142
CUST-1040,Andrii Tkachuk,+380671000040,andrii.tkachuk40@example.com,d88a53cd8ffe65ab18d2c62882479559aa781642ce7a8d340b22fc0a637b0359,UA000010000000000000000000081,EUR,90104.64,**** **** **** 1081,BLOCKED,BILL_PAYMENT,8622.33,FAILED,2024-01-02T01:41:00,,BILL-50143
CUST-1081,Kateryna Tkachenko,+380671000081,kateryna.tkachenko81@example.com,7137bc5132a11c4937a830c4f594a551b18d0764f66f8478de3db48377f2b611,UA000010000000000000000000164,UAH,24894.25,**** **** **** 1164,BLOCKED,BILL_PAYMENT,4378.25,COMPLETED,2024-01-02T01:48:00,,BILL-50144
CUST-1002,Sofiia Koval,+380671000002,sofiia.koval2@example.com,1ba3d16e9881959f8c9a9762854f72c6e6321cdd44358a10a4e939033117eab9,UA000010000000000000000000006,UAH,10338.25,**** **** **** 1006,BLOCKED,BILL_PAYMENT,2619.5,FAILED,2024-01-02T01:55:00,,BILL-50145
CUST-1058,Maksym Tkachuk,+380671000058,maksym.tkachuk58@example.com,daa7c4bc3f1506b52b2bcc7864db9a96aee3ec1a8a68b29c5db60de1f8a6918b,UA000010000000000000000000118,USD,30562.65,**** **** **** 1118,BLOCKED,BILL_PAYMENT,1367.54,PENDING,2024-01-02T02:02:00,,BILL-50146
CUST-1031,Andrii Melnyk,+380671000031,andrii.melnyk31@example.com,3b3ad733c8571384c133694595c33d96c638b36f08a484bd0ad38bf312fdb294,UA000010000000000000000000063,USD,16760.59,**** **** **** 1063,ACTIVE,BILL_PAYMENT,8853.63,FAILED,2024-01-02T02:09:00,,BILL-50147
CUST-1010,Dmytro Koval,+380671000010,dmytro.koval10@example.com,b35892cb8b089e03e4420b94df688122a2b76d4ad0f8b94ad20808bb029e48a5,UA000010000000000000000000021,UAH,19799.89,**** **** **** 1021,ACTIVE,BILL_PAYMENT,13064.34,FAILED,2024-01-02T02:16:00,,BILL-50148
CUST-1043,Sofiia Shevchenko,+380671000043,sofiia.shevchenko43@example.com,db9aa0719dbf5cac40e44b268042014e9bc28b4134df9051a35f8c64f6603b6f,UA000010000000000000000000087,EUR,83538.79,**** **** **** 1087,BLOCKED,TRANSFER,5029.38,PENDING,2024-01-02T02:23:00,UA000010000000000000000000020,
CUST-1065,Ivan Tkachuk,+380671000065,ivan.tkachuk65@example.com,3c62426f46ebb414ff53540c6f1af32639c28b434126ae98b9f1651dd5e4fd4a,UA000010000000000000000000131,USD,83656.18,**** **** **** 1131,BLOCKED,TRANSFER,7982.54,PENDING,2024-01-02T02:30:00,UA000010000000000000000000199,
CUST-1044,Kateryna Melnyk,+380671000044,kateryna.melnyk44@example.com,147eb7dd0f4c59120be8adb20f9dc4d4a0ccb27a0d48d7546dfa171dd980f075,UA000010000000000000000000090,EUR,47845.43,**** **** **** 1090,ACTIVE,BILL_PAYMENT,10924.32,FAILED,2024-01-02T02:37:00,,BILL-50151
CUST-1018,Dmytro Shevchenko,+380671000018,dmytro.shevchenko18@example.com,b99ddd77e59c96b13b64b3abe1902db4c0a76dabf8622aa6c71f8f5670be6625,UA000010000000000000000000038,UAH,37583.18,**** **** **** 1038,ACTIVE,TRANSFER,1586.93,COMPLETED,2024-01-02T02:44:00,UA000010000000000000000000051,
CUST-1022,Olena Melnyk,+380671000022,olena.melnyk22@example.com,d0f82756c4d40d20e1fdbc90cf4da4adff02fe23b355687525880514642f764e,UA000010000000000000000000045,USD,60878.15,**** **** **** 1045,BLOCKED,TRANSFER,11415.22,FAILED,2024-01-02T02:51:00,UA000010000000000000000000020,
CUST-1022,Olena Melnyk,+380671000022,olena.melnyk22@example.com,d0f82756c4d40d20e1fdbc90cf4da4adff02fe23b355687525880514642f764e,UA000010000000000000000000046,UAH,69062.22,**** **** **** 1046,BLOCKED,BILL_PAYMENT,6986.1,FAILED,2024-01-02T02:58:00,,BILL-50154
CUST-1097,Sofiia Bondarenko,+380671000097,sofiia.bondarenko97@example.com,7f5106053c87018f57187a0a485dedacb2ef37f08f05ab2313f23217a9ee928b,UA000010000000000000000000195,EUR,96050.77,**** **** **** 1195,ACTIVE,BILL_PAYMENT,10232.95,FAILED,2024-01-02T03:05:00,,BILL-50155
CUST-1082,Sofiia Shevchenko,+380671000082,sofiia.shevchenko82@example.com,ca619acdadd8eb0f598c954031b5f359a2fbd4fe0179eb02acfeab2ad373c999,UA000010000000000000000000165,USD,55962.44,**** **** **** 1165,ACTIVE,BILL_PAYMENT,12970.49,FAILED,2024-01-02T03:12:00,,BILL-50156
CUST-1040,Andrii Tkachuk,+380671000040,andrii.tkachuk40@example.com,d88a53cd8ffe65ab18d2c62882479559aa781642ce7a8d340b22fc0a637b0359,UA000010000000000000000000081,EUR,90104.64,**** **** **** 1081,BLOCKED,TRANSFER,6624.45,COMPLETED,2024-01-02T03:19:00,UA000010000000000000000000114,
CUST-1080,Ivan Shevchenko,+380671000080,ivan.shevchenko80@example.com,a5276c24114971eceb4d5149894034741bcf22825b30c39942ff63007e031956,UA000010000000000000000000162,USD,34693.55,**** **** **** 1162,BLOCKED,BILL_PAYMENT,11955.13,FAILED,2024-01-02T03:26:00,,BILL-50158
CUST-1007,Sofiia Koval,+380671000007,sofiia.koval7@example.com,1526f5e0e31d42fe1c3664ce923ac22ac1333417a90b32043797ac454cd03112,UA000010000000000000000000015,UAH,92710.33,**** **** **** 1015,ACTIVE,BILL_PAYMENT,7634.69,COMPLETED,2024-01-02T03:33:00,,BILL-50159
CUST-1059,Maksym Tkachuk,+380671000059,maksym.tkachuk59@example.com,e5e0e771c99778aef6f0046adb86a3d3e3ede2c68f43aae6b4ee9d498709328b,UA000010000000000000000000119,USD,54283.84,**** **** **** 1119,ACTIVE,BILL_PAYMENT,612.23,COMPLETED,2024-01-02T03:40:00,,BILL-50160
CUST-1036,Olena Bondarenko,+380671000036,olena.bondarenko36@example.com,133f8a05107e5442771c85da3dec70050ae5f3273849326b4a4e2ceaab2ef058,UA000010000000000000000000074,USD,73125.96,**** **** **** 1074,BLOCKED,TRANSFER,9687.76,PENDING,2024-01-02T03:47:00,UA000010000000000000000000158,
CUST-1076,Sofiia Koval,+380671000076,sofiia.koval76@example.com,55e315face2c7bcfc4b1d43be3a863e3bbb565ad3dafe30a9dd45b51b190be9d,UA000010000000000000000000153,EUR,16146.12,**** **** **** 1153,ACTIVE,BILL_PAYMENT,6967.54,FAILED,2024-01-02T03:54:00,,BILL-50162
CUST-1094,Sofiia Koval,+380671000094,sofiia.koval94@example.com,3fdd6e2fcae488c7c7818992ad08249cd0f6576f6ff846bcecaa816e002cde3c,UA000010000000000000000000190,UAH,99397.89,**** **** **** 1190,ACTIVE,TRANSFER,6773.52,FAILED,2024-01-02T04:01:00,UA000010000000000000000000167,
CUST-1024,Andrii Tkachuk,+380671000024,andrii.tkachuk24@example.com,cafdc894eacc597ad76db1a750ccb876d4ed69c73b7d3d23f5e3a9e3b5c9fc2e,UA000010000000000000000000049,UAH,1351.02,**** **** **** 1049,ACTIVE,BILL_PAYMENT,9094.84,FAILED,2024-01-02T04:08:00,,BILL-50164
CUST-1019,Kateryna Tkachenko,+380671000019,kateryna.tkachenko19@example.com,871431053023291d24b403f1f9d761c6f01b3050a0a83cd9d9759a970f8d4d92,UA000010000000000000000000039,USD,83540.75,**** **** **** 1039,BLOCKED,TRANSFER,6785.32,COMPLETED,2024-01-02T04:15:00,UA000010000000000000000000183,
CUST-1010,Dmytro Koval,+380671000010,dmytro.koval10@example.com,b35892cb8b089e03e4420b94df688122a2b76d4ad0f8b94ad20808bb029e48a5,UA000010000000000000000000022,UAH,58338.85,**** **** **** 1022,ACTIVE,TRANSFER,635.17,FAILED,2024-01-02T04:22:00,UA000010000000000000000000113,
CUST-1056,Iryna Shevchenko,+380671000056,iryna.shevchenko56@example.com,bacb5d03bee1af445b7cc73ba8db52a7fc01d474327c87899831ffe3b4c3543b,UA000010000000000000000000113,EUR,22181.33,**** **** **** 1113,BLOCKED,TRANSFER,5490.27,COMPLETED,2024-01-02T04:29:00,UA000010000000000000000000100,
CUST-1052,Andrii Tkachuk,+380671000052,andrii.tkachuk52@example.com,f511f615cd867553edd2fc66f4dc34441851f699cc1457f767c5ec0bad8cd250,UA000010000000000000000000105,EUR,45145.45,**** **** **** 1105,ACTIVE,BILL_PAYMENT,10199.52,PENDING,2024-01-02T04:36:00,,BILL-50168
CUST-1080,Ivan Shevchenko,+380671000080,ivan.shevchenko80@example.com,a5276c24114971eceb4d5149894034741bcf22825b30c39942ff63007e031956,UA000010000000000000000000162,USD,34693.55,**** **** **** 1162,BLOCKED,BILL_PAYMENT,1035.38,PENDING,2024-01-02T04:43:00,,BILL-50169
CUST-1071,Ivan Tkachuk,+380671000071,ivan.tkachuk71@example.com,a06afaf373a81a1bcd1641fdd0f8b9c2c0d7104171abafbd80d11e933a9c6a13,UA000010000000000000000000143,USD,94205.59,**** **** **** 1143,ACTIVE,BILL_PAYMENT,4298.0,FAILED,2024-01-02T04:50:00,,BILL-50170
CUST-1084,Olena Shevchenko,+380671000084,olena.shevchenko84@example.com,11ee91bdbb90b967d18e45226bd3bc17d72a85a4486315b3568d070722445fe1,UA000010000000000000000000169,USD,66732.04,**** **** **** 1169,BLOCKED,TRANSFER,5033.76,FAILED,2024-01-02T04:57:00,UA000010000000000000000000170,
CUST-1018,Dmytro Shevchenko,+380671000018,dmytro.shevchenko18@example.com,b99ddd77e59c96b13b64b3abe1902db4c0a76dabf8622aa6c71f8f5670be6625,UA000010000000000000000000037,UAH,93392.68,**** **** **** 1037,ACTIVE,BILL_PAYMENT,4687.96,FAILED,2024-01-02T05:04:00,,BILL-50172
CUST-1089,Dmytro Koval,+380671000089,dmytro.koval89@example.com,9d57ee06aac896609727855add2cfc3d9c50cd545395974cdee219c91e29fd25,UA000010000000000000000000179,UAH,36727.23,**** **** **** 1179,BLOCKED,BILL_PAYMENT,1977.83,FAILED,2024-01-02T05:11:00,,BILL-50173
CUST-1010,Dmytro Koval,+380671000010,dmytro.koval10@example.com,b35892cb8b089e03e4420b94df688122a2b76d4ad0f8b94ad20808bb029e48a5,UA000010000000000000000000022,UAH,58338.85,**** **** **** 1022,ACTIVE,BILL_PAYMENT,8405.88,FAILED,2024-01-02T05:18:00,,BILL-50174
CUST-1042,Kateryna Shevchenko,+380671000042,kateryna.shevchenko42@example.com,de3543c757d459090b9adaf9a80a54d54724a0f1600d4c77d6017dde58cf1189,UA000010000000000000000000085,EUR,75065.32,**** **** **** 1085,ACTIVE,TRANSFER,10068.24,FAILED,2024-01-02T05:25:00,UA000010000000000000000000176,
CUST-1067,Andrii Tkachuk,+380671000067,andrii.tkachuk67@example.com,8a110e75a8142ab756babe02160548ed6c254ae3fd931b297aa4edba91065732,UA000010000000000000000000135,UAH,20736.71,**** **** **** 1135,ACTIVE,TRANSFER,9708.07,COMPLETED,2024-01-02T05:32:00,UA000010000000000000000000131,
CUST-1046,Sofiia Bondarenko,+380671000046,sofiia.bondarenko46@example.com,3f1b954c84d8216e09ae793664571dedb1e1bcc9a2bfdc2b6dc58db9a24fa7de,UA000010000000000000000000093,EUR,31731.53,**** **** **** 1093,ACTIVE,TRANSFER,5470.84,PENDING,2024-01-02T05:39:00,UA000010000000000000000000055,
CUST-1043,Sofiia Shevchenko,+380671000043,sofiia.shevchenko43@example.com,db9aa0719dbf5cac40e44b268042014e9bc28b4134df9051a35f8c64f6603b6f,UA000010000000000000000000088,USD,21808.09,**** **** **** 1088,BLOCKED,BILL_PAYMENT,2920.48,PENDING,2024-01-02T05:46:00,,BILL-50178
CUST-1019,Kateryna Tkachenko,+380671000019,kateryna.tkachenko19@example.com,871431053023291d24b403f1f9d761c6f01b3050a0a83cd9d9759a970f8d4d92,UA000010000000000000000000040,EUR,98401.48,**** **** **** 1040,ACTIVE,TRANSFER,4472.09,PENDING,2024-01-02T05:53:00,UA000010000000000000000000130,
CUST-1098,Sofiia Shevchenko,+380671000098,sofiia.shevchenko98@example.com,125e175312b42ca54475207f1ad47df9ac421dd758fcc5c2ab19ae31e451cc53,UA000010000000000000000000198,UAH,55647.23,**** **** **** 1198,ACTIVE,TRANSFER,9945.84,FAILED,2024-01-02T06:00:00,UA000010000000000000000000034,
CUST-1076,Sofiia Koval,+380671000076,sofiia.koval76@example.com,55e315face2c7bcfc4b1d43be3a863e3bbb565ad3dafe30a9dd45b51b190be9d,UA000010000000000000000000153,EUR,16146.12,**** **** **** 1153,ACTIVE,BILL_PAYMENT,2356.08,PENDING,2024-01-02T06:07:00,,BILL-50181
CUST-1088,Maksym Tkachenko,+380671000088,maksym.tkachenko88@example.com,1d45a36925bcb8f729f8f06ee0ec689f440cc6b08c3a0573ed12e10104e1e9a0,UA000010000000000000000000178,UAH,83430.21,**** **** **** 1178,BLOCKED,TRANSFER,10831.69,PENDING,2024-01-02T06:14:00,UA000010000000000000000000106,
CUST-1046,Sofiia Bondarenko,+380671000046,sofiia.bondarenko46@example.com,3f1b954c84d8216e09ae793664571dedb1e1bcc9a2bfdc2b6dc58db9a24fa7de,UA000010000000000000000000094,UAH,3418.11,**** **** **** 1094,ACTIVE,TRANSFER,14545.35,FAILED,2024-01-02T06:21:00,UA000010000000000000000000073,
CUST-1096,Ivan Bondarenko,+380671000096,ivan.bondarenko96@example.com,38ee64c8e2536e41e2543266f6a5216747b24c8b8ada7d5f7cfba8b1e80752fb,UA000010000000000000000000193,USD,86156.5,**** **** **** 1193,BLOCKED,BILL_PAYMENT,3548.34,PENDING,2024-01-02T06:28:00,,BILL-50184
CUST-1039,Iryna Melnyk,+380671000039,iryna.melnyk39@example.com,099646084abbbc2c403c480bea87e7de23ce18db73a3e28251effef3ed49f1ea,UA000010000000000000000000080,EUR,32077.65,**** **** **** 1080,ACTIVE,BILL_PAYMENT,13564.42,PENDING,2024-01-02T06:35:00,,BILL-50185
CUST-1047,Kateryna Koval,+380671000047,kateryna.koval47@example.com,dbb70b94b6b192a1085e8056872daa4eb24002d47c82e88b1323f1a5882567ba,UA000010000000000000000000095,USD,61516.12,**** **** **** 1095,ACTIVE,BILL_PAYMENT,6952.12,COMPLETED,2024-01-02T06:42:00,,BILL-50186
CUST-1099,Olena Tkachuk,+380671000099,olena.tkachuk99@example.com,ab2f50fe825bc3a9a8b649f173af23be3a052db9b410fcb0127e50ae9c356ba7,UA000010000000000000000000200,USD,4231.35,**** **** **** 1200,BLOCKED,BILL_PAYMENT,7568.46,COMPLETED,2024-01-02T06:49:00,,BILL-50187
CUST-1020,Andrii Shevchenko,+380671000020,andrii.shevchenko20@example.com,51d11024031a8951b4722671adfc8587538f5e5417206e7862e60752758a5c35,UA000010000000000000000000042,EUR,11255.06,**** **** **** 1042,ACTIVE,TRANSFER,12028.83,PENDING,2024-01-02T06:56:00,UA000010000000000000000000065,
CUST-1006,Ivan Shevchenko,+380671000006,ivan.shevchenko6@example.com,5c4950c94a3461441c356afa783f76b83b38fd65f730f291403efbcc798acc1f,UA000010000000000000000000014,UAH,65562.34,**** **** **** 1014,ACTIVE,BILL_PAYMENT,13118.05,FAILED,2024-01-02T07:03:00,,BILL-50189
CUST-1013,Maksym Tkachuk,+380671000013,maksym.tkachuk13@example.com,1e53de2a2b4ab888cc24002ef8832d433b21956ab83ddeef989c8224b5c8f9f2,UA000010000000000000000000027,EUR,86320.1,**** **** **** 1027,BLOCKED,TRANSFER,4311.69,PENDING,2024-01-02T07:10:00,UA000010000000000000000000070,
CUST-1057,Ivan Shevchenko,+380671000057,ivan.shevchenko57@example.com,3b356cdbaeb3d03a6b6f713a048489d62fd63b4a8fd0c70a976cb0b70c119e46,UA000010000000000000000000116,USD,90579.01,**** **** **** 1116,ACTIVE,TRANSFER,12474.15,PENDING,2024-01-02T07:17:00,UA000010000000000000000000057,
CUST-1057,Ivan Shevchenko,+380671000057,ivan.shevchenko57@example.com,3b356cdbaeb3d03a6b6f713a048489d62fd63b4a8fd0c70a976cb0b70c119e46,UA000010000000000000000000116,USD,90579.01,**** **** **** 1116,ACTIVE,BILL_PAYMENT,13960.56,COMPLETED,2024-01-02T07:24:00,,BILL-50192
CUST-1006,Ivan Shevchenko,+380671000006,ivan.shevchenko6@example.com,5c4950c94a3461441c356afa783f76b83b38fd65f730f291403efbcc798acc1f,UA000010000000000000000000014,UAH,65562.34,**** **** **** 1014,ACTIVE,BILL_PAYMENT,7555.01,PENDING,2024-01-02T07:31:00,,BILL-50193
CUST-1049,Iryna Koval,+380671000049,iryna.koval49@example.com,a0c69ae7ad7629347d41a89d9a558b26bd9b126a3a183f3498444843acd7270d,UA000010000000000000000000099,UAH,78063.62,**** **** **** 1099,ACTIVE,TRANSFER,5654.94,PENDING,2024-01-02T07:38:00,UA000010000000000000000000082,
CUST-1012,Andrii Shevchenko,+380671000012,andrii.shevchenko12@example.com,fdac810d0c09f25c5ddcee9976ab1f1ae1973dba7c65152d95b0937bc2a6c883,UA000010000000000000000000026,UAH,7783.61,**** **** **** 1026,ACTIVE,BILL_PAYMENT,11881.14,PENDING,2024-01-02T07:45:00,,BILL-50195
CUST-1004,Olena Bondarenko,+380671000004,olena.bondarenko4@example.com,a417b5dc3d06d15d91c6687e27fc1705ebc56b3b2d813abe03066e5643fe4e74,UA000010000000000000000000010,UAH,25616.98,**** **** **** 1010,ACTIVE,BILL_PAYMENT,13765.07,COMPLETED,2024-01-02T07:52:00,,BILL-50196
CUST-1089,Dmytro Koval,+380671000089,dmytro.koval89@example.com,9d57ee06aac896609727855add2cfc3d9c50cd545395974cdee219c91e29fd25,UA000010000000000000000000179,UAH,36727.23,**** **** **** 1179,BLOCKED,TRANSFER,11394.68,COMPLETED,2024-01-02T07:59:00,UA000010000000000000000000115,
CUST-1078,Ivan Bondarenko,+380671000078,ivan.bondarenko78@example.com,70dfb731f9ecfb0c9015b28838281e2a3cde900a791c45532154ddb5a95ed31b,UA000010000000000000000000158,USD,88281.49,**** **** **** 1158,ACTIVE,TRANSFER,13592.57,PENDING,2024-01-02T08:06:00,UA000010000000000000000000066,
CUST-1027,Olena Shevchenko,+380671000027,olena.shevchenko27@example.com,43b3ec9ea3961a319d37b4cc775d3f43f68709b62a93db10dd6c598137f28732,UA000010000000000000000000056,USD,89999.17,**** **** **** 1056,ACTIVE,TRANSFER,8254.62,FAILED,2024-01-02T08:13:00,UA000010000000000000000000156,
CUST-1067,Andrii Tkachuk,+380671000067,andrii.tkachuk67@example.com,8a110e75a8142ab756babe02160548ed6c254ae3fd931b297aa4edba91065732,UA000010000000000000000000136,EUR,16085.85,**** **** **** 1136,ACTIVE,BILL_PAYMENT,1712.24,COMPLETED,2024-01-02T08:20:00,,BILL-50200
CUST-1030,Olena Melnyk,+380671000030,olena.melnyk30@example.com,85fcbe6bf830f23209ea6a932921e8da31a653a24a20cb84e75c4997e505690b,UA000010000000000000000000061,USD,3453.85,**** **** **** 1061,BLOCKED,BILL_PAYMENT,1871.63,PENDING,2024-01-02T08:27:00,,BILL-50201
CUST-1053,Dmytro Bondarenko,+380671000053,dmytro.bondarenko53@example.com,f75b853a4521962ca5d349e4ca4cb69dce2dbfef61731cb9d14f1f2f1b6499fe,UA000010000000000000000000108,EUR,48975.1,**** **** **** 1108,ACTIVE,BILL_PAYMENT,988.97,COMPLETED,2024-01-02T08:34:00,,BILL-50202
CUST-1076,Sofiia Koval,+380671000076,sofiia.koval76@example.com,55e315face2c7bcfc4b1d43be3a863e3bbb565ad3dafe30a9dd45b51b190be9d,UA000010000000000000000000153,EUR,16146.12,**** **** **** 1153,ACTIVE,TRANSFER,9497.73,FAILED,2024-01-02T08:41:00,UA000010000000000000000000062,
CUST-1091,Andrii Melnyk,+380671000091,andrii.melnyk91@example.com,7f6ceca338f7fe1bb409870c95cbf5009115df953af77a91ef912a11cf6423c7,UA000010000000000000000000184,UAH,87399.25,**** **** **** 1184,BLOCKED,TRANSFER,4404.52,PENDING,2024-01-02T08:48:00,UA000010000000000000000000158,
CUST-1045,Andrii Shevchenko,+380671000045,andrii.shevchenko45@example.com,64bf83fcf172a284e3db6b4cc76bb175184ee9dd57e77f0421e3e401ea3858e0,UA000010000000000000000000091,EUR,9394.76,**** **** **** 1091,BLOCKED,TRANSFER,8581.42,PENDING,2024-01-02T08:55:00,UA000010000000000000000000171,
CUST-1085,Iryna Shevchenko,+380671000085,iryna.shevchenko85@example.com,cfecdf5846f8e8279f4dcf79a2135308e11c0d283175a2fb79b33b76f487cb24,UA000010000000000000000000172,USD,70582.64,**** **** **** 1172,BLOCKED,TRANSFER,7876.09,COMPLETED,2024-01-02T09:02:00,UA000010000000000000000000018,
CUST-1067,Andrii Tkachuk,+380671000067,andrii.tkachuk67@example.com,8a110e75a8142ab756babe02160548ed6c254ae3fd931b297aa4edba91065732,UA000010000000000000000000135,UAH,20736.71,**** **** **** 1135,ACTIVE,TRANSFER,5887.28,COMPLETED,2024-01-02T09:09:00,UA000010000000000000000000012,
CUST-1081,Kateryna Tkachenko,+380671000081,kateryna.tkachenko81@example.com,7137bc5132a11c4937a830c4f594a551b18d0764f66f8478de3db48377f2b611,UA000010000000000000000000163,EUR,2004.96,**** **** **** 1163,ACTIVE,BILL_PAYMENT,14716.54,COMPLETED,2024-01-02T09:16:00,,BILL-50208
CUST-1095,Olena Tkachenko,+380671000095,olena.tkachenko95@example.com,b3f20ff60a6e1eda26f8c412e7173c7ee7f5b3a1124b87a38d3deb63274c1a61,UA000010000000000000000000192,EUR,38657.42,**** **** **** 1192,BLOCKED,TRANSFER,5388.55,PENDING,2024-01-02T09:23:00,UA000010000000000000000000089,
CUST-1030,Olena Melnyk,+380671000030,olena.melnyk30@example.com,85fcbe6bf830f23209ea6a932921e8da31a653a24a20cb84e75c4997e505690b,UA000010000000000000000000062,USD,80421.28,**** **** **** 1062,ACTIVE,TRANSFER,11583.95,FAILED,2024-01-02T09:30:00,UA000010000000000000000000194,
CUST-1042,Kateryna Shevchenko,+380671000042,kateryna.shevchenko42@example.com,de3543c757d459090b9adaf9a80a54d54724a0f1600d4c77d6017dde58cf1189,UA000010000000000000000000086,EUR,57341.42,**** **** **** 1086,BLOCKED,TRANSFER,712.82,FAILED,2024-01-02T09:37:00,UA000010000000000000000000087,
CUST-1082,Sofiia Shevchenko,+380671000082,sofiia.shevchenko82@example.com,ca619acdadd8eb0f598c954031b5f359a2fbd4fe0179eb02acfeab2ad373c999,UA000010000000000000000000165,USD,55962.44,**** **** **** 1165,ACTIVE,TRANSFER,12464.24,FAILED,2024-01-02T09:44:00,UA000010000000000000000000119,
CUST-1089,Dmytro Koval,+380671000089,dmytro.koval89@example.com,9d57ee06aac896609727855add2cfc3d9c50cd545395974cdee219c91e29fd25,UA000010000000000000000000179,UAH,36727.23,**** **** **** 1179,BLOCKED,BILL_PAYMENT,9494.45,PENDING,2024-01-02T09:51:00,,BILL-50213
CUST-1008,Ivan Bondarenko,+380671000008,ivan.bondarenko8@example.com,c8fea5b0b76dc690feaf5544749f99b40e78e2a37c0e867a086696509416302a,UA000010000000000000000000017,UAH,86600.39,**** **** **** 1017,ACTIVE,BILL_PAYMENT,602.91,PENDING,2024-01-02T09:58:00,,BILL-50214
CUST-1005,Dmytro Shevchenko,+380671000005,dmytro.shevchenko5@example.com,0eeac8171768d0cdef3a20fee6db4362d019c91e10662a6b55186336e1a42778,UA000010000000000000000000012,UAH,28575.97,**** **** **** 1012,ACTIVE,TRANSFER,13292.57,COMPLETED,2024-01-02T10:05:00,UA000010000000000000000000080,
CUST-1065,Ivan Tkachuk,+380671000065,ivan.tkachuk65@example.com,3c62426f46ebb414ff53540c6f1af32639c28b434126ae98b9f1651dd5e4fd4a,UA000010000000000000000000132,UAH,75153.4,**** **** **** 1132,ACTIVE,BILL_PAYMENT,14837.38,FAILED,2024-01-02T10:12:00,,BILL-50216
CUST-1060,Dmytro Bondarenko,+380671000060,dmytro.bondarenko60@example.com,598ed9422e3d9c328f48cafc2c66a66a3d393b64290f7741d60e6e22c03ca031,UA000010000000000000000000122,EUR,68235.05,**** **** **** 1122,BLOCKED,BILL_PAYMENT,597.48,FAILED,2024-01-02T10:19:00,,BILL-50217
CUST-1024,Andrii Tkachuk,+380671000024,andrii.tkachuk24@example.com,cafdc894eacc597ad76db1a750ccb876d4ed69c73b7d3d23f5e3a9e3b5c9fc2e,UA000010000000000000000000049,UAH,1351.02,**** **** **** 1049,ACTIVE,BILL_PAYMENT,5386.76,PENDING,2024-01-02T10:26:00,,BILL-50218
CUST-1083,Sofiia Bondarenko,+380671000083,sofiia.bondarenko83@example.com,dd76076f40644e9e57f7459bfc37b2ef8b7084bda5a3127c24a62c86dd45eb0b,UA000010000000000000000000168,USD,22938.04,**** **** **** 1168,ACTIVE,BILL_PAYMENT,4134.59,COMPLETED,2024-01-02T10:33:00,,BILL-50219
CUST-1055,Sofiia Koval,+380671000055,sofiia.koval55@example.com,d6f7adababfd90706cc787591cdaf547f91d53abcb9008a180d90fc3d4f651e2,UA000010000000000000000000112,UAH,38920.49,**** **** **** 1112,ACTIVE,BILL_PAYMENT,11162.45,COMPLETED,2024-01-02T10:40:00,,BILL-50220
CUST-1043,Sofiia Shevchenko,+380671000043,sofiia.shevchenko43@example.com,db9aa0719dbf5cac40e44b268042014e9bc28b4134df9051a35f8c64f6603b6f,UA000010000000000000000000087,EUR,83538.79,**** **** **** 1087,BLOCKED,TRANSFER,7468.24,COMPLETED,2024-01-02T10:47:00,UA000010000000000000000000095,
CUST-1066,Olena Tkachuk,+380671000066,olena.tkachuk66@example.com,06599c96e52ff54f21e65cec89df4b96ce519704136d6f7246a56be613eed8fb,UA000010000000000000000000133,USD,23197.99,**** **** **** 1133,ACTIVE,BILL_PAYMENT,12027.16,FAILED,2024-01-02T10:54:00,,BILL-50222
CUST-1054,Dmytro Tkachenko,+380671000054,dmytro.tkachenko54@example.com,db383db8666c1c7f372e49b801a0405e0dd4193ab772163521b16e78879fa334,UA000010000000000000000000109,USD,44547.39,**** **** **** 1109,BLOCKED,TRANSFER,6487.58,PENDING,2024-01-02T11:01:00,UA000010000000000000000000140,
CUST-1037,Maksym Bondarenko,+380671000037,maksym.bondarenko37@example.com,1a31ac086ebf1341c916929e6d982767cd8568887d7c930ba8abd062afa08eac,UA000010000000000000000000076,USD,90050.97,**** **** **** 1076,ACTIVE,BILL_PAYMENT,1583.84,COMPLETED,2024-01-02T11:08:00,,BILL-50224
CUST-1084,Olena Shevchenko,+380671000084,olena.shevchenko84@example.com,11ee91bdbb90b967d18e45226bd3bc17d72a85a4486315b3568d070722445fe1,UA000010000000000000000000170,USD,55793.82,**** **** **** 1170,BLOCKED,BILL_PAYMENT,4632.11,FAILED,2024-01-02T11:15:00,,BILL-50225
CUST-1091,Andrii Melnyk,+380671000091,andrii.melnyk91@example.com,7f6ceca338f7fe1bb409870c95cbf5009115df953af77a91ef912a11cf6423c7,UA000010000000000000000000184,UAH,87399.25,**** **** **** 1184,BLOCKED,BILL_PAYMENT,2541.34,COMPLETED,2024-01-02T11:22:00,,BILL-50226
CUST-1044,Kateryna Melnyk,+380671000044,kateryna.melnyk44@example.com,147eb7dd0f4c59120be8adb20f9dc4d4a0ccb27a0d48d7546dfa171dd980f075,UA000010000000000000000000090,EUR,47845.43,**** **** **** 1090,ACTIVE,BILL_PAYMENT,683.21,COMPLETED,2024-01-02T11:29:00,,BILL-50227
CUST-1078,Ivan Bondarenko,+380671000078,ivan.bondarenko78@example.com,70dfb731f9ecfb0c9015b28838281e2a3cde900a791c45532154ddb5a95ed31b,UA000010000000000000000000158,USD,88281.49,**** **** **** 1158,ACTIVE,BILL_PAYMENT,4154.6,PENDING,2024-01-02T11:36:00,,BILL-50228
CUST-1009,Sofiia Tkachuk,+380671000009,sofiia.tkachuk9@example.com,2d4589473fb3f4581d7452cd25182159d68d2a50056a0cce35a529b010e32f2b,UA000010000000000000000000020,USD,42877.74,**** **** **** 1020,BLOCKED,BILL_PAYMENT,5481.5,FAILED,2024-01-02T11:43:00,,BILL-50229
CUST-1086,Maksym Koval,+380671000086,maksym.koval86@example.com,3c0c8e2f0527574ed275f4fc831af606b283370490f9c39c7389fb5d16dd6ac8,UA000010000000000000000000174,EUR,20065.85,**** **** **** 1174,ACTIVE,TRANSFER,14294.2,PENDING,2024-01-02T11:50:00,UA000010000000000000000000156,
CUST-1086,Maksym Koval,+380671000086,maksym.koval86@example.com,3c0c8e2f0527574ed275f4fc831af606b283370490f9c39c7389fb5d16dd6ac8,UA000010000000000000000000174,EUR,20065.85,**** **** **** 1174,ACTIVE,BILL_PAYMENT,570.24,PENDING,2024-01-02T11:57:00,,BILL-50231
CUST-1030,Olena Melnyk,+380671000030,olena.melnyk30@example.com,85fcbe6bf830f23209ea6a932921e8da31a653a24a20cb84e75c4997e505690b,UA000010000000000000000000061,USD,3453.85,**** **** **** 1061,BLOCKED,BILL_PAYMENT,5464.15,FAILED,2024-01-02T12:04:00,,BILL-50232
CUST-1004,Olena Bondarenko,+380671000004,olena.bondarenko4@example.com,a417b5dc3d06d15d91c6687e27fc1705ebc56b3b2d813abe03066e5643fe4e74,UA000010000000000000000000009,UAH,40859.51,**** **** **** 1009,BLOCKED,TRANSFER,10201.98,COMPLETED,2024-01-02T12:11:00,UA000010000000000000000000096,
CUST-1056,Iryna Shevchenko,+380671000056,iryna.shevchenko56@example.com,bacb5d03bee1af445b7cc73ba8db52a7fc01d474327c87899831ffe3b4c3543b,UA000010000000000000000000114,USD,33757.26,**** **** **** 1114,BLOCKED,TRANSFER,8630.13,FAILED,2024-01-02T12:18:00,UA000010000000000000000000094,
CUST-1050,Andrii Koval,+380671000050,andrii.koval50@example.com,be46e03449534372e45f1abf511f78148625cf11d99f2f550e2f32b3a551dfb6,UA000010000000000000000000102,USD,14200.57,**** **** **** 1102,BLOCKED,BILL_PAYMENT,9760.93,PENDING,2024-01-02T12:25:00,,BILL-50235
CUST-1014,Dmytro Tkachenko,+380671000014,dmytro.tkachenko14@example.com,b78f24953963ac5ed773d6ec83120e3b1a65510201dc09ed2ed9e9781ba88870,UA000010000000000000000000030,USD,66079.94,**** **** **** 1030,BLOCKED,TRANSFER,11048.34,COMPLETED,2024-01-02T12:32:00,UA000010000000000000000000133,
CUST-1049,Iryna Koval,+380671000049,iryna.koval49@example.com,a0c69ae7ad7629347d41a89d9a558b26bd9b126a3a183f3498444843acd7270d,UA000010000000000000000000100,UAH,80606.88,**** **** **** 1100,BLOCKED,TRANSFER,3963.56,COMPLETED,2024-01-02T12:39:00,UA000010000000000000000000181,
CUST-1057,Ivan Shevchenko,+380671000057,ivan.shevchenko57@example.com,3b356cdbaeb3d03a6b6f713a048489d62fd63b4a8fd0c70a976cb0b70c119e46,UA000010000000000000000000115,USD,7164.31,**** **** **** 1115,BLOCKED,TRANSFER,14945.66,COMPLETED,2024-01-02T12:46:00,UA000010000000000000000000178,
CUST-1062,Dmytro Bondarenko,+380671000062,dmytro.bondarenko62@example.com,9b857dc1d1dc03b131bdb429b972f5f28c7d72b8466a22d54c359c48d19551fe,UA000010000000000000000000126,UAH,64632.22,**** **** **** 1126,ACTIVE,TRANSFER,1883.43,PENDING,2024-01-02T12:53:00,UA000010000000000000000000116,
CUST-1022,Olena Melnyk,+380671000022,olena.melnyk22@example.com,d0f82756c4d40d20e1fdbc90cf4da4adff02fe23b355687525880514642f764e,UA000010000000000000000000045,USD,60878.15,**** **** **** 1045,BLOCKED,BILL_PAYMENT,14959.07,FAILED,2024-01-02T13:00:00,,BILL-50240
CUST-1040,Andrii Tkachuk,+380671000040,andrii.tkachuk40@example.com,d88a53cd8ffe65ab18d2c62882479559aa781642ce7a8d340b22fc0a637b0359,UA000010000000000000000000082,EUR,41430.9,**** **** **** 1082,BLOCKED,BILL_PAYMENT,10657.63,FAILED,2024-01-02T13:07:00,,BILL-50241
CUST-1069,Andrii Melnyk,+380671000069,andrii.melnyk69@example.com,667d45d6d55c4fe6a7239bb554854e3b8fc0b392abea73864e91104bb1b4581d,UA000010000000000000000000139,UAH,60983.38,**** **** **** 1139,ACTIVE,BILL_PAYMENT,13375.41,PENDING,2024-01-02T13:14:00,,BILL-50242
CUST-1091,Andrii Melnyk,+380671000091,andrii.melnyk91@example.com,7f6ceca338f7fe1bb409870c95cbf5009115df953af77a91ef912a11cf6423c7,UA000010000000000000000000183,EUR,86977.66,**** **** **** 1183,BLOCKED,TRANSFER,11915.76,FAILED,2024-01-02T13:21:00,UA000010000000000000000000058,
CUST-1015,Andrii Koval,+380671000015,andrii.koval15@example.com,b5a4ec869015095060b1171791334513f741177c4011e2c5c36e3e37a5ff8e5f,UA000010000000000000000000032,UAH,27295.84,**** **** **** 1032,ACTIVE,TRANSFER,11891.38,PENDING,2024-01-02T13:28:00,UA000010000000000000000000127,
CUST-1003,Olena Tkachuk,+380671000003,olena.tkachuk3@example.com,3acb59306ef6e660cf832d1d34c4fba3d88d616f0bb5c2a9e0f82d18ef6fc167,UA000010000000000000000000007,USD,42934.28,**** **** **** 1007,BLOCKED,BILL_PAYMENT,8332.62,COMPLETED,2024-01-02T13:35:00,,BILL-50245
CUST-1059,Maksym Tkachuk,+380671000059,maksym.tkachuk59@example.com,e5e0e771c99778aef6f0046adb86a3d3e3ede2c68f43aae6b4ee9d498709328b,UA000010000000000000000000120,USD,22722.74,**** **** **** 1120,BLOCKED,TRANSFER,9198.63,PENDING,2024-01-02T13:42:00,UA000010000000000000000000017,
CUST-1039,Iryna Melnyk,+380671000039,iryna.melnyk39@example.com,099646084abbbc2c403c480bea87e7de23ce18db73a3e28251effef3ed49f1ea,UA000010000000000000000000080,EUR,32077.65,**** **** **** 1080,ACTIVE,BILL_PAYMENT,14993.95,FAILED,2024-01-02T13:49:00,,BILL-50247
CUST-1061,Olena Melnyk,+380671000061,olena.melnyk61@example.com,da3df0f1c138cc7b9e79e218587a605e12b7a9b9ac24e1287da5ed056cf10c22,UA000010000000000000000000123,EUR,17339.43,**** **** **** 1123,BLOCKED,BILL_PAYMENT,11549.01,FAILED,2024-01-02T13:56:00,,BILL-50248
CUST-1009,Sofiia Tkachuk,+380671000009,sofiia.tkachuk9@example.com,2d4589473fb3f4581d7452cd25182159d68d2a50056a0cce35a529b010e32f2b,UA000010000000000000000000019,USD,92725.29,**** **** **** 1019,BLOCKED,TRANSFER,14587.08,FAILED,2024-01-02T14:03:00,UA000010000000000000000000116,
CUST-1059,Maksym Tkachuk,+380671000059,maksym.tkachuk59@example.com,e5e0e771c99778aef6f0046adb86a3d3e3ede2c68f43aae6b4ee9d498709328b,UA000010000000000000000000120,USD,22722.74,**** **** **** 1120,BLOCKED,BILL_PAYMENT,1968.6,FAILED,2024-01-02T14:10:00,,BILL-50250
CUST-1081,Kateryna Tkachenko,+380671000081,kateryna.tkachenko81@example.com,7137bc5132a11c4937a830c4f594a551b18d0764f66f8478de3db48377f2b611,UA000010000000000000000000164,UAH,24894.25,**** **** **** 1164,BLOCKED,TRANSFER,11528.34,PENDING,2024-01-02T14:17:00,UA000010000000000000000000111,
CUST-1064,Andrii Bondarenko,+380671000064,andrii.bondarenko64@example.com,51031e17ce0a58242bf97f01a2883d077c6dd21f22674ee500dbfb60228851e7,UA000010000000000000000000129,USD,34412.55,**** **** **** 1129,BLOCKED,TRANSFER,12479.29,FAILED,2024-01-02T14:24:00,UA000010000000000000000000040,
CUST-1038,Sofiia Koval,+380671000038,sofiia.koval38@example.com,b64171fda74426604480b9bf7c10ccdc2ebc80266c8667c42346f54ce87d4dec,UA000010000000000000000000078,UAH,52472.11,**** **** **** 1078,ACTIVE,TRANSFER,2471.41,FAILED,2024-01-02T14:31:00,UA000010000000000000000000058,
CUST-1044,Kateryna Melnyk,+380671000044,kateryna.melnyk44@example.com,147eb7dd0f4c59120be8adb20f9dc4d4a0ccb27a0d48d7546dfa171dd980f075,UA000010000000000000000000089,USD,44736.82,**** **** **** 1089,ACTIVE,BILL_PAYMENT,12696.71,COMPLETED,2024-01-02T14:38:00,,BILL-50254
CUST-1025,Kateryna Bondarenko,+380671000025,kateryna.bondarenko25@example.com,0028e1c0d2c60966390545414567d33bca9f0165fece6d0109c59a3f29b5fdd0,UA000010000000000000000000051,EUR,44741.72,**** **** **** 1051,BLOCKED,BILL_PAYMENT,1921.3,COMPLETED,2024-01-02T14:45:00,,BILL-50255
CUST-1078,Ivan Bondarenko,+380671000078,ivan.bondarenko78@example.com,70dfb731f9ecfb0c9015b28838281e2a3cde900a791c45532154ddb5a95ed31b,UA000010000000000000000000158,USD,88281.49,**** **** **** 1158,ACTIVE,TRANSFER,7563.47,PENDING,2024-01-02T14:52:00,UA000010000000000000000000152,
CUST-1074,Olena Tkachuk,+380671000074,olena.tkachuk74@example.com,efacf97ed63d8d618e5c1f03e2fbd3656ed4c97ba04abf6db791534b425641c2,UA000010000000000000000000149,UAH,51090.12,**** **** **** 1149,BLOCKED,TRANSFER,2609.45,FAILED,2024-01-02T14:59:00,UA000010000000000000000000185,
CUST-1077,Kateryna Koval,+380671000077,kateryna.koval77@example.com,2590d18604c282ff195459db33d0ae2caab98b14d4cbfdfd4dc3ed4923bf31b8,UA000010000000000000000000155,EUR,81011.72,**** **** **** 1155,BLOCKED,BILL_PAYMENT,12645.82,FAILED,2024-01-02T15:06:00,,BILL-50258
CUST-1005,Dmytro Shevchenko,+380671000005,dmytro.shevchenko5@example.com,0eeac8171768d0cdef3a20fee6db4362d019c91e10662a6b55186336e1a42778,UA000010000000000000000000011,EUR,45412.74,**** **** **** 1011,BLOCKED,TRANSFER,1264.28,FAILED,2024-01-02T15:13:00,UA000010000000000000000000198,
CUST-1073,Maksym Bondarenko,+380671000073,maksym.bondarenko73@example.com,25ac9b17f8113ceda4e3b18b639ac0c5821fa6cf61e31a4b2cafec4573b89522,UA000010000000000000000000148,EUR,43409.42,**** **** **** 1148,BLOCKED,BILL_PAYMENT,9784.39,FAILED,2024-01-02T15:20:00,,BILL-50260
CUST-1053,Dmytro Bondarenko,+380671000053,dmytro.bondarenko53@example.com,f75b853a4521962ca5d349e4ca4cb69dce2dbfef61731cb9d14f1f2f1b6499fe,UA000010000000000000000000107,USD,75425.9,**** **** **** 1107,BLOCKED,TRANSFER,7495.67,FAILED,2024-01-02T15:27:00,UA000010000000000000000000140,
CUST-1037,Maksym Bondarenko,+380671000037,maksym.bondarenko37@example.com,1a31ac086ebf1341c916929e6d982767cd8568887d7c930ba8abd062afa08eac,UA000010000000000000000000075,USD,61014.68,**** **** **** 1075,ACTIVE,BILL_PAYMENT,7270.03,FAILED,2024-01-02T15:34:00,,BILL-50262
CUST-1051,Sofiia Tkachuk,+380671000051,sofiia.tkachuk51@example.com,cc35e4b303c84633f2e64c1fe30a9c2f9e0f1dcdd53d1a748451b83164db475a,UA000010000000000000000000104,USD,61652.58,**** **** **** 1104,BLOCKED,BILL_PAYMENT,6830.48,FAILED,2024-01-02T15:41:00,,BILL-50263
CUST-1007,Sofiia Koval,+380671000007,sofiia.koval7@example.com,1526f5e0e31d42fe1c3664ce923ac22ac1333417a90b32043797ac454cd03112,UA000010000000000000000000016,UAH,41234.99,**** **** **** 1016,BLOCKED,TRANSFER,6622.1,COMPLETED,2024-01-02T15:48:00,UA000010000000000000000000119,
CUST-1026,Sofiia Tkachuk,+380671000026,sofiia.tkachuk26@example.com,45e17065ddc6fb3a682f7732df5804652952dbe1f5ca5377a661515a8fcf66be,UA000010000000000000000000053,EUR,90488.93,**** **** **** 1053,ACTIVE,BILL_PAYMENT,9119.57,COMPLETED,2024-01-02T15:55:00,,BILL-50265
CUST-1091,Andrii Melnyk,+380671000091,andrii.melnyk91@example.com,7f6ceca338f7fe1bb409870c95cbf5009115df953af77a91ef912a11cf6423c7,UA000010000000000000000000184,UAH,87399.25,**** **** **** 1184,BLOCKED,BILL_PAYMENT,11026.29,COMPLETED,2024-01-02T16:02:00,,BILL-50266
CUST-1051,Sofiia Tkachuk,+380671000051,sofiia.tkachuk51@example.com,cc35e4b303c84633f2e64c1fe30a9c2f9e0f1dcdd53d1a748451b83164db475a,UA000010000000000000000000103,EUR,53582.06,**** **** **** 1103,BLOCKED,TRANSFER,11421.94,FAILED,2024-01-02T16:09:00,UA000010000000000000000000144,
CUST-1013,Maksym Tkachuk,+380671000013,maksym.tkachuk13@example.com,1e53de2a2b4ab888cc24002ef8832d433b21956ab83ddeef989c8224b5c8f9f2,UA000010000000000000000000028,UAH,94218.02,**** **** **** 1028,ACTIVE,BILL_PAYMENT,3663.98,PENDING,2024-01-02T16:16:00,,BILL-50268
CUST-1034,Sofiia Tkachuk,+380671000034,sofiia.tkachuk34@example.com,94cd5db06baf087fd56c0042adc1deb162d271acfb8b3eb0277069517998d489,UA000010000000000000000000069,USD,35763.47,**** **** **** 1069,BLOCKED,BILL_PAYMENT,3756.39,PENDING,2024-01-02T16:23:00,,BILL-50269
CUST-1006,Ivan Shevchenko,+380671000006,ivan.shevchenko6@example.com,5c4950c94a3461441c356afa783f76b83b38fd65f730f291403efbcc798acc1f,UA000010000000000000000000013,UAH,44869.94,**** **** **** 1013,ACTIVE,BILL_PAYMENT,14183.5,FAILED,2024-01-02T16:30:00,,BILL-50270
CUST-1053,Dmytro Bondarenko,+380671000053,dmytro.bondarenko53@example.com,f75b853a4521962ca5d349e4ca4cb69dce2dbfef61731cb9d14f1f2f1b6499fe,UA000010000000000000000000108,EUR,48975.1,**** **** **** 1108,ACTIVE,TRANSFER,14442.15,PENDING,2024-01-02T16:37:00,UA000010000000000000000000084,
CUST-1073,Maksym Bondarenko,+380671000073,maksym.bondarenko73@example.com,25ac9b17f8113ceda4e3b18b639ac0c5821fa6cf61e31a4b2cafec4573b89522,UA000010000000000000000000148,EUR,43409.42,**** **** **** 1148,BLOCKED,BILL_PAYMENT,2888.02,PENDING,2024-01-02T16:44:00,,BILL-50272
CUST-1063,Iryna Bondarenko,+380671000063,iryna.bondarenko63@example.com,7e251ea07d59cd5fc9d7d1dc4225104e474b93d6c6881797dfbfa010774d4acb,UA000010000000000000000000128,USD,33407.91,**** **** **** 1128,BLOCKED,BILL_PAYMENT,7506.46,COMPLETED,2024-01-02T16:51:00,,BILL-50273
CUST-1063,Iryna Bondarenko,+380671000063,iryna.bondarenko63@example.com,7e251ea07d59cd5fc9d7d1dc4225104e474b93d6c6881797dfbfa010774d4acb,UA000010000000000000000000128,USD,33407.91,**** **** **** 1128,BLOCKED,TRANSFER,1396.23,COMPLETED,2024-01-02T16:58:00,UA000010000000000000000000130,
CUST-1058,Maksym Tkachuk,+380671000058,maksym.tkachuk58@example.com,daa7c4bc3f1506b52b2bcc7864db9a96aee3ec1a8a68b29c5db60de1f8a6918b,UA000010000000000000000000118,USD,30562.65,**** **** **** 1118,BLOCKED,TRANSFER,3266.41,COMPLETED,2024-01-02T17:05:00,UA000010000000000000000000013,
CUST-1006,Ivan Shevchenko,+380671000006,ivan.shevchenko6@example.com,5c4950c94a3461441c356afa783f76b83b38fd65f730f291403efbcc798acc1f,UA000010000000000000000000013,UAH,44869.94,**** **** **** 1013,ACTIVE,BILL_PAYMENT,7448.67,FAILED,2024-01-02T17:12:00,,BILL-50276
CUST-1086,Maksym Koval,+380671000086,maksym.koval86@example.com,3c0c8e2f0527574ed275f4fc831af606b283370490f9c39c7389fb5d16dd6ac8,UA000010000000000000000000173,USD,25888.96,**** **** **** 1173,ACTIVE,BILL_PAYMENT,4321.94,PENDING,2024-01-02T17:19:00,,BILL-50277
CUST-1013,Maksym Tkachuk,+380671000013,maksym.tkachuk13@example.com,1e53de2a2b4ab888cc24002ef8832d433b21956ab83ddeef989c8224b5c8f9f2,UA000010000000000000000000028,UAH,94218.02,**** **** **** 1028,ACTIVE,BILL_PAYMENT,2052.33,COMPLETED,2024-01-02T17:26:00,,BILL-50278
CUST-1093,Iryna Shevchenko,+380671000093,iryna.shevchenko93@example.com,3dcc4d43a91ae471be9fb0dfb7e7a44dcbaf8125b389d65d38604ec5582825ec,UA000010000000000000000000187,USD,12294.63,**** **** **** 1187,ACTIVE,BILL_PAYMENT,11469.66,COMPLETED,2024-01-02T17:33:00,,BILL-50279
CUST-1005,Dmytro Shevchenko,+380671000005,dmytro.shevchenko5@example.com,0eeac8171768d0cdef3a20fee6db4362d019c91e10662a6b55186336e1a42778,UA000010000000000000000000012,UAH,28575.97,**** **** **** 1012,ACTIVE,BILL_PAYMENT,814.81,FAILED,2024-01-02T17:40:00,,BILL-50280
CUST-1024,Andrii Tkachuk,+380671000024,andrii.tkachuk24@example.com,cafdc894eacc597ad76db1a750ccb876d4ed69c73b7d3d23f5e3a9e3b5c9fc2e,UA000010000000000000000000050,EUR,98000.0,**** **** **** 1050,ACTIVE,BILL_PAYMENT,8320.68,PENDING,2024-01-02T17:47:00,,BILL-50281
CUST-1049,Iryna Koval,+380671000049,iryna.koval49@example.com,a0c69ae7ad7629347d41a89d9a558b26bd9b126a3a183f3498444843acd7270d,UA000010000000000000000000099,UAH,78063.62,**** **** **** 1099,ACTIVE,BILL_PAYMENT,11477.84,COMPLETED,2024-01-02T17:54:00,,BILL-50282
CUST-1079,Kateryna Melnyk,+380671000079,kateryna.melnyk79@example.com,f46c534ea1cb330122334be00303592a10bcbbc238d1b11e1b498d4486d13755,UA000010000000000000000000160,USD,3841.3,**** **** **** 1160,BLOCKED,TRANSFER,1973.52,PENDING,2024-01-02T18:01:00,UA000010000000000000000000101,
CUST-1047,Kateryna Koval,+380671000047,kateryna.koval47@example.com,dbb70b94b6b192a1085e8056872daa4eb24002d47c82e88b1323f1a5882567ba,UA000010000000000000000000096,USD,42029.66,**** **** **** 1096,ACTIVE,BILL_PAYMENT,8389.59,COMPLETED,2024-01-02T18:08:00,,BILL-50284
CUST-1096,Ivan Bondarenko,+380671000096,ivan.bondarenko96@example.com,38ee64c8e2536e41e2543266f6a5216747b24c8b8ada7d5f7cfba8b1e80752fb,UA000010000000000000000000194,USD,57294.32,**** **** **** 1194,ACTIVE,TRANSFER,3025.92,FAILED,2024-01-02T18:15:00,UA000010000000000000000000103,
CUST-1064,Andrii Bondarenko,+380671000064,andrii.bondarenko64@example.com,51031e17ce0a58242bf97f01a2883d077c6dd21f22674ee500dbfb60228851e7,UA000010000000000000000000129,USD,34412.55,**** **** **** 1129,BLOCKED,TRANSFER,727.29,PENDING,2024-01-02T18:22:00,UA000010000000000000000000183,
CUST-1042,Kateryna Shevchenko,+380671000042,kateryna.shevchenko42@example.com,de3543c757d459090b9adaf9a80a54d54724a0f1600d4c77d6017dde58cf1189,UA000010000000000000000000086,EUR,57341.42,**** **** **** 1086,BLOCKED,BILL_PAYMENT,7814.02,PENDING,2024-01-02T18:29:00,,BILL-50287
CUST-1077,Kateryna Koval,+380671000077,kateryna.koval77@example.com,2590d18604c282ff195459db33d0ae2caab98b14d4cbfdfd4dc3ed4923bf31b8,UA000010000000000000000000156,USD,44121.87,**** **** **** 1156,BLOCKED,TRANSFER,4953.09,FAILED,2024-01-02T18:36:00,UA000010000000000000000000082,
CUST-1020,Andrii Shevchenko,+380671000020,andrii.shevchenko20@example.com,51d11024031a8951b4722671adfc8587538f5e5417206e7862e60752758a5c35,UA000010000000000000000000042,EUR,11255.06,**** **** **** 1042,ACTIVE,BILL_PAYMENT,14859.71,FAILED,2024-01-02T18:43:00,,BILL-50289
CUST-1038,Sofiia Koval,+380671000038,sofiia.koval38@example.com,b64171fda74426604480b9bf7c10ccdc2ebc80266c8667c42346f54ce87d4dec,UA000010000000000000000000077,USD,5394.27,**** **** **** 1077,BLOCKED,BILL_PAYMENT,7634.36,FAILED,2024-01-02T18:50:00,,BILL-50290
CUST-1068,Kateryna Shevchenko,+380671000068,kateryna.shevchenko68@example.com,5a583fab00aa1c17acaad80b2b9b5a16a8563e7e66808bf4b4acbfb55d9b85d4,UA000010000000000000000000137,USD,67276.43,**** **** **** 1137,ACTIVE,BILL_PAYMENT,10645.66,COMPLETED,2024-01-02T18:57:00,,BILL-50291
CUST-1060,Dmytro Bondarenko,+380671000060,dmytro.bondarenko60@example.com,598ed9422e3d9c328f48cafc2c66a66a3d393b64290f7741d60e6e22c03ca031,UA000010000000000000000000122,EUR,68235.05,**** **** **** 1122,BLOCKED,TRANSFER,5556.95,FAILED,2024-01-02T19:04:00,UA000010000000000000000000029,
CUST-1053,Dmytro Bondarenko,+380671000053,dmytro.bondarenko53@example.com,f75b853a4521962ca5d349e4ca4cb69dce2dbfef61731cb9d14f1f2f1b6499fe,UA000010000000000000000000107,USD,75425.9,**** **** **** 1107,BLOCKED,BILL_PAYMENT,11961.48,FAILED,2024-01-02T19:11:00,,BILL-50293
CUST-1088,Maksym Tkachenko,+380671000088,maksym.tkachenko88@example.com,1d45a36925bcb8f729f8f06ee0ec689f440cc6b08c3a0573ed12e10104e1e9a0,UA000010000000000000000000177,USD,72733.92,**** **** **** 1177,BLOCKED,TRANSFER,8973.8,COMPLETED,2024-01-02T19:18:00,UA000010000000000000000000168,
CUST-1099,Olena Tkachuk,+380671000099,olena.tkachuk99@example.com,ab2f50fe825bc3a9a8b649f173af23be3a052db9b410fcb0127e50ae9c356ba7,UA000010000000000000000000199,UAH,41443.24,**** **** **** 1199,BLOCKED,TRANSFER,10834.93,FAILED,2024-01-02T19:25:00,UA000010000000000000000000123,
CUST-1021,Iryna Bondarenko,+380671000021,iryna.bondarenko21@example.com,2d6b3bb57cb9e22fa36516172ef096b30ae00d08eedc1499c599b6269975521d,UA000010000000000000000000044,EUR,55769.14,**** **** **** 1044,BLOCKED,BILL_PAYMENT,2259.25,FAILED,2024-01-02T19:32:00,,BILL-50296
CUST-1031,Andrii Melnyk,+380671000031,andrii.melnyk31@example.com,3b3ad733c8571384c133694595c33d96c638b36f08a484bd0ad38bf312fdb294,UA000010000000000000000000063,USD,16760.59,**** **** **** 1063,ACTIVE,TRANSFER,8609.93,FAILED,2024-01-02T19:39:00,UA000010000000000000000000029,
CUST-1024,Andrii Tkachuk,+380671000024,andrii.tkachuk24@example.com,cafdc894eacc597ad76db1a750ccb876d4ed69c73b7d3d23f5e3a9e3b5c9fc2e,UA000010000000000000000000049,UAH,1351.02,**** **** **** 1049,ACTIVE,TRANSFER,6643.53,COMPLETED,2024-01-02T19:46:00,UA000010000000000000000000039,
CUST-1052,Andrii Tkachuk,+380671000052,andrii.tkachuk52@example.com,f511f615cd867553edd2fc66f4dc34441851f699cc1457f767c5ec0bad8cd250,UA000010000000000000000000106,EUR,86288.0,**** **** **** 1106,BLOCKED,TRANSFER,6185.14,FAILED,2024-01-02T19:53:00,UA000010000000000000000000121,
CUST-1094,Sofiia Koval,+380671000094,sofiia.koval94@example.com,3fdd6e2fcae488c7c7818992ad08249cd0f6576f6ff846bcecaa816e002cde3c,UA000010000000000000000000189,UAH,15770.56,**** **** **** 1189,BLOCKED,TRANSFER,10601.34,FAILED,2024-01-02T20:00:00,UA000010000000000000000000054,
CUST-1071,Ivan Tkachuk,+380671000071,ivan.tkachuk71@example.com,a06afaf373a81a1bcd1641fdd0f8b9c2c0d7104171abafbd80d11e933a9c6a13,UA000010000000000000000000144,UAH,59617.69,**** **** **** 1144,ACTIVE,BILL_PAYMENT,14971.94,COMPLETED,2024-01-02T20:07:00,,BILL-50301
CUST-1067,Andrii Tkachuk,+380671000067,andrii.tkachuk67@example.com,8a110e75a8142ab756babe02160548ed6c254ae3fd931b297aa4edba91065732,UA000010000000000000000000135,UAH,20736.71,**** **** **** 1135,ACTIVE,BILL_PAYMENT,4740.6,PENDING,2024-01-02T20:14:00,,BILL-50302
CUST-1058,Maksym Tkachuk,+380671000058,maksym.tkachuk58@example.com,daa7c4bc3f1506b52b2bcc7864db9a96aee3ec1a8a68b29c5db60de1f8a6918b,UA000010000000000000000000118,USD,30562.65,**** **** **** 1118,BLOCKED,BILL_PAYMENT,8216.78,FAILED,2024-01-02T20:21:00,,BILL-50303
CUST-1098,Sofiia Shevchenko,+380671000098,sofiia.shevchenko98@example.com,125e175312b42ca54475207f1ad47df9ac421dd758fcc5c2ab19ae31e451cc53,UA000010000000000000000000198,UAH,55647.23,**** **** **** 1198,ACTIVE,BILL_PAYMENT,9170.64,PENDING,2024-01-02T20:28:00,,BILL-50304
CUST-1031,Andrii Melnyk,+380671000031,andrii.melnyk31@example.com,3b3ad733c8571384c133694595c33d96c638b36f08a484bd0ad38bf312fdb294,UA000010000000000000000000064,USD,87344.51,**** **** **** 1064,BLOCKED,BILL_PAYMENT,8393.4,PENDING,2024-01-02T20:35:00,,BILL-50305
CUST-1038,Sofiia Koval,+380671000038,sofiia.koval38@example.com,b64171fda74426604480b9bf7c10ccdc2ebc80266c8667c42346f54ce87d4dec,UA000010000000000000000000077,USD,5394.27,**** **** **** 1077,BLOCKED,BILL_PAYMENT,10588.27,FAILED,2024-01-02T20:42:00,,BILL-50306
CUST-1090,Sofiia Tkachuk,+380671000090,sofiia.tkachuk90@example.com,a4273f882cab7a89e7fa8e5a1298799b62233ada8a93f880f58bbd87db44d6a3,UA000010000000000000000000181,USD,5506.05,**** **** **** 1181,ACTIVE,BILL_PAYMENT,4789.76,COMPLETED,2024-01-02T20:49:00,,BILL-50307
CUST-1071,Ivan Tkachuk,+380671000071,ivan.tkachuk71@example.com,a06afaf373a81a1bcd1641fdd0f8b9c2c0d7104171abafbd80d11e933a9c6a13,UA000010000000000000000000144,UAH,59617.69,**** **** **** 1144,ACTIVE,BILL_PAYMENT,4352.45,FAILED,2024-01-02T20:56:00,,BILL-50308
CUST-1086,Maksym Koval,+380671000086,maksym.koval86@example.com,3c0c8e2f0527574ed275f4fc831af606b283370490f9c39c7389fb5d16dd6ac8,UA000010000000000000000000174,EUR,20065.85,**** **** **** 1174,ACTIVE,BILL_PAYMENT,13441.62,COMPLETED,2024-01-02T21:03:00,,BILL-50309
CUST-1044,Kateryna Melnyk,+380671000044,kateryna.melnyk44@example.com,147eb7dd0f4c59120be8adb20f9dc4d4a0ccb27a0d48d7546dfa171dd980f075,UA000010000000000000000000089,USD,44736.82,**** **** **** 1089,ACTIVE,TRANSFER,4392.27,COMPLETED,2024-01-02T21:10:00,UA000010000000000000000000183,
CUST-1010,Dmytro Koval,+380671000010,dmytro.koval10@example.com,b35892cb8b089e03e4420b94df688122a2b76d4ad0f8b94ad20808bb029e48a5,UA000010000000000000000000021,UAH,19799.89,**** **** **** 1021,ACTIVE,BILL_PAYMENT,13863.94,FAILED,2024-01-02T21:17:00,,BILL-50311
CUST-1032,Kateryna Koval,+380671000032,kateryna.koval32@example.com,451a8149ebd58dbd064e3337c6de5d4f4bb08cd70bbbd48d62a205bd706b6bb0,UA000010000000000000000000066,USD,31213.9,**** **** **** 1066,ACTIVE,BILL_PAYMENT,3249.1,FAILED,2024-01-02T21:24:00,,BILL-50312
CUST-1034,Sofiia Tkachuk,+380671000034,sofiia.tkachuk34@example.com,94cd5db06baf087fd56c0042adc1deb162d271acfb8b3eb0277069517998d489,UA000010000000000000000000070,EUR,98133.82,**** **** **** 1070,BLOCKED,BILL_PAYMENT,2102.23,FAILED,2024-01-02T21:31:00,,BILL-50313
CUST-1094,Sofiia Koval,+380671000094,sofiia.koval94@example.com,3fdd6e2fcae488c7c7818992ad08249cd0f6576f6ff846bcecaa816e002cde3c,UA000010000000000000000000190,UAH,99397.89,**** **** **** 1190,ACTIVE,TRANSFER,3674.75,FAILED,2024-01-02T21:38:00,UA000010000000000000000000136,
CUST-1028,Sofiia Tkachenko,+380671000028,sofiia.tkachenko28@example.com,034a0cdf079dfa3ca924e07e3c509bbf50768d1949b021c0ea0030cff80ba4d1,UA000010000000000000000000058,EUR,11176.57,**** **** **** 1058,BLOCKED,TRANSFER,834.74,COMPLETED,2024-01-02T21:45:00,UA000010000000000000000000085,
CUST-1091,Andrii Melnyk,+380671000091,andrii.melnyk91@example.com,7f6ceca338f7fe1bb409870c95cbf5009115df953af77a91ef912a11cf6423c7,UA000010000000000000000000184,UAH,87399.25,**** **** **** 1184,BLOCKED,BILL_PAYMENT,1553.15,PENDING,2024-01-02T21:52:00,,BILL-50316
CUST-1000,Olena Shevchenko,+380671000000,olena.shevchenko0@example.com,cb71cd3f59909532b783257f5f97d0502af258231f9d17cbe762799c0bb4a0f6,UA000010000000000000000000002,UAH,86103.9,**** **** **** 1002,ACTIVE,TRANSFER,6133.27,COMPLETED,2024-01-02T21:59:00,UA000010000000000000000000123,
CUST-1083,Sofiia Bondarenko,+380671000083,sofiia.bondarenko83@example.com,dd76076f40644e9e57f7459bfc37b2ef8b7084bda5a3127c24a62c86dd45eb0b,UA000010000000000000000000167,USD,79500.35,**** **** **** 1167,ACTIVE,TRANSFER,11350.87,COMPLETED,2024-01-02T22:06:00,UA000010000000000000000000083,
CUST-1036,Olena Bondarenko,+380671000036,olena.bondarenko36@example.com,133f8a05107e5442771c85da3dec70050ae5f3273849326b4a4e2ceaab2ef058,UA000010000000000000000000074,USD,73125.96,**** **** **** 1074,BLOCKED,TRANSFER,13623.66,PENDING,2024-01-02T22:13:00,UA000010000000000000000000167,
CUST-1073,Maksym Bondarenko,+380671000073,maksym.bondarenko73@example.com,25ac9b17f8113ceda4e3b18b639ac0c5821fa6cf61e31a4b2cafec4573b89522,UA000010000000000000000000147,EUR,78480.9,**** **** **** 1147,BLOCKED,TRANSFER,8050.53,FAILED,2024-01-02T22:20:00,UA000010000000000000000000010,
CUST-1022,Olena Melnyk,+380671000022,olena.melnyk22@example.com,d0f82756c4d40d20e1fdbc90cf4da4adff02fe23b355687525880514642f764e,UA000010000000000000000000045,USD,60878.15,**** **** **** 1045,BLOCKED,BILL_PAYMENT,13239.56,PENDING,2024-01-02T22:27:00,,BILL-50321
CUST-1004,Olena Bondarenko,+380671000004,olena.bondarenko4@example.com,a417b5dc3d06d15d91c6687e27fc1705ebc56b3b2d813abe03066e5643fe4e74,UA000010000000000000000000010,UAH,25616.98,**** **** **** 1010,ACTIVE,BILL_PAYMENT,11830.01,PENDING,2024-01-02T22:34:00,,BILL-50322
CUST-1095,Olena Tkachenko,+380671000095,olena.tkachenko95@example.com,b3f20ff60a6e1eda26f8c412e7173c7ee7f5b3a1124b87a38d3deb63274c1a61,UA000010000000000000000000192,EUR,38657.42,**** **** **** 1192,BLOCKED,BILL_PAYMENT,13157.31,PENDING,2024-01-02T22:41:00,,BILL-50323
CUST-1038,Sofiia Koval,+380671000038,sofiia.koval38@example.com,b64171fda74426604480b9bf7c10ccdc2ebc80266c8667c42346f54ce87d4dec,UA000010000000000000000000077,USD,5394.27,**** **** **** 1077,BLOCKED,TRANSFER,13930.4,COMPLETED,2024-01-02T22:48:00,UA000010000000000000000000073,
CUST-1058,Maksym Tkachuk,+380671000058,maksym.tkachuk58@example.com,daa7c4bc3f1506b52b2bcc7864db9a96aee3ec1a8a68b29c5db60de1f8a6918b,UA000010000000000000000000117,EUR,38657.72,**** **** **** 1117,ACTIVE,BILL_PAYMENT,13344.44,PENDING,2024-01-02T22:55:00,,BILL-50325
CUST-1064,Andrii Bondarenko,+380671000064,andrii.bondarenko64@example.com,51031e17ce0a58242bf97f01a2883d077c6dd21f22674ee500dbfb60228851e7,UA000010000000000000000000130,USD,75448.97,**** **** **** 1130,BLOCKED,BILL_PAYMENT,4128.91,PENDING,2024-01-02T23:02:00,,BILL-50326
CUST-1042,Kateryna Shevchenko,+380671000042,kateryna.shevchenko42@example.com,de3543c757d459090b9adaf9a80a54d54724a0f1600d4c77d6017dde58cf1189,UA000010000000000000000000085,EUR,75065.32,**** **** **** 1085,ACTIVE,TRANSFER,10980.23,FAILED,2024-01-02T23:09:00,UA000010000000000000000000066,
CUST-1091,Andrii Melnyk,+380671000091,andrii.melnyk91@example.com,7f6ceca338f7fe1bb409870c95cbf5009115df953af77a91ef912a11cf6423c7,UA000010000000000000000000184,UAH,87399.25,**** **** **** 1184,BLOCKED,TRANSFER,260.56,COMPLETED,2024-01-02T23:16:00,UA000010000000000000000000076,
CUST-1072,Andrii Bondarenko,+380671000072,andrii.bondarenko72@example.com,79db1e22563af60be55a3717827926b76139d2428cbe693eba1643c2798e048d,UA000010000000000000000000146,EUR,60440.75,**** **** **** 1146,ACTIVE,TRANSFER,2673.65,FAILED,2024-01-02T23:23:00,UA000010000000000000000000104,
CUST-1054,Dmytro Tkachenko,+380671000054,dmytro.tkachenko54@example.com,db383db8666c1c7f372e49b801a0405e0dd4193ab772163521b16e78879fa334,UA000010000000000000000000110,UAH,27899.8,**** **** **** 1110,BLOCKED,BILL_PAYMENT,1346.73,FAILED,2024-01-02T23:30:00,,BILL-50330
CUST-1012,Andrii Shevchenko,+380671000012,andrii.shevchenko12@example.com,fdac810d0c09f25c5ddcee9976ab1f1ae1973dba7c65152d95b0937bc2a6c883,UA000010000000000000000000025,UAH,96117.11,**** **** **** 1025,ACTIVE,TRANSFER,14726.19,COMPLETED,2024-01-02T23:37:00,UA000010000000000000000000083,
CUST-1031,Andrii Melnyk,+380671000031,andrii.melnyk31@example.com,3b3ad733c8571384c133694595c33d96c638b36f08a484bd0ad38bf312fdb294,UA000010000000000000000000064,USD,87344.51,**** **** **** 1064,BLOCKED,TRANSFER,3948.74,PENDING,2024-01-02T23:44:00,UA000010000000000000000000115,
CUST-1096,Ivan Bondarenko,+380671000096,ivan.bondarenko96@example.com,38ee64c8e2536e41e2543266f6a5216747b24c8b8ada7d5f7cfba8b1e80752fb,UA000010000000000000000000193,USD,86156.5,**** **** **** 1193,BLOCKED,BILL_PAYMENT,14312.82,COMPLETED,2024-01-02T23:51:00,,BILL-50333
CUST-1074,Olena Tkachuk,+380671000074,olena.tkachuk74@example.com,efacf97ed63d8d618e5c1f03e2fbd3656ed4c97ba04abf6db791534b425641c2,UA000010000000000000000000150,UAH,85107.99,**** **** **** 1150,BLOCKED,TRANSFER,3960.22,COMPLETED,2024-01-02T23:58:00,UA000010000000000000000000178,
CUST-1030,Olena Melnyk,+380671000030,olena.melnyk30@example.com,85fcbe6bf830f23209ea6a932921e8da31a653a24a20cb84e75c4997e505690b,UA000010000000000000000000061,USD,3453.85,**** **** **** 1061,BLOCKED,TRANSFER,10033.4,COMPLETED,2024-01-03T00:05:00,UA000010000000000000000000079,
CUST-1020,Andrii Shevchenko,+380671000020,andrii.shevchenko20@example.com,51d11024031a8951b4722671adfc8587538f5e5417206e7862e60752758a5c35,UA000010000000000000000000041,EUR,81893.31,**** **** **** 1041,BLOCKED,BILL_PAYMENT,10306.8,FAILED,2024-01-03T00:12:00,,BILL-50336
CUST-1098,Sofiia Shevchenko,+380671000098,sofiia.shevchenko98@example.com,125e175312b42ca54475207f1ad47df9ac421dd758fcc5c2ab19ae31e451cc53,UA000010000000000000000000198,UAH,55647.23,**** **** **** 1198,ACTIVE,BILL_PAYMENT,10369.84,FAILED,2024-01-03T00:19:00,,BILL-50337
CUST-1037,Maksym Bondarenko,+380671000037,maksym.bondarenko37@example.com,1a31ac086ebf1341c916929e6d982767cd8568887d7c930ba8abd062afa08eac,UA000010000000000000000000076,USD,90050.97,**** **** **** 1076,ACTIVE,BILL_PAYMENT,9238.65,PENDING,2024-01-03T00:26:00,,BILL-50338
CUST-1017,Olena Shevchenko,+380671000017,olena.shevchenko17@example.com,4a6b7fa040bcfc734a113fee84d3789c0a626d70d029afad0d1c3e7b6c562e14,UA000010000000000000000000035,UAH,46370.27,**** **** **** 1035,ACTIVE,BILL_PAYMENT,2340.12,FAILED,2024-01-03T00:33:00,,BILL-50339
CUST-1077,Kateryna Koval,+380671000077,kateryna.koval77@example.com,2590d18604c282ff195459db33d0ae2caab98b14d4cbfdfd4dc3ed4923bf31b8,UA000010000000000000000000156,USD,44121.87,**** **** **** 1156,BLOCKED,BILL_PAYMENT,6266.89,FAILED,2024-01-03T00:40:00,,BILL-50340
CUST-1060,Dmytro Bondarenko,+380671000060,dmytro.bondarenko60@example.com,598ed9422e3d9c328f48cafc2c66a66a3d393b64290f7741d60e6e22c03ca031,UA000010000000000000000000121,USD,3873.46,**** **** **** 1121,BLOCKED,TRANSFER,11439.8,FAILED,2024-01-03T00:47:00,UA000010000000000000000000194,
CUST-1076,Sofiia Koval,+380671000076,sofiia.koval76@example.com,55e315face2c7bcfc4b1d43be3a863e3bbb565ad3dafe30a9dd45b51b190be9d,UA000010000000000000000000153,EUR,16146.12,**** **** **** 1153,ACTIVE,TRANSFER,7906.32,FAILED,2024-01-03T00:54:00,UA000010000000000000000000181,
CUST-1046,Sofiia Bondarenko,+380671000046,sofiia.bondarenko46@example.com,3f1b954c84d8216e09ae793664571dedb1e1bcc9a2bfdc2b6dc58db9a24fa7de,UA000010000000000000000000093,EUR,31731.53,**** **** **** 1093,ACTIVE,TRANSFER,13762.81,PENDING,2024-01-03T01:01:00,UA000010000000000000000000016,
CUST-1070,Maksym Melnyk,+380671000070,maksym.melnyk70@example.com,44b6dadf9835ff29d5342da14dfaf76e3d828081a1704b131baa355f950e6047,UA000010000000000000000000141,EUR,3542.16,**** **** **** 1141,BLOCKED,TRANSFER,8611.89,PENDING,2024-01-03T01:08:00,UA000010000000000000000000043,
CUST-1041,Sofiia Tkachuk,+380671000041,sofiia.tkachuk41@example.com,a8a5146b1f97c2c8987ccb3a87d2f30b8aa258c2a32cb96115bf381d42df875c,UA000010000000000000000000084,UAH,42624.19,**** **** **** 1084,BLOCKED,BILL_PAYMENT,1787.79,PENDING,2024-01-03T01:15:00,,BILL-50345
CUST-1091,Andrii Melnyk,+380671000091,andrii.melnyk91@example.com,7f6ceca338f7fe1bb409870c95cbf5009115df953af77a91ef912a11cf6423c7,UA000010000000000000000000184,UAH,87399.25,**** **** **** 1184,BLOCKED,BILL_PAYMENT,1409.58,FAILED,2024-01-03T01:22:00,,BILL-50346
CUST-1057,Ivan Shevchenko,+380671000057,ivan.shevchenko57@example.com,3b356cdbaeb3d03a6b6f713a048489d62fd63b4a8fd0c70a976cb0b70c119e46,UA000010000000000000000000115,USD,7164.31,**** **** **** 1115,BLOCKED,TRANSFER,6828.81,FAILED,2024-01-03T01:29:00,UA000010000000000000000000107,
CUST-1058,Maksym Tkachuk,+380671000058,maksym.tkachuk58@example.com,daa7c4bc3f1506b52b2bcc7864db9a96aee3ec1a8a68b29c5db60de1f8a6918b,UA000010000000000000000000117,EUR,38657.72,**** **** **** 1117,ACTIVE,TRANSFER,8404.02,FAILED,2024-01-03T01:36:00,UA000010000000000000000000079,
CUST-1092,Kateryna Melnyk,+380671000092,kateryna.melnyk92@example.com,905026a6ddab21a9d1dca17cc4f47b843eccd1c4806f7f3c59b88cdac12e339f,UA000010000000000000000000186,UAH,96584.27,**** **** **** 1186,BLOCKED,TRANSFER,5969.43,PENDING,2024-01-03T01:43:00,UA000010000000000000000000191,
CUST-1027,Olena Shevchenko,+380671000027,olena.shevchenko27@example.com,43b3ec9ea3961a319d37b4cc775d3f43f68709b62a93db10dd6c598137f28732,UA000010000000000000000000056,USD,89999.17,**** **** **** 1056,ACTIVE,TRANSFER,727.08,COMPLETED,2024-01-03T01:50:00,UA000010000000000000000000180,
CUST-1008,Ivan Bondarenko,+380671000008,ivan.bondarenko8@example.com,c8fea5b0b76dc690feaf5544749f99b40e78e2a37c0e867a086696509416302a,UA000010000000000000000000017,UAH,86600.39,**** **** **** 1017,ACTIVE,TRANSFER,14022.01,PENDING,2024-01-03T01:57:00,UA000010000000000000000000121,
CUST-1004,Olena Bondarenko,+380671000004,olena.bondarenko4@example.com,a417b5dc3d06d15d91c6687e27fc1705ebc56b3b2d813abe03066e5643fe4e74,UA000010000000000000000000009,UAH,40859.51,**** **** **** 1009,BLOCKED,BILL_PAYMENT,6162.56,PENDING,2024-01-03T02:04:00,,BILL-50352
CUST-1098,Sofiia Shevchenko,+380671000098,sofiia.shevchenko98@example.com,125e175312b42ca54475207f1ad47df9ac421dd758fcc5c2ab19ae31e451cc53,UA000010000000000000000000197,EUR,9037.56,**** **** **** 1197,ACTIVE,BILL_PAYMENT,5648.19,COMPLETED,2024-01-03T02:11:00,,BILL-50353
CUST-1057,Ivan Shevchenko,+380671000057,ivan.shevchenko57@example.com,3b356cdbaeb3d03a6b6f713a048489d62fd63b4a8fd0c70a976cb0b70c119e46,UA000010000000000000000000115,USD,7164.31,**** **** **** 1115,BLOCKED,BILL_PAYMENT,5665.9,FAILED,2024-01-03T02:18:00,,BILL-50354
CUST-1084,Olena Shevchenko,+380671000084,olena.shevchenko84@example.com,11ee91bdbb90b967d18e45226bd3bc17d72a85a4486315b3568d070722445fe1,UA000010000000000000000000170,USD,55793.82,**** **** **** 1170,BLOCKED,TRANSFER,9820.33,COMPLETED,2024-01-03T02:25:00,UA000010000000000000000000031,
CUST-1022,Olena Melnyk,+380671000022,olena.melnyk22@example.com,d0f82756c4d40d20e1fdbc90cf4da4adff02fe23b355687525880514642f764e,UA000010000000000000000000046,UAH,69062.22,**** **** **** 1046,BLOCKED,BILL_PAYMENT,7956.2,FAILED,2024-01-03T02:32:00,,BILL-50356
CUST-1028,Sofiia Tkachenko,+380671000028,sofiia.tkachenko28@example.com,034a0cdf079dfa3ca924e07e3c509bbf50768d1949b021c0ea0030cff80ba4d1,UA000010000000000000000000058,EUR,11176.57,**** **** **** 1058,BLOCKED,TRANSFER,11354.88,COMPLETED,2024-01-03T02:39:00,UA000010000000000000000000119,
CUST-1086,Maksym Koval,+380671000086,maksym.koval86@example.com,3c0c8e2f0527574ed275f4fc831af606b283370490f9c39c7389fb5d16dd6ac8,UA000010000000000000000000173,USD,25888.96,**** **** **** 1173,ACTIVE,BILL_PAYMENT,8002.41,PENDING,2024-01-03T02:46:00,,BILL-50358
CUST-1031,Andrii Melnyk,+380671000031,andrii.melnyk31@example.com,3b3ad733c8571384c133694595c33d96c638b36f08a484bd0ad38bf312fdb294,UA000010000000000000000000064,USD,87344.51,**** **** **** 1064,BLOCKED,BILL_PAYMENT,5225.09,COMPLETED,2024-01-03T02:53:00,,BILL-50359
CUST-1024,Andrii Tkachuk,+380671000024,andrii.tkachuk24@example.com,cafdc894eacc597ad76db1a750ccb876d4ed69c73b7d3d23f5e3a9e3b5c9fc2e,UA000010000000000000000000049,UAH,1351.02,**** **** **** 1049,ACTIVE,TRANSFER,531.65,FAILED,2024-01-03T03:00:00,UA000010000000000000000000108,
CUST-1078,Ivan Bondarenko,+380671000078,ivan.bondarenko78@example.com,70dfb731f9ecfb0c9015b28838281e2a3cde900a791c45532154ddb5a95ed31b,UA000010000000000000000000158,USD,88281.49,**** **** **** 1158,ACTIVE,TRANSFER,3647.96,PENDING,2024-01-03T03:07:00,UA000010000000000000000000026,
CUST-1076,Sofiia Koval,+380671000076,sofiia.koval76@example.com,55e315face2c7bcfc4b1d43be3a863e3bbb565ad3dafe30a9dd45b51b190be9d,UA000010000000000000000000153,EUR,16146.12,**** **** **** 1153,ACTIVE,TRANSFER,6724.29,FAILED,2024-01-03T03:14:00,UA000010000000000000000000181,
CUST-1006,Ivan Shevchenko,+380671000006,ivan.shevchenko6@example.com,5c4950c94a3461441c356afa783f76b83b38fd65f730f291403efbcc798acc1f,UA000010000000000000000000013,UAH,44869.94,**** **** **** 1013,ACTIVE,TRANSFER,11121.09,COMPLETED,2024-01-03T03:21:00,UA000010000000000000000000113,
CUST-1029,Olena Koval,+380671000029,olena.koval29@example.com,53f6f072e26d36b9e55d5dc828872856d5286f18ce3818d367f9e4473e464a66,UA000010000000000000000000060,UAH,97644.4,**** **** **** 1060,ACTIVE,TRANSFER,11328.07,PENDING,2024-01-03T03:28:00,UA000010000000000000000000036,
CUST-1064,Andrii Bondarenko,+380671000064,andrii.bondarenko64@example.com,51031e17ce0a58242bf97f01a2883d077c6dd21f22674ee500dbfb60228851e7,UA000010000000000000000000129,USD,34412.55,**** **** **** 1129,BLOCKED,BILL_PAYMENT,3550.71,FAILED,2024-01-03T03:35:00,,BILL-50365
CUST-1073,Maksym Bondarenko,+380671000073,maksym.bondarenko73@example.com,25ac9b17f8113ceda4e3b18b639ac0c5821fa6cf61e31a4b2cafec4573b89522,UA000010000000000000000000148,EUR,43409.42,**** **** **** 1148,BLOCKED,BILL_PAYMENT,8683.25,FAILED,2024-01-03T03:42:00,,BILL-50366
CUST-1041,Sofiia Tkachuk,+380671000041,sofiia.tkachuk41@example.com,a8a5146b1f97c2c8987ccb3a87d2f30b8aa258c2a32cb96115bf381d42df875c,UA000010000000000000000000083,EUR,30269.87,**** **** **** 1083,ACTIVE,TRANSFER,4561.38,PENDING,2024-01-03T03:49:00,UA000010000000000000000000170,
CUST-1066,Olena Tkachuk,+380671000066,olena.tkachuk66@example.com,06599c96e52ff54f21e65cec89df4b96ce519704136d6f7246a56be613eed8fb,UA000010000000000000000000134,EUR,4985.56,**** **** **** 1134,ACTIVE,TRANSFER,6232.73,COMPLETED,2024-01-03T03:56:00,UA000010000000000000000000016,
CUST-1071,Ivan Tkachuk,+380671000071,ivan.tkachuk71@example.com,a06afaf373a81a1bcd1641fdd0f8b9c2c0d7104171abafbd80d11e933a9c6a13,UA000010000000000000000000143,USD,94205.59,**** **** **** 1143,ACTIVE,TRANSFER,9408.6,COMPLETED,2024-01-03T04:03:00,UA000010000000000000000000127,
CUST-1006,Ivan Shevchenko,+380671000006,ivan.shevchenko6@example.com,5c4950c94a3461441c356afa783f76b83b38fd65f730f291403efbcc798acc1f,UA000010000000000000000000013,UAH,44869.94,**** **** **** 1013,ACTIVE,BILL_PAYMENT,14126.72,FAILED,2024-01-03T04:10:00,,BILL-50370
CUST-1048,Iryna Melnyk,+380671000048,iryna.melnyk48@example.com,ffe4daf45af0e803fbe1fba2de5c7f7644f30b71ddb082100779d7884e0291c2,UA000010000000000000000000098,USD,25154.46,**** **** **** 1098,ACTIVE,BILL_PAYMENT,10459.81,COMPLETED,2024-01-03T04:17:00,,BILL-50371
CUST-1019,Kateryna Tkachenko,+380671000019,kateryna.tkachenko19@example.com,871431053023291d24b403f1f9d761c6f01b3050a0a83cd9d9759a970f8d4d92,UA000010000000000000000000039,USD,83540.75,**** **** **** 1039,BLOCKED,BILL_PAYMENT,5678.08,FAILED,2024-01-03T04:24:00,,BILL-50372
CUST-1060,Dmytro Bondarenko,+380671000060,dmytro.bondarenko60@example.com,598ed9422e3d9c328f48cafc2c66a66a3d393b64290f7741d60e6e22c03ca031,UA000010000000000000000000122,EUR,68235.05,**** **** **** 1122,BLOCKED,TRANSFER,12747.65,COMPLETED,2024-01-03T04:31:00,UA000010000000000000000000182,
CUST-1018,Dmytro Shevchenko,+380671000018,dmytro.shevchenko18@example.com,b99ddd77e59c96b13b64b3abe1902db4c0a76dabf8622aa6c71f8f5670be6625,UA000010000000000000000000037,UAH,93392.68,**** **** **** 1037,ACTIVE,BILL_PAYMENT,13725.38,FAILED,2024-01-03T04:38:00,,BILL-50374
CUST-1052,Andrii Tkachuk,+380671000052,andrii.tkachuk52@example.com,f511f615cd867553edd2fc66f4dc34441851f699cc1457f767c5ec0bad8cd250,UA000010000000000000000000106,EUR,86288.0,**** **** **** 1106,BLOCKED,BILL_PAYMENT,8381.44,PENDING,2024-01-03T04:45:00,,BILL-50375
CUST-1049,Iryna Koval,+380671000049,iryna.koval49@example.com,a0c69ae7ad7629347d41a89d9a558b26bd9b126a3a183f3498444843acd7270d,UA000010000000000000000000100,UAH,80606.88,**** **** **** 1100,BLOCKED,TRANSFER,3862.18,COMPLETED,2024-01-03T04:52:00,UA000010000000000000000000166,
CUST-1010,Dmytro Koval,+380671000010,dmytro.koval10@example.com,b35892cb8b089e03e4420b94df688122a2b76d4ad0f8b94ad20808bb029e48a5,UA000010000000000000000000021,UAH,19799.89,**** **** **** 1021,ACTIVE,BILL_PAYMENT,12714.64,PENDING,2024-01-03T04:59:00,,BILL-50377
CUST-1068,Kateryna Shevchenko,+380671000068,kateryna.shevchenko68@example.com,5a583fab00aa1c17acaad80b2b9b5a16a8563e7e66808bf4b4acbfb55d9b85d4,UA000010000000000000000000138,USD,70247.03,**** **** **** 1138,BLOCKED,TRANSFER,820.47,COMPLETED,2024-01-03T05:06:00,UA000010000000000000000000173,
CUST-1077,Kateryna Koval,+380671000077,kateryna.koval77@example.com,2590d18604c282ff195459db33d0ae2caab98b14d4cbfdfd4dc3ed4923bf31b8,UA000010000000000000000000155,EUR,81011.72,**** **** **** 1155,BLOCKED,TRANSFER,13110.63,PENDING,2024-01-03T05:13:00,UA000010000000000000000000195,
CUST-1075,Andrii Tkachuk,+380671000075,andrii.tkachuk75@example.com,aaa88f12093ddca8064cdb97bf7635d7cd82c94d264121133f79f24e9b645bf1,UA000010000000000000000000151,UAH,43918.82,**** **** **** 1151,BLOCKED,TRANSFER,7216.94,COMPLETED,2024-01-03T05:20:00,UA000010000000000000000000078,
CUST-1001,Andrii Koval,+380671000001,andrii.koval1@example.com,e6c3da5b206634d7f3f3586d747ffdb36b5c675757b380c6a5fe5c570c714349,UA000010000000000000000000004,UAH,54384.16,**** **** **** 1004,BLOCKED,TRANSFER,14060.54,FAILED,2024-01-03T05:27:00,UA000010000000000000000000031,
CUST-1095,Olena Tkachenko,+380671000095,olena.tkachenko95@example.com,b3f20ff60a6e1eda26f8c412e7173c7ee7f5b3a1124b87a38d3deb63274c1a61,UA000010000000000000000000192,EUR,38657.42,**** **** **** 1192,BLOCKED,BILL_PAYMENT,13720.9,FAILED,2024-01-03T05:34:00,,BILL-50382
CUST-1077,Kateryna Koval,+380671000077,kateryna.koval77@example.com,2590d18604c282ff195459db33d0ae2caab98b14d4cbfdfd4dc3ed4923bf31b8,UA000010000000000000000000155,EUR,81011.72,**** **** **** 1155,BLOCKED,TRANSFER,5979.65,PENDING,2024-01-03T05:41:00,UA000010000000000000000000142,
CUST-1041,Sofiia Tkachuk,+380671000041,sofiia.tkachuk41@example.com,a8a5146b1f97c2c8987ccb3a87d2f30b8aa258c2a32cb96115bf381d42df875c,UA000010000000000000000000083,EUR,30269.87,**** **** **** 1083,ACTIVE,BILL_PAYMENT,5740.89,FAILED,2024-01-03T05:48:00,,BILL-50384
CUST-1083,Sofiia Bondarenko,+380671000083,sofiia.bondarenko83@example.com,dd76076f40644e9e57f7459bfc37b2ef8b7084bda5a3127c24a62c86dd45eb0b,UA000010000000000000000000167,USD,79500.35,**** **** **** 1167,ACTIVE,BILL_PAYMENT,4660.91,COMPLETED,2024-01-03T05:55:00,,BILL-50385
CUST-1065,Ivan Tkachuk,+380671000065,ivan.tkachuk65@example.com,3c62426f46ebb414ff53540c6f1af32639c28b434126ae98b9f1651dd5e4fd4a,UA000010000000000000000000132,UAH,75153.4,**** **** **** 1132,ACTIVE,BILL_PAYMENT,7016.76,FAILED,2024-01-03T06:02:00,,BILL-50386
CUST-1060,Dmytro Bondarenko,+380671000060,dmytro.bondarenko60@example.com,598ed9422e3d9c328f48cafc2c66a66a3d393b64290f7741d60e6e22c03ca031,UA000010000000000000000000121,USD,3873.46,**** **** **** 1121,BLOCKED,BILL_PAYMENT,13719.24,COMPLETED,2024-01-03T06:09:00,,BILL-50387
CUST-1040,Andrii Tkachuk,+380671000040,andrii.tkachuk40@example.com,d88a53cd8ffe65ab18d2c62882479559aa781642ce7a8d340b22fc0a637b0359,UA000010000000000000000000081,EUR,90104.64,**** **** **** 1081,BLOCKED,BILL_PAYMENT,733.45,PENDING,2024-01-03T06:16:00,,BILL-50388
CUST-1094,Sofiia Koval,+380671000094,sofiia.koval94@example.com,3fdd6e2fcae488c7c7818992ad08249cd0f6576f6ff846bcecaa816e002cde3c,UA000010000000000000000000190,UAH,99397.89,**** **** **** 1190,ACTIVE,TRANSFER,292.49,FAILED,2024-01-03T06:23:00,UA000010000000000000000000150,
CUST-1074,Olena Tkachuk,+380671000074,olena.tkachuk74@example.com,efacf97ed63d8d618e5c1f03e2fbd3656ed4c97ba04abf6db791534b425641c2,UA000010000000000000000000149,UAH,51090.12,**** **** **** 1149,BLOCKED,BILL_PAYMENT,4463.12,PENDING,2024-01-03T06:30:00,,BILL-50390
CUST-1042,Kateryna Shevchenko,+380671000042,kateryna.shevchenko42@example.com,de3543c757d459090b9adaf9a80a54d54724a0f1600d4c77d6017dde58cf1189,UA000010000000000000000000085,EUR,75065.32,**** **** **** 1085,ACTIVE,TRANSFER,5728.6,PENDING,2024-01-03T06:37:00,UA000010000000000000000000128,
CUST-1070,Maksym Melnyk,+380671000070,maksym.melnyk70@example.com,44b6dadf9835ff29d5342da14dfaf76e3d828081a1704b131baa355f950e6047,UA000010000000000000000000141,EUR,3542.16,**** **** **** 1141,BLOCKED,BILL_PAYMENT,3897.04,COMPLETED,2024-01-03T06:44:00,,BILL-50392
CUST-1092,Kateryna Melnyk,+380671000092,kateryna.melnyk92@example.com,905026a6ddab21a9d1dca17cc4f47b843eccd1c4806f7f3c59b88cdac12e339f,UA000010000000000000000000186,UAH,96584.27,**** **** **** 1186,BLOCKED,BILL_PAYMENT,6939.39,FAILED,2024-01-03T06:51:00,,BILL-50393
CUST-1045,Andrii Shevchenko,+380671000045,andrii.shevchenko45@example.com,64bf83fcf172a284e3db6b4cc76bb175184ee9dd57e77f0421e3e401ea3858e0,UA000010000000000000000000091,EUR,9394.76,**** **** **** 1091,BLOCKED,TRANSFER,2142.38,FAILED,2024-01-03T06:58:00,UA000010000000000000000000126,
CUST-1023,Olena Bondarenko,+380671000023,olena.bondarenko23@example.com,8893186d24cce07e1c82f2e020d41177e699318b4be9535483fdf55edf58cd50,UA000010000000000000000000048,UAH,63794.16,**** **** **** 1048,BLOCKED,TRANSFER,7882.97,PENDING,2024-01-03T07:05:00,UA000010000000000000000000172,
CUST-1006,Ivan Shevchenko,+380671000006,ivan.shevchenko6@example.com,5c4950c94a3461441c356afa783f76b83b38fd65f730f291403efbcc798acc1f,UA000010000000000000000000013,UAH,44869.94,**** **** **** 1013,ACTIVE,TRANSFER,6215.26,FAILED,2024-01-03T07:12:00,UA000010000000000000000000060,
CUST-1008,Ivan Bondarenko,+380671000008,ivan.bondarenko8@example.com,c8fea5b0b76dc690feaf5544749f99b40e78e2a37c0e867a086696509416302a,UA000010000000000000000000018,UAH,38518.34,**** **** **** 1018,BLOCKED,TRANSFER,186.66,FAILED,2024-01-03T07:19:00,UA000010000000000000000000117,
CUST-1047,Kateryna Koval,+380671000047,kateryna.koval47@example.com,dbb70b94b6b192a1085e8056872daa4eb24002d47c82e88b1323f1a5882567ba,UA000010000000000000000000096,USD,42029.66,**** **** **** 1096,ACTIVE,TRANSFER,9286.64,FAILED,2024-01-03T07:26:00,UA000010000000000000000000158,
CUST-1061,Olena Melnyk,+380671000061,olena.melnyk61@example.com,da3df0f1c138cc7b9e79e218587a605e12b7a9b9ac24e1287da5ed056cf10c22,UA000010000000000000000000124,UAH,98091.48,**** **** **** 1124,ACTIVE,BILL_PAYMENT,285.19,FAILED,2024-01-03T07:33:00,,BILL-50399
CUST-1070,Maksym Melnyk,+380671000070,maksym.melnyk70@example.com,44b6dadf9835ff29d5342da14dfaf76e3d828081a1704b131baa355f950e6047,UA000010000000000000000000142,EUR,68057.38,**** **** **** 1142,BLOCKED,BILL_PAYMENT,227.17,FAILED,2024-01-03T07:40:00,,BILL-50400
CUST-1092,Kateryna Melnyk,+380671000092,kateryna.melnyk92@example.com,905026a6ddab21a9d1dca17cc4f47b843eccd1c4806f7f3c59b88cdac12e339f,UA000010000000000000000000185,USD,48392.71,**** **** **** 1185,BLOCKED,BILL_PAYMENT,8059.28,COMPLETED,2024-01-03T07:47:00,,BILL-50401
CUST-1002,Sofiia Koval,+380671000002,sofiia.koval2@example.com,1ba3d16e9881959f8c9a9762854f72c6e6321cdd44358a10a4e939033117eab9,UA000010000000000000000000005,UAH,78677.32,**** **** **** 1005,BLOCKED,BILL_PAYMENT,12102.21,PENDING,2024-01-03T07:54:00,,BILL-50402
CUST-1013,Maksym Tkachuk,+380671000013,maksym.tkachuk13@example.com,1e53de2a2b4ab888cc24002ef8832d433b21956ab83ddeef989c8224b5c8f9f2,UA000010000000000000000000028,UAH,94218.02,**** **** **** 1028,ACTIVE,TRANSFER,7889.56,PENDING,2024-01-03T08:01:00,UA000010000000000000000000050,
CUST-1079,Kateryna Melnyk,+380671000079,kateryna.melnyk79@example.com,f46c534ea1cb330122334be00303592a10bcbbc238d1b11e1b498d4486d13755,UA000010000000000000000000159,USD,57415.11,**** **** **** 1159,BLOCKED,BILL_PAYMENT,12237.46,COMPLETED,2024-01-03T08:08:00,,BILL-50404
CUST-1050,Andrii Koval,+380671000050,andrii.koval50@example.com,be46e03449534372e45f1abf511f78148625cf11d99f2f550e2f32b3a551dfb6,UA000010000000000000000000102,USD,14200.57,**** **** **** 1102,BLOCKED,TRANSFER,5627.12,COMPLETED,2024-01-03T08:15:00,UA000010000000000000000000118,
CUST-1072,Andrii Bondarenko,+380671000072,andrii.bondarenko72@example.com,79db1e22563af60be55a3717827926b76139d2428cbe693eba1643c2798e048d,UA000010000000000000000000145,UAH,70022.11,**** **** **** 1145,BLOCKED,TRANSFER,14853.98,PENDING,2024-01-03T08:22:00,UA000010000000000000000000077,
CUST-1087,Iryna Bondarenko,+380671000087,iryna.bondarenko87@example.com,4a2efe616f41f27f583d7e1e628a7b019f2b2603677ae0216d14559eefb83975,UA000010000000000000000000176,UAH,22422.08,**** **** **** 1176,BLOCKED,TRANSFER,9823.35,FAILED,2024-01-03T08:29:00,UA000010000000000000000000195,
CUST-1004,Olena Bondarenko,+380671000004,olena.bondarenko4@example.com,a417b5dc3d06d15d91c6687e27fc1705ebc56b3b2d813abe03066e5643fe4e74,UA000010000000000000000000009,UAH,40859.51,**** **** **** 1009,BLOCKED,TRANSFER,6108.91,COMPLETED,2024-01-03T08:36:00,UA000010000000000000000000142,
CUST-1060,Dmytro Bondarenko,+380671000060,dmytro.bondarenko60@example.com,598ed9422e3d9c328f48cafc2c66a66a3d393b64290f7741d60e6e22c03ca031,UA000010000000000000000000122,EUR,68235.05,**** **** **** 1122,BLOCKED,TRANSFER,9569.38,FAILED,2024-01-03T08:43:00,UA000010000000000000000000044,
CUST-1010,Dmytro Koval,+380671000010,dmytro.koval10@example.com,b35892cb8b089e03e4420b94df688122a2b76d4ad0f8b94ad20808bb029e48a5,UA000010000000000000000000022,UAH,58338.85,**** **** **** 1022,ACTIVE,BILL_PAYMENT,12687.68,FAILED,2024-01-03T08:50:00,,BILL-50410
CUST-1042,Kateryna Shevchenko,+380671000042,kateryna.shevchenko42@example.com,de3543c757d459090b9adaf9a80a54d54724a0f1600d4c77d6017dde58cf1189,UA000010000000000000000000085,EUR,75065.32,**** **** **** 1085,ACTIVE,TRANSFER,13427.13,PENDING,2024-01-03T08:57:00,UA000010000000000000000000059,
CUST-1027,Olena Shevchenko,+380671000027,olena.shevchenko27@example.com,43b3ec9ea3961a319d37b4cc775d3f43f68709b62a93db10dd6c598137f28732,UA000010000000000000000000055,USD,13617.11,**** **** **** 1055,BLOCKED,BILL_PAYMENT,4102.87,PENDING,2024-01-03T09:04:00,,BILL-50412
CUST-1087,Iryna Bondarenko,+380671000087,iryna.bondarenko87@example.com,4a2efe616f41f27f583d7e1e628a7b019f2b2603677ae0216d14559eefb83975,UA000010000000000000000000176,UAH,22422.08,**** **** **** 1176,BLOCKED,BILL_PAYMENT,13494.71,FAILED,2024-01-03T09:11:00,,BILL-50413
CUST-1084,Olena Shevchenko,+380671000084,olena.shevchenko84@example.com,11ee91bdbb90b967d18e45226bd3bc17d72a85a4486315b3568d070722445fe1,UA000010000000000000000000169,USD,66732.04,**** **** **** 1169,BLOCKED,TRANSFER,2731.35,COMPLETED,2024-01-03T09:18:00,UA000010000000000000000000005,
CUST-1026,Sofiia Tkachuk,+380671000026,sofiia.tkachuk26@example.com,45e17065ddc6fb3a682f7732df5804652952dbe1f5ca5377a661515a8fcf66be,UA000010000000000000000000054,USD,58668.45,**** **** **** 1054,ACTIVE,TRANSFER,11296.2,FAILED,2024-01-03T09:25:00,UA000010000000000000000000102,
CUST-1009,Sofiia Tkachuk,+380671000009,sofiia.tkachuk9@example.com,2d4589473fb3f4581d7452cd25182159d68d2a50056a0cce35a529b010e32f2b,UA000010000000000000000000020,USD,42877.74,**** **** **** 1020,BLOCKED,BILL_PAYMENT,2478.63,PENDING,2024-01-03T09:32:00,,BILL-50416
CUST-1072,Andrii Bondarenko,+380671000072,andrii.bondarenko72@example.com,79db1e22563af60be55a3717827926b76139d2428cbe693eba1643c2798e048d,UA000010000000000000000000146,EUR,60440.75,**** **** **** 1146,ACTIVE,BILL_PAYMENT,10171.67,FAILED,2024-01-03T09:39:00,,BILL-50417
CUST-1042,Kateryna Shevchenko,+380671000042,kateryna.shevchenko42@example.com,de3543c757d459090b9adaf9a80a54d54724a0f1600d4c77d6017dde58cf1189,UA000010000000000000000000085,EUR,75065.32,**** **** **** 1085,ACTIVE,BILL_PAYMENT,11346.36,PENDING,2024-01-03T09:46:00,,BILL-50418
CUST-1088,Maksym Tkachenko,+380671000088,maksym.tkachenko88@example.com,1d45a36925bcb8f729f8f06ee0ec689f440cc6b08c3a0573ed12e10104e1e9a0,UA000010000000000000000000177,USD,72733.92,**** **** **** 1177,BLOCKED,TRANSFER,7536.85,COMPLETED,2024-01-03T09:53:00,UA000010000000000000000000014,
CUST-1012,Andrii Shevchenko,+380671000012,andrii.shevchenko12@example.com,fdac810d0c09f25c5ddcee9976ab1f1ae1973dba7c65152d95b0937bc2a6c883,UA000010000000000000000000026,UAH,7783.61,**** **** **** 1026,ACTIVE,BILL_PAYMENT,3520.55,PENDING,2024-01-03T10:00:00,,BILL-50420
CUST-1043,Sofiia Shevchenko,+380671000043,sofiia.shevchenko43@example.com,db9aa0719dbf5cac40e44b268042014e9bc28b4134df9051a35f8c64f6603b6f,UA000010000000000000000000088,USD,21808.09,**** **** **** 1088,BLOCKED,BILL_PAYMENT,14535.36,COMPLETED,2024-01-03T10:07:00,,BILL-50421
CUST-1003,Olena Tkachuk,+380671000003,olena.tkachuk3@example.com,3acb59306ef6e660cf832d1d34c4fba3d88d616f0bb5c2a9e0f82d18ef6fc167,UA000010000000000000000000008,EUR,6362.95,**** **** **** 1008,ACTIVE,BILL_PAYMENT,11764.04,COMPLETED,2024-01-03T10:14:00,,BILL-50422
CUST-1062,Dmytro Bondarenko,+380671000062,dmytro.bondarenko62@example.com,9b857dc1d1dc03b131bdb429b972f5f28c7d72b8466a22d54c359c48d19551fe,UA000010000000000000000000126,UAH,64632.22,**** **** **** 1126,ACTIVE,TRANSFER,5369.38,COMPLETED,2024-01-03T10:21:00,UA000010000000000000000000111,
CUST-1023,Olena Bondarenko,+380671000023,olena.bondarenko23@example.com,8893186d24cce07e1c82f2e020d41177e699318b4be9535483fdf55edf58cd50,UA000010000000000000000000048,UAH,63794.16,**** **** **** 1048,BLOCKED,BILL_PAYMENT,1331.13,FAILED,2024-01-03T10:28:00,,BILL-50424
CUST-1037,Maksym Bondarenko,+380671000037,maksym.bondarenko37@example.com,1a31ac086ebf1341c916929e6d982767cd8568887d7c930ba8abd062afa08eac,UA000010000000000000000000076,USD,90050.97,**** **** **** 1076,ACTIVE,TRANSFER,10710.97,PENDING,2024-01-03T10:35:00,UA000010000000000000000000069,
CUST-1019,Kateryna Tkachenko,+380671000019,kateryna.tkachenko19@example.com,871431053023291d24b403f1f9d761c6f01b3050a0a83cd9d9759a970f8d4d92,UA000010000000000000000000040,EUR,98401.48,**** **** **** 1040,ACTIVE,BILL_PAYMENT,10689.57,FAILED,2024-01-03T10:42:00,,BILL-50426
CUST-1019,Kateryna Tkachenko,+380671000019,kateryna.tkachenko19@example.com,871431053023291d24b403f1f9d761c6f01b3050a0a83cd9d9759a970f8d4d92,UA000010000000000000000000040,EUR,98401.48,**** **** **** 1040,ACTIVE,BILL_PAYMENT,4784.34,PENDING,2024-01-03T10:49:00,,BILL-50427
CUST-1011,Iryna Bondarenko,+380671000011,iryna.bondarenko11@example.com,8057f787ebd8b4f9d40f53d7fbbfcbdde7067c1a074435b68f525b3de0e2ac2b,UA000010000000000000000000024,EUR,48202.06,**** **** **** 1024,ACTIVE,TRANSFER,14147.26,COMPLETED,2024-01-03T10:56:00,UA000010000000000000000000093,
CUST-1097,Sofiia Bondarenko,+380671000097,sofiia.bondarenko97@example.com,7f5106053c87018f57187a0a485dedacb2ef37f08f05ab2313f23217a9ee928b,UA000010000000000000000000195,EUR,96050.77,**** **** **** 1195,ACTIVE,BILL_PAYMENT,1578.36,PENDING,2024-01-03T11:03:00,,BILL-50429
CUST-1023,Olena Bondarenko,+380671000023,olena.bondarenko23@example.com,8893186d24cce07e1c82f2e020d41177e699318b4be9535483fdf55edf58cd50,UA000010000000000000000000048,UAH,63794.16,**** **** **** 1048,BLOCKED,BILL_PAYMENT,6760.21,FAILED,2024-01-03T11:10:00,,BILL-50430
CUST-1065,Ivan Tkachuk,+380671000065,ivan.tkachuk65@example.com,3c62426f46ebb414ff53540c6f1af32639c28b434126ae98b9f1651dd5e4fd4a,UA000010000000000000000000132,UAH,75153.4,**** **** **** 1132,ACTIVE,BILL_PAYMENT,1594.23,PENDING,2024-01-03T11:17:00,,BILL-50431
CUST-1045,Andrii Shevchenko,+380671000045,andrii.shevchenko45@example.com,64bf83fcf172a284e3db6b4cc76bb175184ee9dd57e77f0421e3e401ea3858e0,UA000010000000000000000000091,EUR,9394.76,**** **** **** 1091,BLOCKED,TRANSFER,8974.02,COMPLETED,2024-01-03T11:24:00,UA000010000000000000000000099,
CUST-1001,Andrii Koval,+380671000001,andrii.koval1@example.com,e6c3da5b206634d7f3f3586d747ffdb36b5c675757b380c6a5fe5c570c714349,UA000010000000000000000000004,UAH,54384.16,**** **** **** 1004,BLOCKED,BILL_PAYMENT,6236.46,PENDING,2024-01-03T11:31:00,,BILL-50433
CUST-1092,Kateryna Melnyk,+380671000092,kateryna.melnyk92@example.com,905026a6ddab21a9d1dca17cc4f47b843eccd1c4806f7f3c59b88cdac12e339f,UA000010000000000000000000186,UAH,96584.27,**** **** **** 1186,BLOCKED,TRANSFER,8600.81,PENDING,2024-01-03T11:38:00,UA000010000000000000000000176,
CUST-1048,Iryna Melnyk,+380671000048,iryna.melnyk48@example.com,ffe4daf45af0e803fbe1fba2de5c7f7644f30b71ddb082100779d7884e0291c2,UA000010000000000000000000098,USD,25154.46,**** **** **** 1098,ACTIVE,TRANSFER,2125.66,COMPLETED,2024-01-03T11:45:00,UA000010000000000000000000069,
CUST-1063,Iryna Bondarenko,+380671000063,iryna.bondarenko63@example.com,7e251ea07d59cd5fc9d7d1dc4225104e474b93d6c6881797dfbfa010774d4acb,UA000010000000000000000000127,USD,18991.17,**** **** **** 1127,BLOCKED,TRANSFER,995.84,COMPLETED,2024-01-03T11:52:00,UA000010000000000000000000071,
CUST-1053,Dmytro Bondarenko,+380671000053,dmytro.bondarenko53@example.com,f75b853a4521962ca5d349e4ca4cb69dce2dbfef61731cb9d14f1f2f1b6499fe,UA000010000000000000000000108,EUR,48975.1,**** **** **** 1108,ACTIVE,BILL_PAYMENT,7289.26,PENDING,2024-01-03T11:59:00,,BILL-50437
CUST-1046,Sofiia Bondarenko,+380671000046,sofiia.bondarenko46@example.com,3f1b954c84d8216e09ae793664571dedb1e1bcc9a2bfdc2b6dc58db9a24fa7de,UA000010000000000000000000093,EUR,31731.53,**** **** **** 1093,ACTIVE,BILL_PAYMENT,14166.12,FAILED,2024-01-03T12:06:00,,BILL-50438
CUST-1080,Ivan Shevchenko,+380671000080,ivan.shevchenko80@example.com,a5276c24114971eceb4d5149894034741bcf22825b30c39942ff63007e031956,UA000010000000000000000000161,UAH,49267.44,**** **** **** 1161,BLOCKED,BILL_PAYMENT,8927.41,PENDING,2024-01-03T12:13:00,,BILL-50439
CUST-1058,Maksym Tkachuk,+380671000058,maksym.tkachuk58@example.com,daa7c4bc3f1506b52b2bcc7864db9a96aee3ec1a8a68b29c5db60de1f8a6918b,UA000010000000000000000000118,USD,30562.65,**** **** **** 1118,BLOCKED,TRANSFER,2075.57,PENDING,2024-01-03T12:20:00,UA000010000000000000000000102,
CUST-1042,Kateryna Shevchenko,+380671000042,kateryna.shevchenko42@example.com,de3543c757d459090b9adaf9a80a54d54724a0f1600d4c77d6017dde58cf1189,UA000010000000000000000000086,EUR,57341.42,**** **** **** 1086,BLOCKED,BILL_PAYMENT,12070.94,COMPLETED,2024-01-03T12:27:00,,BILL-50441
CUST-1056,Iryna Shevchenko,+380671000056,iryna.shevchenko56@example.com,bacb5d03bee1af445b7cc73ba8db52a7fc01d474327c87899831ffe3b4c3543b,UA000010000000000000000000113,EUR,22181.33,**** **** **** 1113,BLOCKED,BILL_PAYMENT,6487.71,FAILED,2024-01-03T12:34:00,,BILL-50442
CUST-1076,Sofiia Koval,+380671000076,sofiia.koval76@example.com,55e315face2c7bcfc4b1d43be3a863e3bbb565ad3dafe30a9dd45b51b190be9d,UA000010000000000000000000153,EUR,16146.12,**** **** **** 1153,ACTIVE,TRANSFER,4541.51,FAILED,2024-01-03T12:41:00,UA000010000000000000000000178,
CUST-1025,Kateryna Bondarenko,+380671000025,kateryna.bondarenko25@example.com,0028e1c0d2c60966390545414567d33bca9f0165fece6d0109c59a3f29b5fdd0,UA000010000000000000000000052,EUR,1957.3,**** **** **** 1052,ACTIVE,BILL_PAYMENT,4747.04,COMPLETED,2024-01-03T12:48:00,,BILL-50444
CUST-1040,Andrii Tkachuk,+380671000040,andrii.tkachuk40@example.com,d88a53cd8ffe65ab18d2c62882479559aa781642ce7a8d340b22fc0a637b0359,UA000010000000000000000000082,EUR,41430.9,**** **** **** 1082,BLOCKED,BILL_PAYMENT,11036.37,FAILED,2024-01-03T12:55:00,,BILL-50445
CUST-1062,Dmytro Bondarenko,+380671000062,dmytro.bondarenko62@example.com,9b857dc1d1dc03b131bdb429b972f5f28c7d72b8466a22d54c359c48d19551fe,UA000010000000000000000000126,UAH,64632.22,**** **** **** 1126,ACTIVE,TRANSFER,4922.0,COMPLETED,2024-01-03T13:02:00,UA000010000000000000000000101,
CUST-1046,Sofiia Bondarenko,+380671000046,sofiia.bondarenko46@example.com,3f1b954c84d8216e09ae793664571dedb1e1bcc9a2bfdc2b6dc58db9a24fa7de,UA000010000000000000000000094,UAH,3418.11,**** **** **** 1094,ACTIVE,TRANSFER,13984.4,PENDING,2024-01-03T13:09:00,UA000010000000000000000000152,
CUST-1069,Andrii Melnyk,+380671000069,andrii.melnyk69@example.com,667d45d6d55c4fe6a7239bb554854e3b8fc0b392abea73864e91104bb1b4581d,UA000010000000000000000000140,UAH,96507.36,**** **** **** 1140,ACTIVE,TRANSFER,10241.6,FAILED,2024-01-03T13:16:00,UA000010000000000000000000007,
CUST-1093,Iryna Shevchenko,+380671000093,iryna.shevchenko93@example.com,3dcc4d43a91ae471be9fb0dfb7e7a44dcbaf8125b389d65d38604ec5582825ec,UA000010000000000000000000187,USD,12294.63,**** **** **** 1187,ACTIVE,BILL_PAYMENT,14147.47,PENDING,2024-01-03T13:23:00,,BILL-50449
CUST-1056,Iryna Shevchenko,+380671000056,iryna.shevchenko56@example.com,bacb5d03bee1af445b7cc73ba8db52a7fc01d474327c87899831ffe3b4c3543b,UA000010000000000000000000113,EUR,22181.33,**** **** **** 1113,BLOCKED,BILL_PAYMENT,12477.66,PENDING,2024-01-03T13:30:00,,BILL-50450
CUST-1052,Andrii Tkachuk,+380671000052,andrii.tkachuk52@example.com,f511f615cd867553edd2fc66f4dc34441851f699cc1457f767c5ec0bad8cd250,UA000010000000000000000000105,EUR,45145.45,**** **** **** 1105,ACTIVE,BILL_PAYMENT,2130.73,COMPLETED,2024-01-03T13:37:00,,BILL-50451
CUST-1030,Olena Melnyk,+380671000030,olena.melnyk30@example.com,85fcbe6bf830f23209ea6a932921e8da31a653a24a20cb84e75c4997e505690b,UA000010000000000000000000062,USD,80421.28,**** **** **** 1062,ACTIVE,BILL_PAYMENT,9897.01,FAILED,2024-01-03T13:44:00,,BILL-50452
CUST-1054,Dmytro Tkachenko,+380671000054,dmytro.tkachenko54@example.com,db383db8666c1c7f372e49b801a0405e0dd4193ab772163521b16e78879fa334,UA000010000000000000000000109,USD,44547.39,**** **** **** 1109,BLOCKED,BILL_PAYMENT,1155.78,FAILED,2024-01-03T13:51:00,,BILL-50453
CUST-1061,Olena Melnyk,+380671000061,olena.melnyk61@example.com,da3df0f1c138cc7b9e79e218587a605e12b7a9b9ac24e1287da5ed056cf10c22,UA000010000000000000000000123,EUR,17339.43,**** **** **** 1123,BLOCKED,BILL_PAYMENT,8038.79,FAILED,2024-01-03T13:58:00,,BILL-50454
CUST-1053,Dmytro Bondarenko,+380671000053,dmytro.bondarenko53@example.com,f75b853a4521962ca5d349e4ca4cb69dce2dbfef61731cb9d14f1f2f1b6499fe,UA000010000000000000000000108,EUR,48975.1,**** **** **** 1108,ACTIVE,TRANSFER,11871.28,COMPLETED,2024-01-03T14:05:00,UA000010000000000000000000180,
CUST-1068,Kateryna Shevchenko,+380671000068,kateryna.shevchenko68@example.com,5a583fab00aa1c17acaad80b2b9b5a16a8563e7e66808bf4b4acbfb55d9b85d4,UA000010000000000000000000138,USD,70247.03,**** **** **** 1138,BLOCKED,TRANSFER,1685.07,PENDING,2024-01-03T14:12:00,UA000010000000000000000000169,
CUST-1085,Iryna Shevchenko,+380671000085,iryna.shevchenko85@example.com,cfecdf5846f8e8279f4dcf79a2135308e11c0d283175a2fb79b33b76f487cb24,UA000010000000000000000000171,USD,99666.51,**** **** **** 1171,BLOCKED,BILL_PAYMENT,2536.76,FAILED,2024-01-03T14:19:00,,BILL-50457
CUST-1005,Dmytro Shevchenko,+380671000005,dmytro.shevchenko5@example.com,0eeac8171768d0cdef3a20fee6db4362d019c91e10662a6b55186336e1a42778,UA000010000000000000000000012,UAH,28575.97,**** **** **** 1012,ACTIVE,BILL_PAYMENT,14503.83,COMPLETED,2024-01-03T14:26:00,,BILL-50458
CUST-1055,Sofiia Koval,+380671000055,sofiia.koval55@example.com,d6f7adababfd90706cc787591cdaf547f91d53abcb9008a180d90fc3d4f651e2,UA000010000000000000000000111,EUR,8977.19,**** **** **** 1111,ACTIVE,TRANSFER,207.69,COMPLETED,2024-01-03T14:33:00,UA000010000000000000000000057,
CUST-1065,Ivan Tkachuk,+380671000065,ivan.tkachuk65@example.com,3c62426f46ebb414ff53540c6f1af32639c28b434126ae98b9f1651dd5e4fd4a,UA000010000000000000000000131,USD,83656.18,**** **** **** 1131,BLOCKED,TRANSFER,6714.39,COMPLETED,2024-01-03T14:40:00,UA000010000000000000000000119,
CUST-1098,Sofiia Shevchenko,+380671000098,sofiia.shevchenko98@example.com,125e175312b42ca54475207f1ad47df9ac421dd758fcc5c2ab19ae31e451cc53,UA000010000000000000000000198,UAH,55647.23,**** **** **** 1198,ACTIVE,TRANSFER,5207.26,PENDING,2024-01-03T14:47:00,UA000010000000000000000000124,
CUST-1013,Maksym Tkachuk,+380671000013,maksym.tkachuk13@example.com,1e53de2a2b4ab888cc24002ef8832d433b21956ab83ddeef989c8224b5c8f9f2,UA000010000000000000000000027,EUR,86320.1,**** **** **** 1027,BLOCKED,BILL_PAYMENT,6268.83,PENDING,2024-01-03T14:54:00,,BILL-50462
CUST-1014,Dmytro Tkachenko,+380671000014,dmytro.tkachenko14@example.com,b78f24953963ac5ed773d6ec83120e3b1a65510201dc09ed2ed9e9781ba88870,UA000010000000000000000000030,USD,66079.94,**** **** **** 1030,BLOCKED,TRANSFER,5257.51,COMPLETED,2024-01-03T15:01:00,UA000010000000000000000000117,
CUST-1026,Sofiia Tkachuk,+380671000026,sofiia.tkachuk26@example.com,45e17065ddc6fb3a682f7732df5804652952dbe1f5ca5377a661515a8fcf66be,UA000010000000000000000000053,EUR,90488.93,**** **** **** 1053,ACTIVE,BILL_PAYMENT,5257.09,PENDING,2024-01-03T15:08:00,,BILL-50464
CUST-1056,Iryna Shevchenko,+380671000056,iryna.shevchenko56@example.com,bacb5d03bee1af445b7cc73ba8db52a7fc01d474327c87899831ffe3b4c3543b,UA000010000000000000000000113,EUR,22181.33,**** **** **** 1113,BLOCKED,BILL_PAYMENT,4817.7,COMPLETED,2024-01-03T15:15:00,,BILL-50465
CUST-1005,Dmytro Shevchenko,+380671000005,dmytro.shevchenko5@example.com,0eeac8171768d0cdef3a20fee6db4362d019c91e10662a6b55186336e1a42778,UA000010000000000000000000012,UAH,28575.97,**** **** **** 1012,ACTIVE,TRANSFER,387.65,COMPLETED,2024-01-03T15:22:00,UA000010000000000000000000166,
CUST-1013,Maksym Tkachuk,+380671000013,maksym.tkachuk13@example.com,1e53de2a2b4ab888cc24002ef8832d433b21956ab83ddeef989c8224b5c8f9f2,UA000010000000000000000000028,UAH,94218.02,**** **** **** 1028,ACTIVE,TRANSFER,13952.34,FAILED,2024-01-03T15:29:00,UA000010000000000000000000063,
CUST-1066,Olena Tkachuk,+380671000066,olena.tkachuk66@example.com,06599c96e52ff54f21e65cec89df4b96ce519704136d6f7246a56be613eed8fb,UA000010000000000000000000133,USD,23197.99,**** **** **** 1133,ACTIVE,TRANSFER,8301.06,COMPLETED,2024-01-03T15:36:00,UA000010000000000000000000144,
CUST-1054,Dmytro Tkachenko,+380671000054,dmytro.tkachenko54@example.com,db383db8666c1c7f372e49b801a0405e0dd4193ab772163521b16e78879fa334,UA000010000000000000000000110,UAH,27899.8,**** **** **** 1110,BLOCKED,BILL_PAYMENT,3516.24,COMPLETED,2024-01-03T15:43:00,,BILL-50469
CUST-1080,Ivan Shevchenko,+380671000080,ivan.shevchenko80@example.com,a5276c24114971eceb4d5149894034741bcf22825b30c39942ff63007e031956,UA000010000000000000000000162,USD,34693.55,**** **** **** 1162,BLOCKED,TRANSFER,2836.48,FAILED,2024-01-03T15:50:00,UA000010000000000000000000111,
CUST-1050,Andrii Koval,+380671000050,andrii.koval50@example.com,be46e03449534372e45f1abf511f78148625cf11d99f2f550e2f32b3a551dfb6,UA000010000000000000000000102,USD,14200.57,**** **** **** 1102,BLOCKED,TRANSFER,11073.96,PENDING,2024-01-03T15:57:00,UA000010000000000000000000116,
CUST-1075,Andrii Tkachuk,+380671000075,andrii.tkachuk75@example.com,aaa88f12093ddca8064cdb97bf7635d7cd82c94d264121133f79f24e9b645bf1,UA000010000000000000000000152,EUR,89265.93,**** **** **** 1152,BLOCKED,BILL_PAYMENT,5863.09,FAILED,2024-01-03T16:04:00,,BILL-50472
CUST-1027,Olena Shevchenko,+380671000027,olena.shevchenko27@example.com,43b3ec9ea3961a319d37b4cc775d3f43f68709b62a93db10dd6c598137f28732,UA000010000000000000000000055,USD,13617.11,**** **** **** 1055,BLOCKED,TRANSFER,4211.26,FAILED,2024-01-03T16:11:00,UA000010000000000000000000017,
CUST-1073,Maksym Bondarenko,+380671000073,maksym.bondarenko73@example.com,25ac9b17f8113ceda4e3b18b639ac0c5821fa6cf61e31a4b2cafec4573b89522,UA000010000000000000000000148,EUR,43409.42,**** **** **** 1148,BLOCKED,TRANSFER,12002.56,FAILED,2024-01-03T16:18:00,UA000010000000000000000000048,
CUST-1046,Sofiia Bondarenko,+380671000046,sofiia.bondarenko46@example.com,3f1b954c84d8216e09ae793664571dedb1e1bcc9a2bfdc2b6dc58db9a24fa7de,UA000010000000000000000000094,UAH,3418.11,**** **** **** 1094,ACTIVE,BILL_PAYMENT,2996.26,PENDING,2024-01-03T16:25:00,,BILL-50475
CUST-1033,Kateryna Tkachenko,+380671000033,kateryna.tkachenko33@example.com,0756810289814362efbea8bb826fea0a7bc4318a7f22a4b27b48290cd39951a3,UA000010000000000000000000068,USD,33497.93,**** **** **** 1068,ACTIVE,BILL_PAYMENT,7939.34,FAILED,2024-01-03T16:32:00,,BILL-50476
CUST-1040,Andrii Tkachuk,+380671000040,andrii.tkachuk40@example.com,d88a53cd8ffe65ab18d2c62882479559aa781642ce7a8d340b22fc0a637b0359,UA000010000000000000000000081,EUR,90104.64,**** **** **** 1081,BLOCKED,BILL_PAYMENT,9189.06,FAILED,2024-01-03T16:39:00,,BILL-50477
CUST-1014,Dmytro Tkachenko,+380671000014,dmytro.tkachenko14@example.com,b78f24953963ac5ed773d6ec83120e3b1a65510201dc09ed2ed9e9781ba88870,UA000010000000000000000000030,USD,66079.94,**** **** **** 1030,BLOCKED,BILL_PAYMENT,5312.17,COMPLETED,2024-01-03T16:46:00,,BILL-50478
CUST-1079,Kateryna Melnyk,+380671000079,kateryna.melnyk79@example.com,f46c534ea1cb330122334be00303592a10bcbbc238d1b11e1b498d4486d13755,UA000010000000000000000000159,USD,57415.11,**** **** **** 1159,BLOCKED,TRANSFER,12215.39,FAILED,2024-01-03T16:53:00,UA000010000000000000000000077,
CUST-1078,Ivan Bondarenko,+380671000078,ivan.bondarenko78@example.com,70dfb731f9ecfb0c9015b28838281e2a3cde900a791c45532154ddb5a95ed31b,UA000010000000000000000000158,USD,88281.49,**** **** **** 1158,ACTIVE,TRANSFER,10098.05,COMPLETED,2024-01-03T17:00:00,UA000010000000000000000000031,
CUST-1030,Olena Melnyk,+380671000030,olena.melnyk30@example.com,85fcbe6bf830f23209ea6a932921e8da31a653a24a20cb84e75c4997e505690b,UA000010000000000000000000062,USD,80421.28,**** **** **** 1062,ACTIVE,BILL_PAYMENT,1798.39,COMPLETED,2024-01-03T17:07:00,,BILL-50481
CUST-1088,Maksym Tkachenko,+380671000088,maksym.tkachenko88@example.com,1d45a36925bcb8f729f8f06ee0ec689f440cc6b08c3a0573ed12e10104e1e9a0,UA000010000000000000000000178,UAH,83430.21,**** **** **** 1178,BLOCKED,TRANSFER,7686.83,COMPLETED,2024-01-03T17:14:00,UA000010000000000000000000153,
CUST-1017,Olena Shevchenko,+380671000017,olena.shevchenko17@example.com,4a6b7fa040bcfc734a113fee84d3789c0a626d70d029afad0d1c3e7b6c562e14,UA000010000000000000000000036,UAH,54225.81,**** **** **** 1036,BLOCKED,BILL_PAYMENT,6374.43,COMPLETED,2024-01-03T17:21:00,,BILL-50483
CUST-1081,Kateryna Tkachenko,+380671000081,kateryna.tkachenko81@example.com,7137bc5132a11c4937a830c4f594a551b18d0764f66f8478de3db48377f2b611,UA000010000000000000000000163,EUR,2004.96,**** **** **** 1163,ACTIVE,TRANSFER,8345.94,COMPLETED,2024-01-03T17:28:00,UA000010000000000000000000074,
CUST-1017,Olena Shevchenko,+380671000017,olena.shevchenko17@example.com,4a6b7fa040bcfc734a113fee84d3789c0a626d70d029afad0d1c3e7b6c562e14,UA000010000000000000000000036,UAH,54225.81,**** **** **** 1036,BLOCKED,TRANSFER,4752.97,COMPLETED,2024-01-03T17:35:00,UA000010000000000000000000159,
CUST-1006,Ivan Shevchenko,+380671000006,ivan.shevchenko6@example.com,5c4950c94a3461441c356afa783f76b83b38fd65f730f291403efbcc798acc1f,UA000010000000000000000000014,UAH,65562.34,**** **** **** 1014,ACTIVE,BILL_PAYMENT,14280.04,COMPLETED,2024-01-03T17:42:00,,BILL-50486
CUST-1017,Olena Shevchenko,+380671000017,olena.shevchenko17@example.com,4a6b7fa040bcfc734a113fee84d3789c0a626d70d029afad0d1c3e7b6c562e14,UA000010000000000000000000035,UAH,46370.27,**** **** **** 1035,ACTIVE,TRANSFER,12237.48,FAILED,2024-01-03T17:49:00,UA000010000000000000000000130,
CUST-1083,Sofiia Bondarenko,+380671000083,sofiia.bondarenko83@example.com,dd76076f40644e9e57f7459bfc37b2ef8b7084bda5a3127c24a62c86dd45eb0b,UA000010000000000000000000168,USD,22938.04,**** **** **** 1168,ACTIVE,BILL_PAYMENT,6166.56,COMPLETED,2024-01-03T17:56:00,,BILL-50488
CUST-1053,Dmytro Bondarenko,+380671000053,dmytro.bondarenko53@example.com,f75b853a4521962ca5d349e4ca4cb69dce2dbfef61731cb9d14f1f2f1b6499fe,UA000010000000000000000000107,USD,75425.9,**** **** **** 1107,BLOCKED,BILL_PAYMENT,7356.06,PENDING,2024-01-03T18:03:00,,BILL-50489
CUST-1072,Andrii Bondarenko,+380671000072,andrii.bondarenko72@example.com,79db1e22563af60be55a3717827926b76139d2428cbe693eba1643c2798e048d,UA000010000000000000000000145,UAH,70022.11,**** **** **** 1145,BLOCKED,TRANSFER,11948.42,PENDING,2024-01-03T18:10:00,UA000010000000000000000000075,
CUST-1004,Olena Bondarenko,+380671000004,olena.bondarenko4@example.com,a417b5dc3d06d15d91c6687e27fc1705ebc56b3b2d813abe03066e5643fe4e74,UA000010000000000000000000009,UAH,40859.51,**** **** **** 1009,BLOCKED,BILL_PAYMENT,3411.41,COMPLETED,2024-01-03T18:17:00,,BILL-50491
CUST-1021,Iryna Bondarenko,+380671000021,iryna.bondarenko21@example.com,2d6b3bb57cb9e22fa36516172ef096b30ae00d08eedc1499c599b6269975521d,UA000010000000000000000000044,EUR,55769.14,**** **** **** 1044,BLOCKED,BILL_PAYMENT,8506.47,COMPLETED,2024-01-03T18:24:00,,BILL-50492
CUST-1070,Maksym Melnyk,+380671000070,maksym.melnyk70@example.com,44b6dadf9835ff29d5342da14dfaf76e3d828081a1704b131baa355f950e6047,UA000010000000000000000000141,EUR,3542.16,**** **** **** 1141,BLOCKED,TRANSFER,8612.08,COMPLETED,2024-01-03T18:31:00,UA000010000000000000000000199,
CUST-1069,Andrii Melnyk,+380671000069,andrii.melnyk69@example.com,667d45d6d55c4fe6a7239bb554854e3b8fc0b392abea73864e91104bb1b4581d,UA000010000000000000000000140,UAH,96507.36,**** **** **** 1140,ACTIVE,BILL_PAYMENT,8153.55,PENDING,2024-01-03T18:38:00,,BILL-50494
CUST-1097,Sofiia Bondarenko,+380671000097,sofiia.bondarenko97@example.com,7f5106053c87018f57187a0a485dedacb2ef37f08f05ab2313f23217a9ee928b,UA000010000000000000000000195,EUR,96050.77,**** **** **** 1195,ACTIVE,BILL_PAYMENT,8217.98,COMPLETED,2024-01-03T18:45:00,,BILL-50495
CUST-1013,Maksym Tkachuk,+380671000013,maksym.tkachuk13@example.com,1e53de2a2b4ab888cc24002ef8832d433b21956ab83ddeef989c8224b5c8f9f2,UA000010000000000000000000027,EUR,86320.1,**** **** **** 1027,BLOCKED,TRANSFER,4500.75,PENDING,2024-01-03T18:52:00,UA000010000000000000000000116,
CUST-1033,Kateryna Tkachenko,+380671000033,kateryna.tkachenko33@example.com,0756810289814362efbea8bb826fea0a7bc4318a7f22a4b27b48290cd39951a3,UA000010000000000000000000068,USD,33497.93,**** **** **** 1068,ACTIVE,BILL_PAYMENT,12939.88,PENDING,2024-01-03T18:59:00,,BILL-50497
CUST-1056,Iryna Shevchenko,+380671000056,iryna.shevchenko56@example.com,bacb5d03bee1af445b7cc73ba8db52a7fc01d474327c87899831ffe3b4c3543b,UA000010000000000000000000113,EUR,22181.33,**** **** **** 1113,BLOCKED,TRANSFER,11645.69,PENDING,2024-01-03T19:06:00,UA000010000000000000000000054,
CUST-1094,Sofiia Koval,+380671000094,sofiia.koval94@example.com,3fdd6e2fcae488c7c7818992ad08249cd0f6576f6ff846bcecaa816e002cde3c,UA000010000000000000000000189,UAH,15770.56,**** **** **** 1189,BLOCKED,BILL_PAYMENT,12922.68,FAILED,2024-01-03T19:13:00,,BILL-50499
CUST-1080,Ivan Shevchenko,+380671000080,ivan.shevchenko80@example.com,a5276c24114971eceb4d5149894034741bcf22825b30c39942ff63007e031956,UA000010000000000000000000162,USD,34693.55,**** **** **** 1162,BLOCKED,BILL_PAYMENT,2531.43,PENDING,2024-01-03T19:20:00,,BILL-50500
CUST-1026,Sofiia Tkachuk,+380671000026,sofiia.tkachuk26@example.com,45e17065ddc6fb3a682f7732df5804652952dbe1f5ca5377a661515a8fcf66be,UA000010000000000000000000053,EUR,90488.93,**** **** **** 1053,ACTIVE,TRANSFER,12091.34,FAILED,2024-01-03T19:27:00,UA000010000000000000000000090,
CUST-1068,Kateryna Shevchenko,+380671000068,kateryna.shevchenko68@example.com,5a583fab00aa1c17acaad80b2b9b5a16a8563e7e66808bf4b4acbfb55d9b85d4,UA000010000000000000000000137,USD,67276.43,**** **** **** 1137,ACTIVE,BILL_PAYMENT,8973.02,PENDING,2024-01-03T19:34:00,,BILL-50502
CUST-1041,Sofiia Tkachuk,+380671000041,sofiia.tkachuk41@example.com,a8a5146b1f97c2c8987ccb3a87d2f30b8aa258c2a32cb96115bf381d42df875c,UA000010000000000000000000083,EUR,30269.87,**** **** **** 1083,ACTIVE,BILL_PAYMENT,4375.53,COMPLETED,2024-01-03T19:41:00,,BILL-50503
CUST-1065,Ivan Tkachuk,+380671000065,ivan.tkachuk65@example.com,3c62426f46ebb414ff53540c6f1af32639c28b434126ae98b9f1651dd5e4fd4a,UA000010000000000000000000132,UAH,75153.4,**** **** **** 1132,ACTIVE,TRANSFER,2077.05,COMPLETED,2024-01-03T19:48:00,UA000010000000000000000000016,
CUST-1035,Andrii Tkachuk,+380671000035,andrii.tkachuk35@example.com,5a66c7ba1398dd71c92a77cc7647c4183e6bf97b227e441bb2674a319b184e63,UA000010000000000000000000071,UAH,12418.83,**** **** **** 1071,BLOCKED,TRANSFER,10536.33,PENDING,2024-01-03T19:55:00,UA000010000000000000000000064,
CUST-1018,Dmytro Shevchenko,+380671000018,dmytro.shevchenko18@example.com,b99ddd77e59c96b13b64b3abe1902db4c0a76dabf8622aa6c71f8f5670be6625,UA000010000000000000000000038,UAH,37583.18,**** **** **** 1038,ACTIVE,BILL_PAYMENT,12435.8,FAILED,2024-01-03T20:02:00,,BILL-50506
CUST-1050,Andrii Koval,+380671000050,andrii.koval50@example.com,be46e03449534372e45f1abf511f78148625cf11d99f2f550e2f32b3a551dfb6,UA000010000000000000000000101,UAH,56183.17,**** **** **** 1101,ACTIVE,BILL_PAYMENT,2175.47,FAILED,2024-01-03T20:09:00,,BILL-50507
CUST-1034,Sofiia Tkachuk,+380671000034,sofiia.tkachuk34@example.com,94cd5db06baf087fd56c0042adc1deb162d271acfb8b3eb0277069517998d489,UA000010000000000000000000069,USD,35763.47,**** **** **** 1069,BLOCKED,BILL_PAYMENT,5658.83,PENDING,2024-01-03T20:16:00,,BILL-50508
CUST-1081,Kateryna Tkachenko,+380671000081,kateryna.tkachenko81@example.com,7137bc5132a11c4937a830c4f594a551b18d0764f66f8478de3db48377f2b611,UA000010000000000000000000163,EUR,2004.96,**** **** **** 1163,ACTIVE,TRANSFER,6072.62,FAILED,2024-01-03T20:23:00,UA000010000000000000000000072,
CUST-1088,Maksym Tkachenko,+380671000088,maksym.tkachenko88@example.com,1d45a36925bcb8f729f8f06ee0ec689f440cc6b08c3a0573ed12e10104e1e9a0,UA000010000000000000000000178,UAH,83430.21,**** **** **** 1178,BLOCKED,BILL_PAYMENT,6847.7,COMPLETED,2024-01-03T20:30:00,,BILL-50510
CUST-1041,Sofiia Tkachuk,+380671000041,sofiia.tkachuk41@example.com,a8a5146b1f97c2c8987ccb3a87d2f30b8aa258c2a32cb96115bf381d42df875c,UA000010000000000000000000084,UAH,42624.19,**** **** **** 1084,BLOCKED,TRANSFER,13040.17,FAILED,2024-01-03T20:37:00,UA000010000000000000000000024,
CUST-1093,Iryna Shevchenko,+380671000093,iryna.shevchenko93@example.com,3dcc4d43a91ae471be9fb0dfb7e7a44dcbaf8125b389d65d38604ec5582825ec,UA000010000000000000000000188,USD,49682.91,**** **** **** 1188,ACTIVE,BILL_PAYMENT,9540.87,FAILED,2024-01-03T20:44:00,,BILL-50512
CUST-1045,Andrii Shevchenko,+380671000045,andrii.shevchenko45@example.com,64bf83fcf172a284e3db6b4cc76bb175184ee9dd57e77f0421e3e401ea3858e0,UA000010000000000000000000092,UAH,82023.92,**** **** **** 1092,ACTIVE,TRANSFER,11945.39,COMPLETED,2024-01-03T20:51:00,UA000010000000000000000000056,
CUST-1054,Dmytro Tkachenko,+380671000054,dmytro.tkachenko54@example.com,db383db8666c1c7f372e49b801a0405e0dd4193ab772163521b16e78879fa334,UA000010000000000000000000110,UAH,27899.8,**** **** **** 1110,BLOCKED,TRANSFER,7445.99,COMPLETED,2024-01-03T20:58:00,UA000010000000000000000000073,
CUST-1043,Sofiia Shevchenko,+380671000043,sofiia.shevchenko43@example.com,db9aa0719dbf5cac40e44b268042014e9bc28b4134df9051a35f8c64f6603b6f,UA000010000000000000000000087,EUR,83538.79,**** **** **** 1087,BLOCKED,TRANSFER,8513.82,COMPLETED,2024-01-03T21:05:00,UA000010000000000000000000088,
CUST-1087,Iryna Bondarenko,+380671000087,iryna.bondarenko87@example.com,4a2efe616f41f27f583d7e1e628a7b019f2b2603677ae0216d14559eefb83975,UA000010000000000000000000175,EUR,54050.53,**** **** **** 1175,ACTIVE,TRANSFER,736.85,FAILED,2024-01-03T21:12:00,UA000010000000000000000000118,
CUST-1002,Sofiia Koval,+380671000002,sofiia.koval2@example.com,1ba3d16e9881959f8c9a9762854f72c6e6321cdd44358a10a4e939033117eab9,UA000010000000000000000000005,UAH,78677.32,**** **** **** 1005,BLOCKED,TRANSFER,13945.02,PENDING,2024-01-03T21:19:00,UA000010000000000000000000113,
CUST-1058,Maksym Tkachuk,+380671000058,maksym.tkachuk58@example.com,daa7c4bc3f1506b52b2bcc7864db9a96aee3ec1a8a68b29c5db60de1f8a6918b,UA000010000000000000000000117,EUR,38657.72,**** **** **** 1117,ACTIVE,TRANSFER,14877.98,COMPLETED,2024-01-03T21:26:00,UA000010000000000000000000052,
CUST-1088,Maksym Tkachenko,+380671000088,maksym.tkachenko88@example.com,1d45a36925bcb8f729f8f06ee0ec689f440cc6b08c3a0573ed12e10104e1e9a0,UA000010000000000000000000177,USD,72733.92,**** **** **** 1177,BLOCKED,TRANSFER,13238.11,COMPLETED,2024-01-03T21:33:00,UA000010000000000000000000041,
CUST-1035,Andrii Tkachuk,+380671000035,andrii.tkachuk35@example.com,5a66c7ba1398dd71c92a77cc7647c4183e6bf97b227e441bb2674a319b184e63,UA000010000000000000000000071,UAH,12418.83,**** **** **** 1071,BLOCKED,TRANSFER,9836.09,COMPLETED,2024-01-03T21:40:00,UA000010000000000000000000022,
CUST-1047,Kateryna Koval,+380671000047,kateryna.koval47@example.com,dbb70b94b6b192a1085e8056872daa4eb24002d47c82e88b1323f1a5882567ba,UA000010000000000000000000096,USD,42029.66,**** **** **** 1096,ACTIVE,TRANSFER,824.22,FAILED,2024-01-03T21:47:00,UA000010000000000000000000079,
CUST-1092,Kateryna Melnyk,+380671000092,kateryna.melnyk92@example.com,905026a6ddab21a9d1dca17cc4f47b843eccd1c4806f7f3c59b88cdac12e339f,UA000010000000000000000000186,UAH,96584.27,**** **** **** 1186,BLOCKED,TRANSFER,6467.0,PENDING,2024-01-03T21:54:00,UA000010000000000000000000181,
CUST-1012,Andrii Shevchenko,+380671000012,andrii.shevchenko12@example.com,fdac810d0c09f25c5ddcee9976ab1f1ae1973dba7c65152d95b0937bc2a6c883,UA000010000000000000000000025,UAH,96117.11,**** **** **** 1025,ACTIVE,TRANSFER,3240.65,PENDING,2024-01-03T22:01:00,UA000010000000000000000000034,
CUST-1075,Andrii Tkachuk,+380671000075,andrii.tkachuk75@example.com,aaa88f12093ddca8064cdb97bf7635d7cd82c94d264121133f79f24e9b645bf1,UA000010000000000000000000152,EUR,89265.93,**** **** **** 1152,BLOCKED,TRANSFER,7815.69,COMPLETED,2024-01-03T22:08:00,UA000010000000000000000000003,
CUST-1001,Andrii Koval,+380671000001,andrii.koval1@example.com,e6c3da5b206634d7f3f3586d747ffdb36b5c675757b380c6a5fe5c570c714349,UA000010000000000000000000003,EUR,24562.46,**** **** **** 1003,BLOCKED,BILL_PAYMENT,12265.78,COMPLETED,2024-01-03T22:15:00,,BILL-50525
CUST-1088,Maksym Tkachenko,+380671000088,maksym.tkachenko88@example.com,1d45a36925bcb8f729f8f06ee0ec689f440cc6b08c3a0573ed12e10104e1e9a0,UA000010000000000000000000178,UAH,83430.21,**** **** **** 1178,BLOCKED,TRANSFER,7191.62,PENDING,2024-01-03T22:22:00,UA000010000000000000000000099,
CUST-1011,Iryna Bondarenko,+380671000011,iryna.bondarenko11@example.com,8057f787ebd8b4f9d40f53d7fbbfcbdde7067c1a074435b68f525b3de0e2ac2b,UA000010000000000000000000023,EUR,32046.88,**** **** **** 1023,ACTIVE,TRANSFER,1592.86,COMPLETED,2024-01-03T22:29:00,UA000010000000000000000000077,
CUST-1017,Olena Shevchenko,+380671000017,olena.shevchenko17@example.com,4a6b7fa040bcfc734a113fee84d3789c0a626d70d029afad0d1c3e7b6c562e14,UA000010000000000000000000036,UAH,54225.81,**** **** **** 1036,BLOCKED,BILL_PAYMENT,11613.23,PENDING,2024-01-03T22:36:00,,BILL-50528
CUST-1082,Sofiia Shevchenko,+380671000082,sofiia.shevchenko82@example.com,ca619acdadd8eb0f598c954031b5f359a2fbd4fe0179eb02acfeab2ad373c999,UA000010000000000000000000165,USD,55962.44,**** **** **** 1165,ACTIVE,TRANSFER,1072.75,FAILED,2024-01-03T22:43:00,UA000010000000000000000000003,
CUST-1078,Ivan Bondarenko,+380671000078,ivan.bondarenko78@example.com,70dfb731f9ecfb0c9015b28838281e2a3cde900a791c45532154ddb5a95ed31b,UA000010000000000000000000157,USD,85319.6,**** **** **** 1157,ACTIVE,TRANSFER,6629.49,FAILED,2024-01-03T22:50:00,UA000010000000000000000000055,
CUST-1080,Ivan Shevchenko,+380671000080,ivan.shevchenko80@example.com,a5276c24114971eceb4d5149894034741bcf22825b30c39942ff63007e031956,UA000010000000000000000000161,UAH,49267.44,**** **** **** 1161,BLOCKED,TRANSFER,13802.42,FAILED,2024-01-03T22:57:00,UA000010000000000000000000176,
CUST-1056,Iryna Shevchenko,+380671000056,iryna.shevchenko56@example.com,bacb5d03bee1af445b7cc73ba8db52a7fc01d474327c87899831ffe3b4c3543b,UA000010000000000000000000114,USD,33757.26,**** **** **** 1114,BLOCKED,TRANSFER,1345.99,PENDING,2024-01-03T23:04:00,UA000010000000000000000000036,
CUST-1096,Ivan Bondarenko,+380671000096,ivan.bondarenko96@example.com,38ee64c8e2536e41e2543266f6a5216747b24c8b8ada7d5f7cfba8b1e80752fb,UA000010000000000000000000193,USD,86156.5,**** **** **** 1193,BLOCKED,TRANSFER,8864.13,COMPLETED,2024-01-03T23:11:00,UA000010000000000000000000090,
CUST-1054,Dmytro Tkachenko,+380671000054,dmytro.tkachenko54@example.com,db383db8666c1c7f372e49b801a0405e0dd4193ab772163521b16e78879fa334,UA000010000000000000000000110,UAH,27899.8,**** **** **** 1110,BLOCKED,BILL_PAYMENT,11876.6,PENDING,2024-01-03T23:18:00,,BILL-50534
CUST-1035,Andrii Tkachuk,+380671000035,andrii.tkachuk35@example.com,5a66c7ba1398dd71c92a77cc7647c4183e6bf97b227e441bb2674a319b184e63,UA000010000000000000000000071,UAH,12418.83,**** **** **** 1071,BLOCKED,TRANSFER,3760.1,FAILED,2024-01-03T23:25:00,UA000010000000000000000000154,
CUST-1092,Kateryna Melnyk,+380671000092,kateryna.melnyk92@example.com,905026a6ddab21a9d1dca17cc4f47b843eccd1c4806f7f3c59b88cdac12e339f,UA000010000000000000000000185,USD,48392.71,**** **** **** 1185,BLOCKED,BILL_PAYMENT,11695.6,FAILED,2024-01-03T23:32:00,,BILL-50536
CUST-1003,Olena Tkachuk,+380671000003,olena.tkachuk3@example.com,3acb59306ef6e660cf832d1d34c4fba3d88d616f0bb5c2a9e0f82d18ef6fc167,UA000010000000000000000000007,USD,42934.28,**** **** **** 1007,BLOCKED,BILL_PAYMENT,3121.41,FAILED,2024-01-03T23:39:00,,BILL-50537
CUST-1065,Ivan Tkachuk,+380671000065,ivan.tkachuk65@example.com,3c62426f46ebb414ff53540c6f1af32639c28b434126ae98b9f1651dd5e4fd4a,UA000010000000000000000000131,USD,83656.18,**** **** **** 1131,BLOCKED,TRANSFER,11230.26,COMPLETED,2024-01-03T23:46:00,UA000010000000000000000000166,
CUST-1006,Ivan Shevchenko,+380671000006,ivan.shevchenko6@example.com,5c4950c94a3461441c356afa783f76b83b38fd65f730f291403efbcc798acc1f,UA000010000000000000000000014,UAH,65562.34,**** **** **** 1014,ACTIVE,TRANSFER,7448.57,PENDING,2024-01-03T23:53:00,UA000010000000000000000000062,
CUST-1063,Iryna Bondarenko,+380671000063,iryna.bondarenko63@example.com,7e251ea07d59cd5fc9d7d1dc4225104e474b93d6c6881797dfbfa010774d4acb,UA000010000000000000000000128,USD,33407.91,**** **** **** 1128,BLOCKED,TRANSFER,7947.88,PENDING,2024-01-04T00:00:00,UA000010000000000000000000093,
CUST-1040,Andrii Tkachuk,+380671000040,andrii.tkachuk40@example.com,d88a53cd8ffe65ab18d2c62882479559aa781642ce7a8d340b22fc0a637b0359,UA000010000000000000000000082,EUR,41430.9,**** **** **** 1082,BLOCKED,TRANSFER,5833.23,FAILED,2024-01-04T00:07:00,UA000010000000000000000000108,
CUST-1046,Sofiia Bondarenko,+380671000046,sofiia.bondarenko46@example.com,3f1b954c84d8216e09ae793664571dedb1e1bcc9a2bfdc2b6dc58db9a24fa7de,UA000010000000000000000000094,UAH,3418.11,**** **** **** 1094,ACTIVE,TRANSFER,11452.75,PENDING,2024-01-04T00:14:00,UA000010000000000000000000005,
CUST-1075,Andrii Tkachuk,+380671000075,andrii.tkachuk75@example.com,aaa88f12093ddca8064cdb97bf7635d7cd82c94d264121133f79f24e9b645bf1,UA000010000000000000000000151,UAH,43918.82,**** **** **** 1151,BLOCKED,TRANSFER,256.21,PENDING,2024-01-04T00:21:00,UA000010000000000000000000011,
CUST-1007,Sofiia Koval,+380671000007,sofiia.koval7@example.com,1526f5e0e31d42fe1c3664ce923ac22ac1333417a90b32043797ac454cd03112,UA000010000000000000000000016,UAH,41234.99,**** **** **** 1016,BLOCKED,BILL_PAYMENT,7623.83,FAILED,2024-01-04T00:28:00,,BILL-50544
CUST-1091,Andrii Melnyk,+380671000091,andrii.melnyk91@example.com,7f6ceca338f7fe1bb409870c95cbf5009115df953af77a91ef912a11cf6423c7,UA000010000000000000000000183,EUR,86977.66,**** **** **** 1183,BLOCKED,BILL_PAYMENT,6382.45,COMPLETED,2024-01-04T00:35:00,,BILL-50545
CUST-1010,Dmytro Koval,+380671000010,dmytro.koval10@example.com,b35892cb8b089e03e4420b94df688122a2b76d4ad0f8b94ad20808bb029e48a5,UA000010000000000000000000022,UAH,58338.85,**** **** **** 1022,ACTIVE,TRANSFER,4198.14,COMPLETED,2024-01-04T00:42:00,UA000010000000000000000000021,
CUST-1065,Ivan Tkachuk,+380671000065,ivan.tkachuk65@example.com,3c62426f46ebb414ff53540c6f1af32639c28b434126ae98b9f1651dd5e4fd4a,UA000010000000000000000000131,USD,83656.18,**** **** **** 1131,BLOCKED,TRANSFER,14615.99,PENDING,2024-01-04T00:49:00,UA000010000000000000000000138,
CUST-1041,Sofiia Tkachuk,+380671000041,sofiia.tkachuk41@example.com,a8a5146b1f97c2c8987ccb3a87d2f30b8aa258c2a32cb96115bf381d42df875c,UA000010000000000000000000084,UAH,42624.19,**** **** **** 1084,BLOCKED,BILL_PAYMENT,8817.24,FAILED,2024-01-04T00:56:00,,BILL-50548
CUST-1087,Iryna Bondarenko,+380671000087,iryna.bondarenko87@example.com,4a2efe616f41f27f583d7e1e628a7b019f2b2603677ae0216d14559eefb83975,UA000010000000000000000000175,EUR,54050.53,**** **** **** 1175,ACTIVE,TRANSFER,4687.03,COMPLETED,2024-01-04T01:03:00,UA000010000000000000000000187,
CUST-1030,Olena Melnyk,+380671000030,olena.melnyk30@example.com,85fcbe6bf830f23209ea6a932921e8da31a653a24a20cb84e75c4997e505690b,UA000010000000000000000000062,USD,80421.28,**** **** **** 1062,ACTIVE,TRANSFER,3704.97,COMPLETED,2024-01-04T01:10:00,UA000010000000000000000000030,
CUST-1058,Maksym Tkachuk,+380671000058,maksym.tkachuk58@example.com,daa7c4bc3f1506b52b2bcc7864db9a96aee3ec1a8a68b29c5db60de1f8a6918b,UA000010000000000000000000117,EUR,38657.72,**** **** **** 1117,ACTIVE,TRANSFER,4673.89,FAILED,2024-01-04T01:17:00,UA000010000000000000000000169,
CUST-1094,Sofiia Koval,+380671000094,sofiia.koval94@example.com,3fdd6e2fcae488c7c7818992ad08249cd0f6576f6ff846bcecaa816e002cde3c,UA000010000000000000000000190,UAH,99397.89,**** **** **** 1190,ACTIVE,TRANSFER,1835.67,FAILED,2024-01-04T01:24:00,UA000010000000000000000000036,
CUST-1089,Dmytro Koval,+380671000089,dmytro.koval89@example.com,9d57ee06aac896609727855add2cfc3d9c50cd545395974cdee219c91e29fd25,UA000010000000000000000000180,UAH,71093.83,**** **** **** 1180,ACTIVE,TRANSFER,2499.3,COMPLETED,2024-01-04T01:31:00,UA000010000000000000000000134,
CUST-1066,Olena Tkachuk,+380671000066,olena.tkachuk66@example.com,06599c96e52ff54f21e65cec89df4b96ce519704136d6f7246a56be613eed8fb,UA000010000000000000000000133,USD,23197.99,**** **** **** 1133,ACTIVE,BILL_PAYMENT,2546.1,PENDING,2024-01-04T01:38:00,,BILL-50554
CUST-1095,Olena Tkachenko,+380671000095,olena.tkachenko95@example.com,b3f20ff60a6e1eda26f8c412e7173c7ee7f5b3a1124b87a38d3deb63274c1a61,UA000010000000000000000000192,EUR,38657.42,**** **** **** 1192,BLOCKED,BILL_PAYMENT,11007.39,PENDING,2024-01-04T01:45:00,,BILL-50555
CUST-1098,Sofiia Shevchenko,+380671000098,sofiia.shevchenko98@example.com,125e175312b42ca54475207f1ad47df9ac421dd758fcc5c2ab19ae31e451cc53,UA000010000000000000000000198,UAH,55647.23,**** **** **** 1198,ACTIVE,TRANSFER,5058.41,COMPLETED,2024-01-04T01:52:00,UA000010000000000000000000070,
CUST-1067,Andrii Tkachuk,+380671000067,andrii.tkachuk67@example.com,8a110e75a8142ab756babe02160548ed6c254ae3fd931b297aa4edba91065732,UA000010000000000000000000135,UAH,20736.71,**** **** **** 1135,ACTIVE,TRANSFER,3981.1,FAILED,2024-01-04T01:59:00,UA000010000000000000000000161,
CUST-1009,Sofiia Tkachuk,+380671000009,sofiia.tkachuk9@example.com,2d4589473fb3f4581d7452cd25182159d68d2a50056a0cce35a529b010e32f2b,UA000010000000000000000000020,USD,42877.74,**** **** **** 1020,BLOCKED,BILL_PAYMENT,6855.21,COMPLETED,2024-01-04T02:06:00,,BILL-50558
CUST-1007,Sofiia Koval,+380671000007,sofiia.koval7@example.com,1526f5e0e31d42fe1c3664ce923ac22ac1333417a90b32043797ac454cd03112,UA000010000000000000000000015,UAH,92710.33,**** **** **** 1015,ACTIVE,BILL_PAYMENT,12897.43,PENDING,2024-01-04T02:13:00,,BILL-50559
CUST-1047,Kateryna Koval,+380671000047,kateryna.koval47@example.com,dbb70b94b6b192a1085e8056872daa4eb24002d47c82e88b1323f1a5882567ba,UA000010000000000000000000095,USD,61516.12,**** **** **** 1095,ACTIVE,TRANSFER,3863.99,PENDING,2024-01-04T02:20:00,UA000010000000000000000000147,
CUST-1086,Maksym Koval,+380671000086,maksym.koval86@example.com,3c0c8e2f0527574ed275f4fc831af606b283370490f9c39c7389fb5d16dd6ac8,UA000010000000000000000000173,USD,25888.96,**** **** **** 1173,ACTIVE,TRANSFER,3464.65,FAILED,2024-01-04T02:27:00,UA000010000000000000000000001,
CUST-1005,Dmytro Shevchenko,+380671000005,dmytro.shevchenko5@example.com,0eeac8171768d0cdef3a20fee6db4362d019c91e10662a6b55186336e1a42778,UA000010000000000000000000012,UAH,28575.97,**** **** **** 1012,ACTIVE,TRANSFER,3706.04,COMPLETED,2024-01-04T02:34:00,UA000010000000000000000000094,
CUST-1049,Iryna Koval,+380671000049,iryna.koval49@example.com,a0c69ae7ad7629347d41a89d9a558b26bd9b126a3a183f3498444843acd7270d,UA000010000000000000000000099,UAH,78063.62,**** **** **** 1099,ACTIVE,TRANSFER,2725.47,PENDING,2024-01-04T02:41:00,UA000010000000000000000000142,
CUST-1091,Andrii Melnyk,+380671000091,andrii.melnyk91@example.com,7f6ceca338f7fe1bb409870c95cbf5009115df953af77a91ef912a11cf6423c7,UA000010000000000000000000183,EUR,86977.66,**** **** **** 1183,BLOCKED,BILL_PAYMENT,3406.5,PENDING,2024-01-04T02:48:00,,BILL-50564
CUST-1053,Dmytro Bondarenko,+380671000053,dmytro.bondarenko53@example.com,f75b853a4521962ca5d349e4ca4cb69dce2dbfef61731cb9d14f1f2f1b6499fe,UA000010000000000000000000107,USD,75425.9,**** **** **** 1107,BLOCKED,BILL_PAYMENT,4105.31,PENDING,2024-01-04T02:55:00,,BILL-50565
CUST-1073,Maksym Bondarenko,+380671000073,maksym.bondarenko73@example.com,25ac9b17f8113ceda4e3b18b639ac0c5821fa6cf61e31a4b2cafec4573b89522,UA000010000000000000000000147,EUR,78480.9,**** **** **** 1147,BLOCKED,BILL_PAYMENT,1835.04,FAILED,2024-01-04T03:02:00,,BILL-50566
CUST-1006,Ivan Shevchenko,+380671000006,ivan.shevchenko6@example.com,5c4950c94a3461441c356afa783f76b83b38fd65f730f291403efbcc798acc1f,UA000010000000000000000000014,UAH,65562.34,**** **** **** 1014,ACTIVE,TRANSFER,3386.62,FAILED,2024-01-04T03:09:00,UA000010000000000000000000012,
CUST-1051,Sofiia Tkachuk,+380671000051,sofiia.tkachuk51@example.com,cc35e4b303c84633f2e64c1fe30a9c2f9e0f1dcdd53d1a748451b83164db475a,UA000010000000000000000000103,EUR,53582.06,**** **** **** 1103,BLOCKED,TRANSFER,13161.02,COMPLETED,2024-01-04T03:16:00,UA000010000000000000000000199,
CUST-1039,Iryna Melnyk,+380671000039,iryna.melnyk39@example.com,099646084abbbc2c403c480bea87e7de23ce18db73a3e28251effef3ed49f1ea,UA000010000000000000000000080,EUR,32077.65,**** **** **** 1080,ACTIVE,BILL_PAYMENT,1341.46,COMPLETED,2024-01-04T03:23:00,,BILL-50569
CUST-1001,Andrii Koval,+380671000001,andrii.koval1@example.com,e6c3da5b206634d7f3f3586d747ffdb36b5c675757b380c6a5fe5c570c714349,UA000010000000000000000000003,EUR,24562.46,**** **** **** 1003,BLOCKED,BILL_PAYMENT,3050.03,FAILED,2024-01-04T03:30:00,,BILL-50570
CUST-1038,Sofiia Koval,+380671000038,sofiia.koval38@example.com,b64171fda74426604480b9bf7c10ccdc2ebc80266c8667c42346f54ce87d4dec,UA000010000000000000000000078,UAH,52472.11,**** **** **** 1078,ACTIVE,TRANSFER,6985.7,FAILED,2024-01-04T03:37:00,UA000010000000000000000000127,
CUST-1098,Sofiia Shevchenko,+380671000098,sofiia.shevchenko98@example.com,125e175312b42ca54475207f1ad47df9ac421dd758fcc5c2ab19ae31e451cc53,UA000010000000000000000000198,UAH,55647.23,**** **** **** 1198,ACTIVE,TRANSFER,11000.33,FAILED,2024-01-04T03:44:00,UA000010000000000000000000195,
CUST-1031,Andrii Melnyk,+380671000031,andrii.melnyk31@example.com,3b3ad733c8571384c133694595c33d96c638b36f08a484bd0ad38bf312fdb294,UA000010000000000000000000063,USD,16760.59,**** **** **** 1063,ACTIVE,TRANSFER,145.35,COMPLETED,2024-01-04T03:51:00,UA000010000000000000000000007,
CUST-1029,Olena Koval,+380671000029,olena.koval29@example.com,53f6f072e26d36b9e55d5dc828872856d5286f18ce3818d367f9e4473e464a66,UA000010000000000000000000060,UAH,97644.4,**** **** **** 1060,ACTIVE,BILL_PAYMENT,9557.33,FAILED,2024-01-04T03:58:00,,BILL-50574
CUST-1001,Andrii Koval,+380671000001,andrii.koval1@example.com,e6c3da5b206634d7f3f3586d747ffdb36b5c675757b380c6a5fe5c570c714349,UA000010000000000000000000003,EUR,24562.46,**** **** **** 1003,BLOCKED,BILL_PAYMENT,71.86,FAILED,2024-01-04T04:05:00,,BILL-50575
CUST-1048,Iryna Melnyk,+380671000048,iryna.melnyk48@example.com,ffe4daf45af0e803fbe1fba2de5c7f7644f30b71ddb082100779d7884e0291c2,UA000010000000000000000000097,EUR,69939.07,**** **** **** 1097,BLOCKED,BILL_PAYMENT,1604.04,FAILED,2024-01-04T04:12:00,,BILL-50576
CUST-1030,Olena Melnyk,+380671000030,olena.melnyk30@example.com,85fcbe6bf830f23209ea6a932921e8da31a653a24a20cb84e75c4997e505690b,UA000010000000000000000000061,USD,3453.85,**** **** **** 1061,BLOCKED,BILL_PAYMENT,7405.83,PENDING,2024-01-04T04:19:00,,BILL-50577
CUST-1018,Dmytro Shevchenko,+380671000018,dmytro.shevchenko18@example.com,b99ddd77e59c96b13b64b3abe1902db4c0a76dabf8622aa6c71f8f5670be6625,UA000010000000000000000000037,UAH,93392.68,**** **** **** 1037,ACTIVE,BILL_PAYMENT,1440.75,PENDING,2024-01-04T04:26:00,,BILL-50578
CUST-1066,Olena Tkachuk,+380671000066,olena.tkachuk66@example.com,06599c96e52ff54f21e65cec89df4b96ce519704136d6f7246a56be613eed8fb,UA000010000000000000000000134,EUR,4985.56,**** **** **** 1134,ACTIVE,BILL_PAYMENT,10527.66,COMPLETED,2024-01-04T04:33:00,,BILL-50579
CUST-1058,Maksym Tkachuk,+380671000058,maksym.tkachuk58@example.com,daa7c4bc3f1506b52b2bcc7864db9a96aee3ec1a8a68b29c5db60de1f8a6918b,UA000010000000000000000000118,USD,30562.65,**** **** **** 1118,BLOCKED,TRANSFER,8732.52,FAILED,2024-01-04T04:40:00,UA000010000000000000000000035,
CUST-1081,Kateryna Tkachenko,+380671000081,kateryna.tkachenko81@example.com,7137bc5132a11c4937a830c4f594a551b18d0764f66f8478de3db48377f2b611,UA000010000000000000000000164,UAH,24894.25,**** **** **** 1164,BLOCKED,BILL_PAYMENT,1168.72,FAILED,2024-01-04T04:47:00,,BILL-50581
CUST-1007,Sofiia Koval,+380671000007,sofiia.koval7@example.com,1526f5e0e31d42fe1c3664ce923ac22ac1333417a90b32043797ac454cd03112,UA000010000000000000000000016,UAH,41234.99,**** **** **** 1016,BLOCKED,BILL_PAYMENT,9953.54,PENDING,2024-01-04T04:54:00,,BILL-50582
CUST-1030,Olena Melnyk,+380671000030,olena.melnyk30@example.com,85fcbe6bf830f23209ea6a932921e8da31a653a24a20cb84e75c4997e505690b,UA000010000000000000000000061,USD,3453.85,**** **** **** 1061,BLOCKED,BILL_PAYMENT,3951.81,COMPLETED,2024-01-04T05:01:00,,BILL-50583
CUST-1050,Andrii Koval,+380671000050,andrii.koval50@example.com,be46e03449534372e45f1abf511f78148625cf11d99f2f550e2f32b3a551dfb6,UA000010000000000000000000101,UAH,56183.17,**** **** **** 1101,ACTIVE,BILL_PAYMENT,4804.96,COMPLETED,2024-01-04T05:08:00,,BILL-50584
CUST-1029,Olena Koval,+380671000029,olena.koval29@example.com,53f6f072e26d36b9e55d5dc828872856d5286f18ce3818d367f9e4473e464a66,UA000010000000000000000000060,UAH,97644.4,**** **** **** 1060,ACTIVE,TRANSFER,14156.14,PENDING,2024-01-04T05:15:00,UA000010000000000000000000200,
CUST-1098,Sofiia Shevchenko,+380671000098,sofiia.shevchenko98@example.com,125e175312b42ca54475207f1ad47df9ac421dd758fcc5c2ab19ae31e451cc53,UA000010000000000000000000198,UAH,55647.23,**** **** **** 1198,ACTIVE,TRANSFER,2373.39,PENDING,2024-01-04T05:22:00,UA000010000000000000000000116,
CUST-1059,Maksym Tkachuk,+380671000059,maksym.tkachuk59@example.com,e5e0e771c99778aef6f0046adb86a3d3e3ede2c68f43aae6b4ee9d498709328b,UA000010000000000000000000120,USD,22722.74,**** **** **** 1120,BLOCKED,BILL_PAYMENT,6127.36,FAILED,2024-01-04T05:29:00,,BILL-50587
CUST-1045,Andrii Shevchenko,+380671000045,andrii.shevchenko45@example.com,64bf83fcf172a284e3db6b4cc76bb175184ee9dd57e77f0421e3e401ea3858e0,UA000010000000000000000000092,UAH,82023.92,**** **** **** 1092,ACTIVE,TRANSFER,6806.16,COMPLETED,2024-01-04T05:36:00,UA000010000000000000000000068,
CUST-1015,Andrii Koval,+380671000015,andrii.koval15@example.com,b5a4ec869015095060b1171791334513f741177c4011e2c5c36e3e37a5ff8e5f,UA000010000000000000000000031,USD,21221.66,**** **** **** 1031,BLOCKED,TRANSFER,2406.35,FAILED,2024-01-04T05:43:00,UA000010000000000000000000078,
CUST-1090,Sofiia Tkachuk,+380671000090,sofiia.tkachuk90@example.com,a4273f882cab7a89e7fa8e5a1298799b62233ada8a93f880f58bbd87db44d6a3,UA000010000000000000000000181,USD,5506.05,**** **** **** 1181,ACTIVE,TRANSFER,3264.56,COMPLETED,2024-01-04T05:50:00,UA000010000000000000000000038,
CUST-1011,Iryna Bondarenko,+380671000011,iryna.bondarenko11@example.com,8057f787ebd8b4f9d40f53d7fbbfcbdde7067c1a074435b68f525b3de0e2ac2b,UA000010000000000000000000024,EUR,48202.06,**** **** **** 1024,ACTIVE,TRANSFER,14527.58,COMPLETED,2024-01-04T05:57:00,UA000010000000000000000000132,
CUST-1006,Ivan Shevchenko,+380671000006,ivan.shevchenko6@example.com,5c4950c94a3461441c356afa783f76b83b38fd65f730f291403efbcc798acc1f,UA000010000000000000000000013,UAH,44869.94,**** **** **** 1013,ACTIVE,BILL_PAYMENT,3939.49,PENDING,2024-01-04T06:04:00,,BILL-50592
CUST-1003,Olena Tkachuk,+380671000003,olena.tkachuk3@example.com,3acb59306ef6e660cf832d1d34c4fba3d88d616f0bb5c2a9e0f82d18ef6fc167,UA000010000000000000000000008,EUR,6362.95,**** **** **** 1008,ACTIVE,BILL_PAYMENT,12826.29,FAILED,2024-01-04T06:11:00,,BILL-50593
CUST-1095,Olena Tkachenko,+380671000095,olena.tkachenko95@example.com,b3f20ff60a6e1eda26f8c412e7173c7ee7f5b3a1124b87a38d3deb63274c1a61,UA000010000000000000000000192,EUR,38657.42,**** **** **** 1192,BLOCKED,TRANSFER,1466.14,PENDING,2024-01-04T06:18:00,UA000010000000000000000000036,
CUST-1015,Andrii Koval,+380671000015,andrii.koval15@example.com,b5a4ec869015095060b1171791334513f741177c4011e2c5c36e3e37a5ff8e5f,UA000010000000000000000000032,UAH,27295.84,**** **** **** 1032,ACTIVE,TRANSFER,971.95,PENDING,2024-01-04T06:25:00,UA000010000000000000000000034,
CUST-1025,Kateryna Bondarenko,+380671000025,kateryna.bondarenko25@example.com,0028e1c0d2c60966390545414567d33bca9f0165fece6d0109c59a3f29b5fdd0,UA000010000000000000000000051,EUR,44741.72,**** **** **** 1051,BLOCKED,BILL_PAYMENT,5614.98,FAILED,2024-01-04T06:32:00,,BILL-50596
CUST-1082,Sofiia Shevchenko,+380671000082,sofiia.shevchenko82@example.com,ca619acdadd8eb0f598c954031b5f359a2fbd4fe0179eb02acfeab2ad373c999,UA000010000000000000000000166,EUR,48133.22,**** **** **** 1166,BLOCKED,TRANSFER,8755.74,COMPLETED,2024-01-04T06:39:00,UA000010000000000000000000020,
CUST-1002,Sofiia Koval,+380671000002,sofiia.koval2@example.com,1ba3d16e9881959f8c9a9762854f72c6e6321cdd44358a10a4e939033117eab9,UA000010000000000000000000006,UAH,10338.25,**** **** **** 1006,BLOCKED,TRANSFER,3006.37,FAILED,2024-01-04T06:46:00,UA000010000000000000000000114,
CUST-1016,Sofiia Tkachenko,+380671000016,sofiia.tkachenko16@example.com,f0c28ba3fd9e0dcdcd0470acfcb98cc5a58d7d93422dbbefb930455ef714c87d,UA000010000000000000000000033,EUR,64904.58,**** **** **** 1033,BLOCKED,TRANSFER,13580.92,COMPLETED,2024-01-04T06:53:00,UA000010000000000000000000032,
CUST-1005,Dmytro Shevchenko,+380671000005,dmytro.shevchenko5@example.com,0eeac8171768d0cdef3a20fee6db4362d019c91e10662a6b55186336e1a42778,UA000010000000000000000000011,EUR,45412.74,**** **** **** 1011,BLOCKED,BILL_PAYMENT,807.03,FAILED,2024-01-04T07:00:00,,BILL-50600
CUST-1055,Sofiia Koval,+380671000055,sofiia.koval55@example.com,d6f7adababfd90706cc787591cdaf547f91d53abcb9008a180d90fc3d4f651e2,UA000010000000000000000000111,EUR,8977.19,**** **** **** 1111,ACTIVE,BILL_PAYMENT,7467.09,COMPLETED,2024-01-04T07:07:00,,BILL-50601
CUST-1087,Iryna Bondarenko,+380671000087,iryna.bondarenko87@example.com,4a2efe616f41f27f583d7e1e628a7b019f2b2603677ae0216d14559eefb83975,UA000010000000000000000000175,EUR,54050.53,**** **** **** 1175,ACTIVE,BILL_PAYMENT,2633.47,PENDING,2024-01-04T07:14:00,,BILL-50602
CUST-1023,Olena Bondarenko,+380671000023,olena.bondarenko23@example.com,8893186d24cce07e1c82f2e020d41177e699318b4be9535483fdf55edf58cd50,UA000010000000000000000000048,UAH,63794.16,**** **** **** 1048,BLOCKED,BILL_PAYMENT,4233.83,PENDING,2024-01-04T07:21:00,,BILL-50603
CUST-1004,Olena Bondarenko,+380671000004,olena.bondarenko4@example.com,a417b5dc3d06d15d91c6687e27fc1705ebc56b3b2d813abe03066e5643fe4e74,UA000010000000000000000000009,UAH,40859.51,**** **** **** 1009,BLOCKED,TRANSFER,9726.81,COMPLETED,2024-01-04T07:28:00,UA000010000000000000000000106,
CUST-1070,Maksym Melnyk,+380671000070,maksym.melnyk70@example.com,44b6dadf9835ff29d5342da14dfaf76e3d828081a1704b131baa355f950e6047,UA000010000000000000000000141,EUR,3542.16,**** **** **** 1141,BLOCKED,BILL_PAYMENT,961.64,COMPLETED,2024-01-04T07:35:00,,BILL-50605
CUST-1049,Iryna Koval,+380671000049,iryna.koval49@example.com,a0c69ae7ad7629347d41a89d9a558b26bd9b126a3a183f3498444843acd7270d,UA000010000000000000000000099,UAH,78063.62,**** **** **** 1099,ACTIVE,TRANSFER,6317.56,FAILED,2024-01-04T07:42:00,UA000010000000000000000000135,
CUST-1031,Andrii Melnyk,+380671000031,andrii.melnyk31@example.com,3b3ad733c8571384c133694595c33d96c638b36f08a484bd0ad38bf312fdb294,UA000010000000000000000000064,USD,87344.51,**** **** **** 1064,BLOCKED,TRANSFER,14841.58,FAILED,2024-01-04T07:49:00,UA000010000000000000000000092,
CUST-1061,Olena Melnyk,+380671000061,olena.melnyk61@example.com,da3df0f1c138cc7b9e79e218587a605e12b7a9b9ac24e1287da5ed056cf10c22,UA000010000000000000000000123,EUR,17339.43,**** **** **** 1123,BLOCKED,BILL_PAYMENT,5193.31,FAILED,2024-01-04T07:56:00,,BILL-50608
CUST-1064,Andrii Bondarenko,+380671000064,andrii.bondarenko64@example.com,51031e17ce0a58242bf97f01a2883d077c6dd21f22674ee500dbfb60228851e7,UA000010000000000000000000129,USD,34412.55,**** **** **** 1129,BLOCKED,BILL_PAYMENT,5856.3,PENDING,2024-01-04T08:03:00,,BILL-50609
CUST-1003,Olena Tkachuk,+380671000003,olena.tkachuk3@example.com,3acb59306ef6e660cf832d1d34c4fba3d88d616f0bb5c2a9e0f82d18ef6fc167,UA000010000000000000000000007,USD,42934.28,**** **** **** 1007,BLOCKED,BILL_PAYMENT,8976.89,PENDING,2024-01-04T08:10:00,,BILL-50610
CUST-1099,Olena Tkachuk,+380671000099,olena.tkachuk99@example.com,ab2f50fe825bc3a9a8b649f173af23be3a052db9b410fcb0127e50ae9c356ba7,UA000010000000000000000000200,USD,4231.35,**** **** **** 1200,BLOCKED,BILL_PAYMENT,925.94,COMPLETED,2024-01-04T08:17:00,,BILL-50611
CUST-1067,Andrii Tkachuk,+380671000067,andrii.tkachuk67@example.com,8a110e75a8142ab756babe02160548ed6c254ae3fd931b297aa4edba91065732,UA000010000000000000000000136,EUR,16085.85,**** **** **** 1136,ACTIVE,BILL_PAYMENT,11514.29,PENDING,2024-01-04T08:24:00,,BILL-50612
CUST-1020,Andrii Shevchenko,+380671000020,andrii.shevchenko20@example.com,51d11024031a8951b4722671adfc8587538f5e5417206e7862e60752758a5c35,UA000010000000000000000000041,EUR,81893.31,**** **** **** 1041,BLOCKED,TRANSFER,3755.46,PENDING,2024-01-04T08:31:00,UA000010000000000000000000069,
CUST-1068,Kateryna Shevchenko,+380671000068,kateryna.shevchenko68@example.com,5a583fab00aa1c17acaad80b2b9b5a16a8563e7e66808bf4b4acbfb55d9b85d4,UA000010000000000000000000137,USD,67276.43,**** **** **** 1137,ACTIVE,TRANSFER,11472.54,PENDING,2024-01-04T08:38:00,UA000010000000000000000000148,
CUST-1049,Iryna Koval,+380671000049,iryna.koval49@example.com,a0c69ae7ad7629347d41a89d9a558b26bd9b126a3a183f3498444843acd7270d,UA000010000000000000000000100,UAH,80606.88,**** **** **** 1100,BLOCKED,BILL_PAYMENT,14031.33,PENDING,2024-01-04T08:45:00,,BILL-50615
CUST-1022,Olena Melnyk,+380671000022,olena.melnyk22@example.com,d0f82756c4d40d20e1fdbc90cf4da4adff02fe23b355687525880514642f764e,UA000010000000000000000000046,UAH,69062.22,**** **** **** 1046,BLOCKED,TRANSFER,8908.17,FAILED,2024-01-04T08:52:00,UA000010000000000000000000179,
CUST-1045,Andrii Shevchenko,+380671000045,andrii.shevchenko45@example.com,64bf83fcf172a284e3db6b4cc76bb175184ee9dd57e77f0421e3e401ea3858e0,UA000010000000000000000000092,UAH,82023.92,**** **** **** 1092,ACTIVE,TRANSFER,10566.62,COMPLETED,2024-01-04T08:59:00,UA000010000000000000000000146,
CUST-1072,Andrii Bondarenko,+380671000072,andrii.bondarenko72@example.com,79db1e22563af60be55a3717827926b76139d2428cbe693eba1643c2798e048d,UA000010000000000000000000145,UAH,70022.11,**** **** **** 1145,BLOCKED,TRANSFER,8468.48,PENDING,2024-01-04T09:06:00,UA000010000000000000000000127,
CUST-1069,Andrii Melnyk,+380671000069,andrii.melnyk69@example.com,667d45d6d55c4fe6a7239bb554854e3b8fc0b392abea73864e91104bb1b4581d,UA000010000000000000000000139,UAH,60983.38,**** **** **** 1139,ACTIVE,BILL_PAYMENT,2674.57,PENDING,2024-01-04T09:13:00,,BILL-50619
CUST-1011,Iryna Bondarenko,+380671000011,iryna.bondarenko11@example.com,8057f787ebd8b4f9d40f53d7fbbfcbdde7067c1a074435b68f525b3de0e2ac2b,UA000010000000000000000000024,EUR,48202.06,**** **** **** 1024,ACTIVE,TRANSFER,3527.72,PENDING,2024-01-04T09:20:00,UA000010000000000000000000006,
CUST-1067,Andrii Tkachuk,+380671000067,andrii.tkachuk67@example.com,8a110e75a8142ab756babe02160548ed6c254ae3fd931b297aa4edba91065732,UA000010000000000000000000135,UAH,20736.71,**** **** **** 1135,ACTIVE,BILL_PAYMENT,60.22,FAILED,2024-01-04T09:27:00,,BILL-50621
CUST-1025,Kateryna Bondarenko,+380671000025,kateryna.bondarenko25@example.com,0028e1c0d2c60966390545414567d33bca9f0165fece6d0109c59a3f29b5fdd0,UA000010000000000000000000052,EUR,1957.3,**** **** **** 1052,ACTIVE,TRANSFER,5144.35,PENDING,2024-01-04T09:34:00,UA000010000000000000000000083,
CUST-1007,Sofiia Koval,+380671000007,sofiia.koval7@example.com,1526f5e0e31d42fe1c3664ce923ac22ac1333417a90b32043797ac454cd03112,UA000010000000000000000000016,UAH,41234.99,**** **** **** 1016,BLOCKED,TRANSFER,2258.29,FAILED,2024-01-04T09:41:00,UA000010000000000000000000037,
CUST-1099,Olena Tkachuk,+380671000099,olena.tkachuk99@example.com,ab2f50fe825bc3a9a8b649f173af23be3a052db9b410fcb0127e50ae9c356ba7,UA000010000000000000000000199,UAH,41443.24,**** **** **** 1199,BLOCKED,TRANSFER,12704.89,COMPLETED,2024-01-04T09:48:00,UA000010000000000000000000019,
CUST-1047,Kateryna Koval,+380671000047,kateryna.koval47@example.com,dbb70b94b6b192a1085e8056872daa4eb24002d47c82e88b1323f1a5882567ba,UA000010000000000000000000096,USD,42029.66,**** **** **** 1096,ACTIVE,BILL_PAYMENT,8810.95,COMPLETED,2024-01-04T09:55:00,,BILL-50625
CUST-1038,Sofiia Koval,+380671000038,sofiia.koval38@example.com,b64171fda74426604480b9bf7c10ccdc2ebc80266c8667c42346f54ce87d4dec,UA000010000000000000000000078,UAH,52472.11,**** **** **** 1078,ACTIVE,BILL_PAYMENT,2089.95,PENDING,2024-01-04T10:02:00,,BILL-50626
CUST-1093,Iryna Shevchenko,+380671000093,iryna.shevchenko93@example.com,3dcc4d43a91ae471be9fb0dfb7e7a44dcbaf8125b389d65d38604ec5582825ec,UA000010000000000000000000188,USD,49682.91,**** **** **** 1188,ACTIVE,BILL_PAYMENT,11888.05,COMPLETED,2024-01-04T10:09:00,,BILL-50627
CUST-1083,Sofiia Bondarenko,+380671000083,sofiia.bondarenko83@example.com,dd76076f40644e9e57f7459bfc37b2ef8b7084bda5a3127c24a62c86dd45eb0b,UA000010000000000000000000167,USD,79500.35,**** **** **** 1167,ACTIVE,BILL_PAYMENT,2654.33,FAILED,2024-01-04T10:16:00,,BILL-50628
CUST-1088,Maksym Tkachenko,+380671000088,maksym.tkachenko88@example.com,1d45a36925bcb8f729f8f06ee0ec689f440cc6b08c3a0573ed12e10104e1e9a0,UA000010000000000000000000178,UAH,83430.21,**** **** **** 1178,BLOCKED,BILL_PAYMENT,3387.4,FAILED,2024-01-04T10:23:00,,BILL-50629
CUST-1022,Olena Melnyk,+380671000022,olena.melnyk22@example.com,d0f82756c4d40d20e1fdbc90cf4da4adff02fe23b355687525880514642f764e,UA000010000000000000000000045,USD,60878.15,**** **** **** 1045,BLOCKED,BILL_PAYMENT,4637.01,FAILED,2024-01-04T10:30:00,,BILL-50630
CUST-1037,Maksym Bondarenko,+380671000037,maksym.bondarenko37@example.com,1a31ac086ebf1341c916929e6d982767cd8568887d7c930ba8abd062afa08eac,UA000010000000000000000000076,USD,90050.97,**** **** **** 1076,ACTIVE,TRANSFER,2706.74,PENDING,2024-01-04T10:37:00,UA000010000000000000000000180,
CUST-1073,Maksym Bondarenko,+380671000073,maksym.bondarenko73@example.com,25ac9b17f8113ceda4e3b18b639ac0c5821fa6cf61e31a4b2cafec4573b89522,UA000010000000000000000000147,EUR,78480.9,**** **** **** 1147,BLOCKED,BILL_PAYMENT,12768.82,FAILED,2024-01-04T10:44:00,,BILL-50632
CUST-1004,Olena Bondarenko,+380671000004,olena.bondarenko4@example.com,a417b5dc3d06d15d91c6687e27fc1705ebc56b3b2d813abe03066e5643fe4e74,UA000010000000000000000000009,UAH,40859.51,**** **** **** 1009,BLOCKED,TRANSFER,9055.71,FAILED,2024-01-04T10:51:00,UA000010000000000000000000057,
CUST-1081,Kateryna Tkachenko,+380671000081,kateryna.tkachenko81@example.com,7137bc5132a11c4937a830c4f594a551b18d0764f66f8478de3db48377f2b611,UA000010000000000000000000164,UAH,24894.25,**** **** **** 1164,BLOCKED,TRANSFER,14053.48,PENDING,2024-01-04T10:58:00,UA000010000000000000000000085,
CUST-1095,Olena Tkachenko,+380671000095,olena.tkachenko95@example.com,b3f20ff60a6e1eda26f8c412e7173c7ee7f5b3a1124b87a38d3deb63274c1a61,UA000010000000000000000000191,EUR,76679.9,**** **** **** 1191,ACTIVE,TRANSFER,3608.04,COMPLETED,2024-01-04T11:05:00,UA000010000000000000000000043,
CUST-1081,Kateryna Tkachenko,+380671000081,kateryna.tkachenko81@example.com,7137bc5132a11c4937a830c4f594a551b18d0764f66f8478de3db48377f2b611,UA000010000000000000000000163,EUR,2004.96,**** **** **** 1163,ACTIVE,TRANSFER,12333.84,FAILED,2024-01-04T11:12:00,UA000010000000000000000000164,
CUST-1093,Iryna Shevchenko,+380671000093,iryna.shevchenko93@example.com,3dcc4d43a91ae471be9fb0dfb7e7a44dcbaf8125b389d65d38604ec5582825ec,UA000010000000000000000000187,USD,12294.63,**** **** **** 1187,ACTIVE,BILL_PAYMENT,6727.12,COMPLETED,2024-01-04T11:19:00,,BILL-50637
CUST-1026,Sofiia Tkachuk,+380671000026,sofiia.tkachuk26@example.com,45e17065ddc6fb3a682f7732df5804652952dbe1f5ca5377a661515a8fcf66be,UA000010000000000000000000054,USD,58668.45,**** **** **** 1054,ACTIVE,TRANSFER,10412.98,COMPLETED,2024-01-04T11:26:00,UA000010000000000000000000066,
CUST-1013,Maksym Tkachuk,+380671000013,maksym.tkachuk13@example.com,1e53de2a2b4ab888cc24002ef8832d433b21956ab83ddeef989c8224b5c8f9f2,UA000010000000000000000000028,UAH,94218.02,**** **** **** 1028,ACTIVE,TRANSFER,769.8,COMPLETED,2024-01-04T11:33:00,UA000010000000000000000000188,
CUST-1053,Dmytro Bondarenko,+380671000053,dmytro.bondarenko53@example.com,f75b853a4521962ca5d349e4ca4cb69dce2dbfef61731cb9d14f1f2f1b6499fe,UA000010000000000000000000108,EUR,48975.1,**** **** **** 1108,ACTIVE,TRANSFER,13274.05,COMPLETED,2024-01-04T11:40:00,UA000010000000000000000000097,
CUST-1044,Kateryna Melnyk,+380671000044,kateryna.melnyk44@example.com,147eb7dd0f4c59120be8adb20f9dc4d4a0ccb27a0d48d7546dfa171dd980f075,UA000010000000000000000000090,EUR,47845.43,**** **** **** 1090,ACTIVE,BILL_PAYMENT,1566.36,COMPLETED,2024-01-04T11:47:00,,BILL-50641
CUST-1073,Maksym Bondarenko,+380671000073,maksym.bondarenko73@example.com,25ac9b17f8113ceda4e3b18b639ac0c5821fa6cf61e31a4b2cafec4573b89522,UA000010000000000000000000148,EUR,43409.42,**** **** **** 1148,BLOCKED,TRANSFER,2481.71,PENDING,2024-01-04T11:54:00,UA000010000000000000000000009,
CUST-1037,Maksym Bondarenko,+380671000037,maksym.bondarenko37@example.com,1a31ac086ebf1341c916929e6d982767cd8568887d7c930ba8abd062afa08eac,UA000010000000000000000000076,USD,90050.97,**** **** **** 1076,ACTIVE,TRANSFER,4814.82,PENDING,2024-01-04T12:01:00,UA000010000000000000000000019,
CUST-1043,Sofiia Shevchenko,+380671000043,sofiia.shevchenko43@example.com,db9aa0719dbf5cac40e44b268042014e9bc28b4134df9051a35f8c64f6603b6f,UA000010000000000000000000088,USD,21808.09,**** **** **** 1088,BLOCKED,TRANSFER,13324.57,PENDING,2024-01-04T12:08:00,UA000010000000000000000000188,
CUST-1009,Sofiia Tkachuk,+380671000009,sofiia.tkachuk9@example.com,2d4589473fb3f4581d7452cd25182159d68d2a50056a0cce35a529b010e32f2b,UA000010000000000000000000020,USD,42877.74,**** **** **** 1020,BLOCKED,TRANSFER,5102.36,FAILED,2024-01-04T12:15:00,UA000010000000000000000000124,
CUST-1090,Sofiia Tkachuk,+380671000090,sofiia.tkachuk90@example.com,a4273f882cab7a89e7fa8e5a1298799b62233ada8a93f880f58bbd87db44d6a3,UA000010000000000000000000181,USD,5506.05,**** **** **** 1181,ACTIVE,TRANSFER,6498.28,FAILED,2024-01-04T12:22:00,UA000010000000000000000000043,
CUST-1077,Kateryna Koval,+380671000077,kateryna.koval77@example.com,2590d18604c282ff195459db33d0ae2caab98b14d4cbfdfd4dc3ed4923bf31b8,UA000010000000000000000000156,USD,44121.87,**** **** **** 1156,BLOCKED,BILL_PAYMENT,2398.7,PENDING,2024-01-04T12:29:00,,BILL-50647
CUST-1042,Kateryna Shevchenko,+380671000042,kateryna.shevchenko42@example.com,de3543c757d459090b9adaf9a80a54d54724a0f1600d4c77d6017dde58cf1189,UA000010000000000000000000085,EUR,75065.32,**** **** **** 1085,ACTIVE,TRANSFER,14617.26,COMPLETED,2024-01-04T12:36:00,UA000010000000000000000000179,
CUST-1070,Maksym Melnyk,+380671000070,maksym.melnyk70@example.com,44b6dadf9835ff29d5342da14dfaf76e3d828081a1704b131baa355f950e6047,UA000010000000000000000000142,EUR,68057.38,**** **** **** 1142,BLOCKED,BILL_PAYMENT,9925.94,COMPLETED,2024-01-04T12:43:00,,BILL-50649
CUST-1030,Olena Melnyk,+380671000030,olena.melnyk30@example.com,85fcbe6bf830f23209ea6a932921e8da31a653a24a20cb84e75c4997e505690b,UA000010000000000000000000061,USD,3453.85,**** **** **** 1061,BLOCKED,TRANSFER,792.05,FAILED,2024-01-04T12:50:00,UA000010000000000000000000141,
CUST-1062,Dmytro Bondarenko,+380671000062,dmytro.bondarenko62@example.com,9b857dc1d1dc03b131bdb429b972f5f28c7d72b8466a22d54c359c48d19551fe,UA000010000000000000000000126,UAH,64632.22,**** **** **** 1126,ACTIVE,TRANSFER,864.85,PENDING,2024-01-04T12:57:00,UA000010000000000000000000110,
CUST-1011,Iryna Bondarenko,+380671000011,iryna.bondarenko11@example.com,8057f787ebd8b4f9d40f53d7fbbfcbdde7067c1a074435b68f525b3de0e2ac2b,UA000010000000000000000000023,EUR,32046.88,**** **** **** 1023,ACTIVE,BILL_PAYMENT,12367.26,FAILED,2024-01-04T13:04:00,,BILL-50652
CUST-1076,Sofiia Koval,+380671000076,sofiia.koval76@example.com,55e315face2c7bcfc4b1d43be3a863e3bbb565ad3dafe30a9dd45b51b190be9d,UA000010000000000000000000154,EUR,52652.93,**** **** **** 1154,BLOCKED,BILL_PAYMENT,3035.14,PENDING,2024-01-04T13:11:00,,BILL-50653
CUST-1026,Sofiia Tkachuk,+380671000026,sofiia.tkachuk26@example.com,45e17065ddc6fb3a682f7732df5804652952dbe1f5ca5377a661515a8fcf66be,UA000010000000000000000000053,EUR,90488.93,**** **** **** 1053,ACTIVE,TRANSFER,9590.95,PENDING,2024-01-04T13:18:00,UA000010000000000000000000122,
CUST-1014,Dmytro Tkachenko,+380671000014,dmytro.tkachenko14@example.com,b78f24953963ac5ed773d6ec83120e3b1a65510201dc09ed2ed9e9781ba88870,UA000010000000000000000000030,USD,66079.94,**** **** **** 1030,BLOCKED,BILL_PAYMENT,11783.9,COMPLETED,2024-01-04T13:25:00,,BILL-50655
CUST-1062,Dmytro Bondarenko,+380671000062,dmytro.bondarenko62@example.com,9b857dc1d1dc03b131bdb429b972f5f28c7d72b8466a22d54c359c48d19551fe,UA000010000000000000000000126,UAH,64632.22,**** **** **** 1126,ACTIVE,BILL_PAYMENT,1412.5,FAILED,2024-01-04T13:32:00,,BILL-50656
CUST-1049,Iryna Koval,+380671000049,iryna.koval49@example.com,a0c69ae7ad7629347d41a89d9a558b26bd9b126a3a183f3498444843acd7270d,UA000010000000000000000000100,UAH,80606.88,**** **** **** 1100,BLOCKED,TRANSFER,5596.76,COMPLETED,2024-01-04T13:39:00,UA000010000000000000000000095,
CUST-1023,Olena Bondarenko,+380671000023,olena.bondarenko23@example.com,8893186d24cce07e1c82f2e020d41177e699318b4be9535483fdf55edf58cd50,UA000010000000000000000000048,UAH,63794.16,**** **** **** 1048,BLOCKED,BILL_PAYMENT,717.02,COMPLETED,2024-01-04T13:46:00,,BILL-50658
CUST-1059,Maksym Tkachuk,+380671000059,maksym.tkachuk59@example.com,e5e0e771c99778aef6f0046adb86a3d3e3ede2c68f43aae6b4ee9d498709328b,UA000010000000000000000000120,USD,22722.74,**** **** **** 1120,BLOCKED,BILL_PAYMENT,3432.32,COMPLETED,2024-01-04T13:53:00,,BILL-50659
CUST-1072,Andrii Bondarenko,+380671000072,andrii.bondarenko72@example.com,79db1e22563af60be55a3717827926b76139d2428cbe693eba1643c2798e048d,UA000010000000000000000000145,UAH,70022.11,**** **** **** 1145,BLOCKED,TRANSFER,2309.4,FAILED,2024-01-04T14:00:00,UA000010000000000000000000171,
CUST-1012,Andrii Shevchenko,+380671000012,andrii.shevchenko12@example.com,fdac810d0c09f25c5ddcee9976ab1f1ae1973dba7c65152d95b0937bc2a6c883,UA000010000000000000000000025,UAH,96117.11,**** **** **** 1025,ACTIVE,TRANSFER,10038.71,FAILED,2024-01-04T14:07:00,UA000010000000000000000000106,
CUST-1096,Ivan Bondarenko,+380671000096,ivan.bondarenko96@example.com,38ee64c8e2536e41e2543266f6a5216747b24c8b8ada7d5f7cfba8b1e80752fb,UA000010000000000000000000194,USD,57294.32,**** **** **** 1194,ACTIVE,TRANSFER,8326.35,COMPLETED,2024-01-04T14:14:00,UA000010000000000000000000134,
CUST-1053,Dmytro Bondarenko,+380671000053,dmytro.bondarenko53@example.com,f75b853a4521962ca5d349e4ca4cb69dce2dbfef61731cb9d14f1f2f1b6499fe,UA000010000000000000000000108,EUR,48975.1,**** **** **** 1108,ACTIVE,BILL_PAYMENT,8612.08,PENDING,2024-01-04T14:21:00,,BILL-50663
CUST-1060,Dmytro Bondarenko,+380671000060,dmytro.bondarenko60@example.com,598ed9422e3d9c328f48cafc2c66a66a3d393b64290f7741d60e6e22c03ca031,UA000010000000000000000000122,EUR,68235.05,**** **** **** 1122,BLOCKED,BILL_PAYMENT,1230.38,FAILED,2024-01-04T14:28:00,,BILL-50664
CUST-1004,Olena Bondarenko,+380671000004,olena.bondarenko4@example.com,a417b5dc3d06d15d91c6687e27fc1705ebc56b3b2d813abe03066e5643fe4e74,UA000010000000000000000000009,UAH,40859.51,**** **** **** 1009,BLOCKED,TRANSFER,1848.21,COMPLETED,2024-01-04T14:35:00,UA000010000000000000000000045,
CUST-1021,Iryna Bondarenko,+380671000021,iryna.bondarenko21@example.com,2d6b3bb57cb9e22fa36516172ef096b30ae00d08eedc1499c599b6269975521d,UA000010000000000000000000043,USD,12427.44,**** **** **** 1043,ACTIVE,TRANSFER,12136.49,PENDING,2024-01-04T14:42:00,UA000010000000000000000000011,
CUST-1054,Dmytro Tkachenko,+380671000054,dmytro.tkachenko54@example.com,db383db8666c1c7f372e49b801a0405e0dd4193ab772163521b16e78879fa334,UA000010000000000000000000109,USD,44547.39,**** **** **** 1109,BLOCKED,TRANSFER,14824.79,COMPLETED,2024-01-04T14:49:00,UA000010000000000000000000052,
CUST-1080,Ivan Shevchenko,+380671000080,ivan.shevchenko80@example.com,a5276c24114971eceb4d5149894034741bcf22825b30c39942ff63007e031956,UA000010000000000000000000161,UAH,49267.44,**** **** **** 1161,BLOCKED,TRANSFER,12519.92,COMPLETED,2024-01-04T14:56:00,UA000010000000000000000000082,
CUST-1093,Iryna Shevchenko,+380671000093,iryna.shevchenko93@example.com,3dcc4d43a91ae471be9fb0dfb7e7a44dcbaf8125b389d65d38604ec5582825ec,UA000010000000000000000000187,USD,12294.63,**** **** **** 1187,ACTIVE,TRANSFER,1351.06,FAILED,2024-01-04T15:03:00,UA000010000000000000000000102,
CUST-1070,Maksym Melnyk,+380671000070,maksym.melnyk70@example.com,44b6dadf9835ff29d5342da14dfaf76e3d828081a1704b131baa355f950e6047,UA000010000000000000000000142,EUR,68057.38,**** **** **** 1142,BLOCKED,BILL_PAYMENT,12856.53,FAILED,2024-01-04T15:10:00,,BILL-50670
CUST-1058,Maksym Tkachuk,+380671000058,maksym.tkachuk58@example.com,daa7c4bc3f1506b52b2bcc7864db9a96aee3ec1a8a68b29c5db60de1f8a6918b,UA000010000000000000000000118,USD,30562.65,**** **** **** 1118,BLOCKED,TRANSFER,11808.93,FAILED,2024-01-04T15:17:00,UA000010000000000000000000151,
CUST-1066,Olena Tkachuk,+380671000066,olena.tkachuk66@example.com,06599c96e52ff54f21e65cec89df4b96ce519704136d6f7246a56be613eed8fb,UA000010000000000000000000134,EUR,4985.56,**** **** **** 1134,ACTIVE,BILL_PAYMENT,1732.16,PENDING,2024-01-04T15:24:00,,BILL-50672
CUST-1018,Dmytro Shevchenko,+380671000018,dmytro.shevchenko18@example.com,b99ddd77e59c96b13b64b3abe1902db4c0a76dabf8622aa6c71f8f5670be6625,UA000010000000000000000000038,UAH,37583.18,**** **** **** 1038,ACTIVE,TRANSFER,13877.68,FAILED,2024-01-04T15:31:00,UA000010000000000000000000200,
CUST-1012,Andrii Shevchenko,+380671000012,andrii.shevchenko12@example.com,fdac810d0c09f25c5ddcee9976ab1f1ae1973dba7c65152d95b0937bc2a6c883,UA000010000000000000000000026,UAH,7783.61,**** **** **** 1026,ACTIVE,BILL_PAYMENT,13018.76,COMPLETED,2024-01-04T15:38:00,,BILL-50674
CUST-1052,Andrii Tkachuk,+380671000052,andrii.tkachuk52@example.com,f511f615cd867553edd2fc66f4dc34441851f699cc1457f767c5ec0bad8cd250,UA000010000000000000000000106,EUR,86288.0,**** **** **** 1106,BLOCKED,BILL_PAYMENT,5776.5,COMPLETED,2024-01-04T15:45:00,,BILL-50675
CUST-1073,Maksym Bondarenko,+380671000073,maksym.bondarenko73@example.com,25ac9b17f8113ceda4e3b18b639ac0c5821fa6cf61e31a4b2cafec4573b89522,UA000010000000000000000000147,EUR,78480.9,**** **** **** 1147,BLOCKED,BILL_PAYMENT,610.11,COMPLETED,2024-01-04T15:52:00,,BILL-50676
CUST-1051,Sofiia Tkachuk,+380671000051,sofiia.tkachuk51@example.com,cc35e4b303c84633f2e64c1fe30a9c2f9e0f1dcdd53d1a748451b83164db475a,UA000010000000000000000000104,USD,61652.58,**** **** **** 1104,BLOCKED,TRANSFER,9292.76,FAILED,2024-01-04T15:59:00,UA000010000000000000000000178,
CUST-1051,Sofiia Tkachuk,+380671000051,sofiia.tkachuk51@example.com,cc35e4b303c84633f2e64c1fe30a9c2f9e0f1dcdd53d1a748451b83164db475a,UA000010000000000000000000103,EUR,53582.06,**** **** **** 1103,BLOCKED,TRANSFER,5967.1,COMPLETED,2024-01-04T16:06:00,UA000010000000000000000000177,
CUST-1030,Olena Melnyk,+380671000030,olena.melnyk30@example.com,85fcbe6bf830f23209ea6a932921e8da31a653a24a20cb84e75c4997e505690b,UA000010000000000000000000061,USD,3453.85,**** **** **** 1061,BLOCKED,TRANSFER,11198.96,COMPLETED,2024-01-04T16:13:00,UA000010000000000000000000096,
CUST-1002,Sofiia Koval,+380671000002,sofiia.koval2@example.com,1ba3d16e9881959f8c9a9762854f72c6e6321cdd44358a10a4e939033117eab9,UA000010000000000000000000006,UAH,10338.25,**** **** **** 1006,BLOCKED,BILL_PAYMENT,12269.92,COMPLETED,2024-01-04T16:20:00,,BILL-50680
CUST-1039,Iryna Melnyk,+380671000039,iryna.melnyk39@example.com,099646084abbbc2c403c480bea87e7de23ce18db73a3e28251effef3ed49f1ea,UA000010000000000000000000080,EUR,32077.65,**** **** **** 1080,ACTIVE,BILL_PAYMENT,12650.56,FAILED,2024-01-04T16:27:00,,BILL-50681
CUST-1087,Iryna Bondarenko,+380671000087,iryna.bondarenko87@example.com,4a2efe616f41f27f583d7e1e628a7b019f2b2603677ae0216d14559eefb83975,UA000010000000000000000000176,UAH,22422.08,**** **** **** 1176,BLOCKED,TRANSFER,14588.82,PENDING,2024-01-04T16:34:00,UA000010000000000000000000035,
CUST-1038,Sofiia Koval,+380671000038,sofiia.koval38@example.com,b64171fda74426604480b9bf7c10ccdc2ebc80266c8667c42346f54ce87d4dec,UA000010000000000000000000077,USD,5394.27,**** **** **** 1077,BLOCKED,BILL_PAYMENT,11621.76,COMPLETED,2024-01-04T16:41:00,,BILL-50683
CUST-1034,Sofiia Tkachuk,+380671000034,sofiia.tkachuk34@example.com,94cd5db06baf087fd56c0042adc1deb162d271acfb8b3eb0277069517998d489,UA000010000000000000000000069,USD,35763.47,**** **** **** 1069,BLOCKED,BILL_PAYMENT,9094.44,PENDING,2024-01-04T16:48:00,,BILL-50684
CUST-1024,Andrii Tkachuk,+380671000024,andrii.tkachuk24@example.com,cafdc894eacc597ad76db1a750ccb876d4ed69c73b7d3d23f5e3a9e3b5c9fc2e,UA000010000000000000000000049,UAH,1351.02,**** **** **** 1049,ACTIVE,BILL_PAYMENT,3210.29,COMPLETED,2024-01-04T16:55:00,,BILL-50685
CUST-1094,Sofiia Koval,+380671000094,sofiia.koval94@example.com,3fdd6e2fcae488c7c7818992ad08249cd0f6576f6ff846bcecaa816e002cde3c,UA000010000000000000000000190,UAH,99397.89,**** **** **** 1190,ACTIVE,BILL_PAYMENT,11404.42,COMPLETED,2024-01-04T17:02:00,,BILL-50686
CUST-1007,Sofiia Koval,+380671000007,sofiia.koval7@example.com,1526f5e0e31d42fe1c3664ce923ac22ac1333417a90b32043797ac454cd03112,UA000010000000000000000000015,UAH,92710.33,**** **** **** 1015,ACTIVE,TRANSFER,1030.97,FAILED,2024-01-04T17:09:00,UA000010000000000000000000130,
CUST-1051,Sofiia Tkachuk,+380671000051,sofiia.tkachuk51@example.com,cc35e4b303c84633f2e64c1fe30a9c2f9e0f1dcdd53d1a748451b83164db475a,UA000010000000000000000000104,USD,61652.58,**** **** **** 1104,BLOCKED,TRANSFER,11718.72,FAILED,2024-01-04T17:16:00,UA000010000000000000000000146,
CUST-1003,Olena Tkachuk,+380671000003,olena.tkachuk3@example.com,3acb59306ef6e660cf832d1d34c4fba3d88d616f0bb5c2a9e0f82d18ef6fc167,UA000010000000000000000000008,EUR,6362.95,**** **** **** 1008,ACTIVE,TRANSFER,2931.81,PENDING,2024-01-04T17:23:00,UA000010000000000000000000015,
CUST-1031,Andrii Melnyk,+380671000031,andrii.melnyk31@example.com,3b3ad733c8571384c133694595c33d96c638b36f08a484bd0ad38bf312fdb294,UA000010000000000000000000064,USD,87344.51,**** **** **** 1064,BLOCKED,TRANSFER,6873.91,COMPLETED,2024-01-04T17:30:00,UA000010000000000000000000181,
CUST-1025,Kateryna Bondarenko,+380671000025,kateryna.bondarenko25@example.com,0028e1c0d2c60966390545414567d33bca9f0165fece6d0109c59a3f29b5fdd0,UA000010000000000000000000051,EUR,44741.72,**** **** **** 1051,BLOCKED,BILL_PAYMENT,5556.86,COMPLETED,2024-01-04T17:37:00,,BILL-50691
CUST-1064,Andrii Bondarenko,+380671000064,andrii.bondarenko64@example.com,51031e17ce0a58242bf97f01a2883d077c6dd21f22674ee500dbfb60228851e7,UA000010000000000000000000130,USD,75448.97,**** **** **** 1130,BLOCKED,BILL_PAYMENT,9549.38,PENDING,2024-01-04T17:44:00,,BILL-50692
CUST-1087,Iryna Bondarenko,+380671000087,iryna.bondarenko87@example.com,4a2efe616f41f27f583d7e1e628a7b019f2b2603677ae0216d14559eefb83975,UA000010000000000000000000175,EUR,54050.53,**** **** **** 1175,ACTIVE,TRANSFER,3666.97,COMPLETED,2024-01-04T17:51:00,UA000010000000000000000000153,
CUST-1057,Ivan Shevchenko,+380671000057,ivan.shevchenko57@example.com,3b356cdbaeb3d03a6b6f713a048489d62fd63b4a8fd0c70a976cb0b70c119e46,UA000010000000000000000000115,USD,7164.31,**** **** **** 1115,BLOCKED,TRANSFER,14409.78,COMPLETED,2024-01-04T17:58:00,UA000010000000000000000000151,
CUST-1070,Maksym Melnyk,+380671000070,maksym.melnyk70@example.com,44b6dadf9835ff29d5342da14dfaf76e3d828081a1704b131baa355f950e6047,UA000010000000000000000000142,EUR,68057.38,**** **** **** 1142,BLOCKED,BILL_PAYMENT,5196.52,COMPLETED,2024-01-04T18:05:00,,BILL-50695
CUST-1095,Olena Tkachenko,+380671000095,olena.tkachenko95@example.com,b3f20ff60a6e1eda26f8c412e7173c7ee7f5b3a1124b87a38d3deb63274c1a61,UA000010000000000000000000192,EUR,38657.42,**** **** **** 1192,BLOCKED,TRANSFER,4311.79,COMPLETED,2024-01-04T18:12:00,UA000010000000000000000000013,
CUST-1020,Andrii Shevchenko,+380671000020,andrii.shevchenko20@example.com,51d11024031a8951b4722671adfc8587538f5e5417206e7862e60752758a5c35,UA000010000000000000000000042,EUR,11255.06,**** **** **** 1042,ACTIVE,TRANSFER,12863.81,FAILED,2024-01-04T18:19:00,UA000010000000000000000000058,
CUST-1086,Maksym Koval,+380671000086,maksym.koval86@example.com,3c0c8e2f0527574ed275f4fc831af606b283370490f9c39c7389fb5d16dd6ac8,UA000010000000000000000000174,EUR,20065.85,**** **** **** 1174,ACTIVE,TRANSFER,4072.8,COMPLETED,2024-01-04T18:26:00,UA000010000000000000000000132,
CUST-1002,Sofiia Koval,+380671000002,sofiia.koval2@example.com,1ba3d16e9881959f8c9a9762854f72c6e6321cdd44358a10a4e939033117eab9,UA000010000000000000000000006,UAH,10338.25,**** **** **** 1006,BLOCKED,TRANSFER,7137.75,PENDING,2024-01-04T18:33:00,UA000010000000000000000000166,
CUST-1022,Olena Melnyk,+380671000022,olena.melnyk22@example.com,d0f82756c4d40d20e1fdbc90cf4da4adff02fe23b355687525880514642f764e,UA000010000000000000000000045,USD,60878.15,**** **** **** 1045,BLOCKED,TRANSFER,3395.36,FAILED,2024-01-04T18:40:00,UA000010000000000000000000079,
CUST-1091,Andrii Melnyk,+380671000091,andrii.melnyk91@example.com,7f6ceca338f7fe1bb409870c95cbf5009115df953af77a91ef912a11cf6423c7,UA000010000000000000000000183,EUR,86977.66,**** **** **** 1183,BLOCKED,BILL_PAYMENT,6385.91,COMPLETED,2024-01-04T18:47:00,,BILL-50701
CUST-1044,Kateryna Melnyk,+380671000044,kateryna.melnyk44@example.com,147eb7dd0f4c59120be8adb20f9dc4d4a0ccb27a0d48d7546dfa171dd980f075,UA000010000000000000000000090,EUR,47845.43,**** **** **** 1090,ACTIVE,BILL_PAYMENT,3817.38,COMPLETED,2024-01-04T18:54:00,,BILL-50702
CUST-1038,Sofiia Koval,+380671000038,sofiia.koval38@example.com,b64171fda74426604480b9bf7c10ccdc2ebc80266c8667c42346f54ce87d4dec,UA000010000000000000000000078,UAH,52472.11,**** **** **** 1078,ACTIVE,BILL_PAYMENT,8788.08,PENDING,2024-01-04T19:01:00,,BILL-50703
CUST-1065,Ivan Tkachuk,+380671000065,ivan.tkachuk65@example.com,3c62426f46ebb414ff53540c6f1af32639c28b434126ae98b9f1651dd5e4fd4a,UA000010000000000000000000131,USD,83656.18,**** **** **** 1131,BLOCKED,BILL_PAYMENT,8443.78,FAILED,2024-01-04T19:08:00,,BILL-50704
CUST-1077,Kateryna Koval,+380671000077,kateryna.koval77@example.com,2590d18604c282ff195459db33d0ae2caab98b14d4cbfdfd4dc3ed4923bf31b8,UA000010000000000000000000156,USD,44121.87,**** **** **** 1156,BLOCKED,BILL_PAYMENT,4512.22,PENDING,2024-01-04T19:15:00,,BILL-50705
CUST-1061,Olena Melnyk,+380671000061,olena.melnyk61@example.com,da3df0f1c138cc7b9e79e218587a605e12b7a9b9ac24e1287da5ed056cf10c22,UA000010000000000000000000124,UAH,98091.48,**** **** **** 1124,ACTIVE,TRANSFER,5077.44,COMPLETED,2024-01-04T19:22:00,UA000010000000000000000000164,
CUST-1041,Sofiia Tkachuk,+380671000041,sofiia.tkachuk41@example.com,a8a5146b1f97c2c8987ccb3a87d2f30b8aa258c2a32cb96115bf381d42df875c,UA000010000000000000000000084,UAH,42624.19,**** **** **** 1084,BLOCKED,BILL_PAYMENT,3954.15,FAILED,2024-01-04T19:29:00,,BILL-50707
CUST-1083,Sofiia Bondarenko,+380671000083,sofiia.bondarenko83@example.com,dd76076f40644e9e57f7459bfc37b2ef8b7084bda5a3127c24a62c86dd45eb0b,UA000010000000000000000000167,USD,79500.35,**** **** **** 1167,ACTIVE,BILL_PAYMENT,2865.98,FAILED,2024-01-04T19:36:00,,BILL-50708
CUST-1097,Sofiia Bondarenko,+380671000097,sofiia.bondarenko97@example.com,7f5106053c87018f57187a0a485dedacb2ef37f08f05ab2313f23217a9ee928b,UA000010000000000000000000196,UAH,62925.99,**** **** **** 1196,BLOCKED,TRANSFER,13500.32,FAILED,2024-01-04T19:43:00,UA000010000000000000000000104,
CUST-1084,Olena Shevchenko,+380671000084,olena.shevchenko84@example.com,11ee91bdbb90b967d18e45226bd3bc17d72a85a4486315b3568d070722445fe1,UA000010000000000000000000170,USD,55793.82,**** **** **** 1170,BLOCKED,BILL_PAYMENT,10227.3,FAILED,2024-01-04T19:50:00,,BILL-50710
CUST-1003,Olena Tkachuk,+380671000003,olena.tkachuk3@example.com,3acb59306ef6e660cf832d1d34c4fba3d88d616f0bb5c2a9e0f82d18ef6fc167,UA000010000000000000000000007,USD,42934.28,**** **** **** 1007,BLOCKED,BILL_PAYMENT,14962.16,COMPLETED,2024-01-04T19:57:00,,BILL-50711
CUST-1053,Dmytro Bondarenko,+380671000053,dmytro.bondarenko53@example.com,f75b853a4521962ca5d349e4ca4cb69dce2dbfef61731cb9d14f1f2f1b6499fe,UA000010000000000000000000108,EUR,48975.1,**** **** **** 1108,ACTIVE,BILL_PAYMENT,5854.71,PENDING,2024-01-04T20:04:00,,BILL-50712
CUST-1074,Olena Tkachuk,+380671000074,olena.tkachuk74@example.com,efacf97ed63d8d618e5c1f03e2fbd3656ed4c97ba04abf6db791534b425641c2,UA000010000000000000000000150,UAH,85107.99,**** **** **** 1150,BLOCKED,TRANSFER,5180.35,FAILED,2024-01-04T20:11:00,UA000010000000000000000000057,
CUST-1087,Iryna Bondarenko,+380671000087,iryna.bondarenko87@example.com,4a2efe616f41f27f583d7e1e628a7b019f2b2603677ae0216d14559eefb83975,UA000010000000000000000000176,UAH,22422.08,**** **** **** 1176,BLOCKED,BILL_PAYMENT,13602.57,FAILED,2024-01-04T20:18:00,,BILL-50714
CUST-1045,Andrii Shevchenko,+380671000045,andrii.shevchenko45@example.com,64bf83fcf172a284e3db6b4cc76bb175184ee9dd57e77f0421e3e401ea3858e0,UA000010000000000000000000092,UAH,82023.92,**** **** **** 1092,ACTIVE,BILL_PAYMENT,12689.02,FAILED,2024-01-04T20:25:00,,BILL-50715
CUST-1071,Ivan Tkachuk,+380671000071,ivan.tkachuk71@example.com,a06afaf373a81a1bcd1641fdd0f8b9c2c0d7104171abafbd80d11e933a9c6a13,UA000010000000000000000000143,USD,94205.59,**** **** **** 1143,ACTIVE,TRANSFER,4442.07,COMPLETED,2024-01-04T20:32:00,UA000010000000000000000000033,
CUST-1094,Sofiia Koval,+380671000094,sofiia.koval94@example.com,3fdd6e2fcae488c7c7818992ad08249cd0f6576f6ff846bcecaa816e002cde3c,UA000010000000000000000000190,UAH,99397.89,**** **** **** 1190,ACTIVE,BILL_PAYMENT,10891.54,FAILED,2024-01-04T20:39:00,,BILL-50717
CUST-1097,Sofiia Bondarenko,+380671000097,sofiia.bondarenko97@example.com,7f5106053c87018f57187a0a485dedacb2ef37f08f05ab2313f23217a9ee928b,UA000010000000000000000000196,UAH,62925.99,**** **** **** 1196,BLOCKED,TRANSFER,14206.5,COMPLETED,2024-01-04T20:46:00,UA000010000000000000000000168,
CUST-1011,Iryna Bondarenko,+380671000011,iryna.bondarenko11@example.com,8057f787ebd8b4f9d40f53d7fbbfcbdde7067c1a074435b68f525b3de0e2ac2b,UA000010000000000000000000023,EUR,32046.88,**** **** **** 1023,ACTIVE,TRANSFER,5361.49,FAILED,2024-01-04T20:53:00,UA000010000000000000000000079,
CUST-1053,Dmytro Bondarenko,+380671000053,dmytro.bondarenko53@example.com,f75b853a4521962ca5d349e4ca4cb69dce2dbfef61731cb9d14f1f2f1b6499fe,UA000010000000000000000000108,EUR,48975.1,**** **** **** 1108,ACTIVE,BILL_PAYMENT,5606.65,FAILED,2024-01-04T21:00:00,,BILL-50720
CUST-1037,Maksym Bondarenko,+380671000037,maksym.bondarenko37@example.com,1a31ac086ebf1341c916929e6d982767cd8568887d7c930ba8abd062afa08eac,UA000010000000000000000000076,USD,90050.97,**** **** **** 1076,ACTIVE,BILL_PAYMENT,12775.65,COMPLETED,2024-01-04T21:07:00,,BILL-50721
CUST-1006,Ivan Shevchenko,+380671000006,ivan.shevchenko6@example.com,5c4950c94a3461441c356afa783f76b83b38fd65f730f291403efbcc798acc1f,UA000010000000000000000000014,UAH,65562.34,**** **** **** 1014,ACTIVE,TRANSFER,7109.68,PENDING,2024-01-04T21:14:00,UA000010000000000000000000129,
CUST-1015,Andrii Koval,+380671000015,andrii.koval15@example.com,b5a4ec869015095060b1171791334513f741177c4011e2c5c36e3e37a5ff8e5f,UA000010000000000000000000031,USD,21221.66,**** **** **** 1031,BLOCKED,BILL_PAYMENT,7971.09,COMPLETED,2024-01-04T21:21:00,,BILL-50723
CUST-1006,Ivan Shevchenko,+380671000006,ivan.shevchenko6@example.com,5c4950c94a3461441c356afa783f76b83b38fd65f730f291403efbcc798acc1f,UA000010000000000000000000014,UAH,65562.34,**** **** **** 1014,ACTIVE,TRANSFER,2103.61,PENDING,2024-01-04T21:28:00,UA000010000000000000000000088,
CUST-1052,Andrii Tkachuk,+380671000052,andrii.tkachuk52@example.com,f511f615cd867553edd2fc66f4dc34441851f699cc1457f767c5ec0bad8cd250,UA000010000000000000000000105,EUR,45145.45,**** **** **** 1105,ACTIVE,BILL_PAYMENT,2191.2,FAILED,2024-01-04T21:35:00,,BILL-50725
CUST-1023,Olena Bondarenko,+380671000023,olena.bondarenko23@example.com,8893186d24cce07e1c82f2e020d41177e699318b4be9535483fdf55edf58cd50,UA000010000000000000000000047,EUR,49364.65,**** **** **** 1047,ACTIVE,TRANSFER,7339.33,FAILED,2024-01-04T21:42:00,UA000010000000000000000000046,
CUST-1040,Andrii Tkachuk,+380671000040,andrii.tkachuk40@example.com,d88a53cd8ffe65ab18d2c62882479559aa781642ce7a8d340b22fc0a637b0359,UA000010000000000000000000081,EUR,90104.64,**** **** **** 1081,BLOCKED,TRANSFER,120.47,COMPLETED,2024-01-04T21:49:00,UA000010000000000000000000054,
CUST-1097,Sofiia Bondarenko,+380671000097,sofiia.bondarenko97@example.com,7f5106053c87018f57187a0a485dedacb2ef37f08f05ab2313f23217a9ee928b,UA000010000000000000000000195,EUR,96050.77,**** **** **** 1195,ACTIVE,TRANSFER,8665.37,PENDING,2024-01-04T21:56:00,UA000010000000000000000000126,
CUST-1097,Sofiia Bondarenko,+380671000097,sofiia.bondarenko97@example.com,7f5106053c87018f57187a0a485dedacb2ef37f08f05ab2313f23217a9ee928b,UA000010000000000000000000196,UAH,62925.99,**** **** **** 1196,BLOCKED,TRANSFER,1984.62,COMPLETED,2024-01-04T22:03:00,UA000010000000000000000000163,
CUST-1054,Dmytro Tkachenko,+380671000054,dmytro.tkachenko54@example.com,db383db8666c1c7f372e49b801a0405e0dd4193ab772163521b16e78879fa334,UA000010000000000000000000110,UAH,27899.8,**** **** **** 1110,BLOCKED,BILL_PAYMENT,6463.93,COMPLETED,2024-01-04T22:10:00,,BILL-50730
CUST-1049,Iryna Koval,+380671000049,iryna.koval49@example.com,a0c69ae7ad7629347d41a89d9a558b26bd9b126a3a183f3498444843acd7270d,UA000010000000000000000000099,UAH,78063.62,**** **** **** 1099,ACTIVE,TRANSFER,613.99,PENDING,2024-01-04T22:17:00,UA000010000000000000000000188,
CUST-1047,Kateryna Koval,+380671000047,kateryna.koval47@example.com,dbb70b94b6b192a1085e8056872daa4eb24002d47c82e88b1323f1a5882567ba,UA000010000000000000000000096,USD,42029.66,**** **** **** 1096,ACTIVE,TRANSFER,13385.5,FAILED,2024-01-04T22:24:00,UA000010000000000000000000049,
CUST-1002,Sofiia Koval,+380671000002,sofiia.koval2@example.com,1ba3d16e9881959f8c9a9762854f72c6e6321cdd44358a10a4e939033117eab9,UA000010000000000000000000005,UAH,78677.32,**** **** **** 1005,BLOCKED,TRANSFER,9418.97,PENDING,2024-01-04T22:31:00,UA000010000000000000000000058,
CUST-1088,Maksym Tkachenko,+380671000088,maksym.tkachenko88@example.com,1d45a36925bcb8f729f8f06ee0ec689f440cc6b08c3a0573ed12e10104e1e9a0,UA000010000000000000000000178,UAH,83430.21,**** **** **** 1178,BLOCKED,BILL_PAYMENT,4715.78,PENDING,2024-01-04T22:38:00,,BILL-50734
CUST-1049,Iryna Koval,+380671000049,iryna.koval49@example.com,a0c69ae7ad7629347d41a89d9a558b26bd9b126a3a183f3498444843acd7270d,UA000010000000000000000000099,UAH,78063.62,**** **** **** 1099,ACTIVE,BILL_PAYMENT,2546.95,PENDING,2024-01-04T22:45:00,,BILL-50735
CUST-1038,Sofiia Koval,+380671000038,sofiia.koval38@example.com,b64171fda74426604480b9bf7c10ccdc2ebc80266c8667c42346f54ce87d4dec,UA000010000000000000000000077,USD,5394.27,**** **** **** 1077,BLOCKED,BILL_PAYMENT,6866.1,FAILED,2024-01-04T22:52:00,,BILL-50736
CUST-1076,Sofiia Koval,+380671000076,sofiia.koval76@example.com,55e315face2c7bcfc4b1d43be3a863e3bbb565ad3dafe30a9dd45b51b190be9d,UA000010000000000000000000153,EUR,16146.12,**** **** **** 1153,ACTIVE,BILL_PAYMENT,6533.3,FAILED,2024-01-04T22:59:00,,BILL-50737
CUST-1017,Olena Shevchenko,+380671000017,olena.shevchenko17@example.com,4a6b7fa040bcfc734a113fee84d3789c0a626d70d029afad0d1c3e7b6c562e14,UA000010000000000000000000035,UAH,46370.27,**** **** **** 1035,ACTIVE,BILL_PAYMENT,14942.28,COMPLETED,2024-01-04T23:06:00,,BILL-50738
CUST-1045,Andrii Shevchenko,+380671000045,andrii.shevchenko45@example.com,64bf83fcf172a284e3db6b4cc76bb175184ee9dd57e77f0421e3e401ea3858e0,UA000010000000000000000000092,UAH,82023.92,**** **** **** 1092,ACTIVE,TRANSFER,2515.01,COMPLETED,2024-01-04T23:13:00,UA000010000000000000000000005,
CUST-1029,Olena Koval,+380671000029,olena.koval29@example.com,53f6f072e26d36b9e55d5dc828872856d5286f18ce3818d367f9e4473e464a66,UA000010000000000000000000059,EUR,75198.28,**** **** **** 1059,ACTIVE,TRANSFER,10921.17,PENDING,2024-01-04T23:20:00,UA000010000000000000000000055,
CUST-1093,Iryna Shevchenko,+380671000093,iryna.shevchenko93@example.com,3dcc4d43a91ae471be9fb0dfb7e7a44dcbaf8125b389d65d38604ec5582825ec,UA000010000000000000000000188,USD,49682.91,**** **** **** 1188,ACTIVE,TRANSFER,8865.91,PENDING,2024-01-04T23:27:00,UA000010000000000000000000032,
CUST-1046,Sofiia Bondarenko,+380671000046,sofiia.bondarenko46@example.com,3f1b954c84d8216e09ae793664571dedb1e1bcc9a2bfdc2b6dc58db9a24fa7de,UA000010000000000000000000094,UAH,3418.11,**** **** **** 1094,ACTIVE,TRANSFER,5659.13,FAILED,2024-01-04T23:34:00,UA000010000000000000000000066,
CUST-1098,Sofiia Shevchenko,+380671000098,sofiia.shevchenko98@example.com,125e175312b42ca54475207f1ad47df9ac421dd758fcc5c2ab19ae31e451cc53,UA000010000000000000000000198,UAH,55647.23,**** **** **** 1198,ACTIVE,TRANSFER,8929.16,PENDING,2024-01-04T23:41:00,UA000010000000000000000000170,
CUST-1013,Maksym Tkachuk,+380671000013,maksym.tkachuk13@example.com,1e53de2a2b4ab888cc24002ef8832d433b21956ab83ddeef989c8224b5c8f9f2,UA000010000000000000000000028,UAH,94218.02,**** **** **** 1028,ACTIVE,TRANSFER,771.11,PENDING,2024-01-04T23:48:00,UA000010000000000000000000107,
CUST-1056,Iryna Shevchenko,+380671000056,iryna.shevchenko56@example.com,bacb5d03bee1af445b7cc73ba8db52a7fc01d474327c87899831ffe3b4c3543b,UA000010000000000000000000114,USD,33757.26,**** **** **** 1114,BLOCKED,BILL_PAYMENT,1897.75,COMPLETED,2024-01-04T23:55:00,,BILL-50745
CUST-1060,Dmytro Bondarenko,+380671000060,dmytro.bondarenko60@example.com,598ed9422e3d9c328f48cafc2c66a66a3d393b64290f7741d60e6e22c03ca031,UA000010000000000000000000122,EUR,68235.05,**** **** **** 1122,BLOCKED,TRANSFER,3122.15,FAILED,2024-01-05T00:02:00,UA000010000000000000000000162,
CUST-1001,Andrii Koval,+380671000001,andrii.koval1@example.com,e6c3da5b206634d7f3f3586d747ffdb36b5c675757b380c6a5fe5c570c714349,UA000010000000000000000000003,EUR,24562.46,**** **** **** 1003,BLOCKED,BILL_PAYMENT,6342.03,PENDING,2024-01-05T00:09:00,,BILL-50747
CUST-1084,Olena Shevchenko,+380671000084,olena.shevchenko84@example.com,11ee91bdbb90b967d18e45226bd3bc17d72a85a4486315b3568d070722445fe1,UA000010000000000000000000170,USD,55793.82,**** **** **** 1170,BLOCKED,BILL_PAYMENT,9360.83,FAILED,2024-01-05T00:16:00,,BILL-50748
CUST-1017,Olena Shevchenko,+380671000017,olena.shevchenko17@example.com,4a6b7fa040bcfc734a113fee84d3789c0a626d70d029afad0d1c3e7b6c562e14,UA000010000000000000000000036,UAH,54225.81,**** **** **** 1036,BLOCKED,BILL_PAYMENT,12468.26,PENDING,2024-01-05T00:23:00,,BILL-50749
CUST-1065,Ivan Tkachuk,+380671000065,ivan.tkachuk65@example.com,3c62426f46ebb414ff53540c6f1af32639c28b434126ae98b9f1651dd5e4fd4a,UA000010000000000000000000131,USD,83656.18,**** **** **** 1131,BLOCKED,TRANSFER,4276.47,PENDING,2024-01-05T00:30:00,UA000010000000000000000000128,
CUST-1025,Kateryna Bondarenko,+380671000025,kateryna.bondarenko25@example.com,0028e1c0d2c60966390545414567d33bca9f0165fece6d0109c59a3f29b5fdd0,UA000010000000000000000000051,EUR,44741.72,**** **** **** 1051,BLOCKED,TRANSFER,11680.49,FAILED,2024-01-05T00:37:00,UA000010000000000000000000052,
CUST-1045,Andrii Shevchenko,+380671000045,andrii.shevchenko45@example.com,64bf83fcf172a284e3db6b4cc76bb175184ee9dd57e77f0421e3e401ea3858e0,UA000010000000000000000000092,UAH,82023.92,**** **** **** 1092,ACTIVE,BILL_PAYMENT,4465.5,PENDING,2024-01-05T00:44:00,,BILL-50752
CUST-1070,Maksym Melnyk,+380671000070,maksym.melnyk70@example.com,44b6dadf9835ff29d5342da14dfaf76e3d828081a1704b131baa355f950e6047,UA000010000000000000000000141,EUR,3542.16,**** **** **** 1141,BLOCKED,BILL_PAYMENT,13659.83,FAILED,2024-01-05T00:51:00,,BILL-50753
CUST-1061,Olena Melnyk,+380671000061,olena.melnyk61@example.com,da3df0f1c138cc7b9e79e218587a605e12b7a9b9ac24e1287da5ed056cf10c22,UA000010000000000000000000124,UAH,98091.48,**** **** **** 1124,ACTIVE,BILL_PAYMENT,3555.85,PENDING,2024-01-05T00:58:00,,BILL-50754
CUST-1085,Iryna Shevchenko,+380671000085,iryna.shevchenko85@example.com,cfecdf5846f8e8279f4dcf79a2135308e11c0d283175a2fb79b33b76f487cb24,UA000010000000000000000000172,USD,70582.64,**** **** **** 1172,BLOCKED,TRANSFER,13607.86,FAILED,2024-01-05T01:05:00,UA000010000000000000000000127,
CUST-1019,Kateryna Tkachenko,+380671000019,kateryna.tkachenko19@example.com,871431053023291d24b403f1f9d761c6f01b3050a0a83cd9d9759a970f8d4d92,UA000010000000000000000000039,USD,83540.75,**** **** **** 1039,BLOCKED,TRANSFER,11703.92,PENDING,2024-01-05T01:12:00,UA000010000000000000000000186,
CUST-1092,Kateryna Melnyk,+380671000092,kateryna.melnyk92@example.com,905026a6ddab21a9d1dca17cc4f47b843eccd1c4806f7f3c59b88cdac12e339f,UA000010000000000000000000186,UAH,96584.27,**** **** **** 1186,BLOCKED,TRANSFER,13576.45,FAILED,2024-01-05T01:19:00,UA000010000000000000000000060,
CUST-1058,Maksym Tkachuk,+380671000058,maksym.tkachuk58@example.com,daa7c4bc3f1506b52b2bcc7864db9a96aee3ec1a8a68b29c5db60de1f8a6918b,UA000010000000000000000000117,EUR,38657.72,**** **** **** 1117,ACTIVE,BILL_PAYMENT,3998.67,PENDING,2024-01-05T01:26:00,,BILL-50758
CUST-1012,Andrii Shevchenko,+380671000012,andrii.shevchenko12@example.com,fdac810d0c09f25c5ddcee9976ab1f1ae1973dba7c65152d95b0937bc2a6c883,UA000010000000000000000000026,UAH,7783.61,**** **** **** 1026,ACTIVE,TRANSFER,13118.4,COMPLETED,2024-01-05T01:33:00,UA000010000000000000000000093,
CUST-1086,Maksym Koval,+380671000086,maksym.koval86@example.com,3c0c8e2f0527574ed275f4fc831af606b283370490f9c39c7389fb5d16dd6ac8,UA000010000000000000000000174,EUR,20065.85,**** **** **** 1174,ACTIVE,BILL_PAYMENT,6418.63,PENDING,2024-01-05T01:40:00,,BILL-50760
CUST-1012,Andrii Shevchenko,+380671000012,andrii.shevchenko12@example.com,fdac810d0c09f25c5ddcee9976ab1f1ae1973dba7c65152d95b0937bc2a6c883,UA000010000000000000000000025,UAH,96117.11,**** **** **** 1025,ACTIVE,TRANSFER,194.6,PENDING,2024-01-05T01:47:00,UA000010000000000000000000170,
CUST-1082,Sofiia Shevchenko,+380671000082,sofiia.shevchenko82@example.com,ca619acdadd8eb0f598c954031b5f359a2fbd4fe0179eb02acfeab2ad373c999,UA000010000000000000000000166,EUR,48133.22,**** **** **** 1166,BLOCKED,TRANSFER,4963.48,COMPLETED,2024-01-05T01:54:00,UA000010000000000000000000160,
CUST-1034,Sofiia Tkachuk,+380671000034,sofiia.tkachuk34@example.com,94cd5db06baf087fd56c0042adc1deb162d271acfb8b3eb0277069517998d489,UA000010000000000000000000069,USD,35763.47,**** **** **** 1069,BLOCKED,TRANSFER,5620.7,COMPLETED,2024-01-05T02:01:00,UA000010000000000000000000047,
CUST-1014,Dmytro Tkachenko,+380671000014,dmytro.tkachenko14@example.com,b78f24953963ac5ed773d6ec83120e3b1a65510201dc09ed2ed9e9781ba88870,UA000010000000000000000000030,USD,66079.94,**** **** **** 1030,BLOCKED,BILL_PAYMENT,6033.74,COMPLETED,2024-01-05T02:08:00,,BILL-50764
CUST-1034,Sofiia Tkachuk,+380671000034,sofiia.tkachuk34@example.com,94cd5db06baf087fd56c0042adc1deb162d271acfb8b3eb0277069517998d489,UA000010000000000000000000070,EUR,98133.82,**** **** **** 1070,BLOCKED,BILL_PAYMENT,10364.04,COMPLETED,2024-01-05T02:15:00,,BILL-50765
CUST-1053,Dmytro Bondarenko,+380671000053,dmytro.bondarenko53@example.com,f75b853a4521962ca5d349e4ca4cb69dce2dbfef61731cb9d14f1f2f1b6499fe,UA000010000000000000000000108,EUR,48975.1,**** **** **** 1108,ACTIVE,TRANSFER,1740.2,FAILED,2024-01-05T02:22:00,UA000010000000000000000000186,
CUST-1007,Sofiia Koval,+380671000007,sofiia.koval7@example.com,1526f5e0e31d42fe1c3664ce923ac22ac1333417a90b32043797ac454cd03112,UA000010000000000000000000016,UAH,41234.99,**** **** **** 1016,BLOCKED,TRANSFER,1600.51,FAILED,2024-01-05T02:29:00,UA000010000000000000000000124,
CUST-1072,Andrii Bondarenko,+380671000072,andrii.bondarenko72@example.com,79db1e22563af60be55a3717827926b76139d2428cbe693eba1643c2798e048d,UA000010000000000000000000146,EUR,60440.75,**** **** **** 1146,ACTIVE,BILL_PAYMENT,2759.85,COMPLETED,2024-01-05T02:36:00,,BILL-50768
CUST-1099,Olena Tkachuk,+380671000099,olena.tkachuk99@example.com,ab2f50fe825bc3a9a8b649f173af23be3a052db9b410fcb0127e50ae9c356ba7,UA000010000000000000000000200,USD,4231.35,**** **** **** 1200,BLOCKED,BILL_PAYMENT,9189.81,FAILED,2024-01-05T02:43:00,,BILL-50769
CUST-1093,Iryna Shevchenko,+380671000093,iryna.shevchenko93@example.com,3dcc4d43a91ae471be9fb0dfb7e7a44dcbaf8125b389d65d38604ec5582825ec,UA000010000000000000000000187,USD,12294.63,**** **** **** 1187,ACTIVE,TRANSFER,7272.04,COMPLETED,2024-01-05T02:50:00,UA000010000000000000000000029,
CUST-1052,Andrii Tkachuk,+380671000052,andrii.tkachuk52@example.com,f511f615cd867553edd2fc66f4dc34441851f699cc1457f767c5ec0bad8cd250,UA000010000000000000000000106,EUR,86288.0,**** **** **** 1106,BLOCKED,BILL_PAYMENT,737.29,COMPLETED,2024-01-05T02:57:00,,BILL-50771
CUST-1083,Sofiia Bondarenko,+380671000083,sofiia.bondarenko83@example.com,dd76076f40644e9e57f7459bfc37b2ef8b7084bda5a3127c24a62c86dd45eb0b,UA000010000000000000000000168,USD,22938.04,**** **** **** 1168,ACTIVE,BILL_PAYMENT,234.79,FAILED,2024-01-05T03:04:00,,BILL-50772
CUST-1067,Andrii Tkachuk,+380671000067,andrii.tkachuk67@example.com,8a110e75a8142ab756babe02160548ed6c254ae3fd931b297aa4edba91065732,UA000010000000000000000000135,UAH,20736.71,**** **** **** 1135,ACTIVE,TRANSFER,14669.54,FAILED,2024-01-05T03:11:00,UA000010000000000000000000087,
CUST-1066,Olena Tkachuk,+380671000066,olena.tkachuk66@example.com,06599c96e52ff54f21e65cec89df4b96ce519704136d6f7246a56be613eed8fb,UA000010000000000000000000133,USD,23197.99,**** **** **** 1133,ACTIVE,TRANSFER,6521.08,FAILED,2024-01-05T03:18:00,UA000010000000000000000000064,
CUST-1061,Olena Melnyk,+380671000061,olena.melnyk61@example.com,da3df0f1c138cc7b9e79e218587a605e12b7a9b9ac24e1287da5ed056cf10c22,UA000010000000000000000000124,UAH,98091.48,**** **** **** 1124,ACTIVE,BILL_PAYMENT,9972.47,FAILED,2024-01-05T03:25:00,,BILL-50775
CUST-1049,Iryna Koval,+380671000049,iryna.koval49@example.com,a0c69ae7ad7629347d41a89d9a558b26bd9b126a3a183f3498444843acd7270d,UA000010000000000000000000099,UAH,78063.62,**** **** **** 1099,ACTIVE,TRANSFER,12593.54,FAILED,2024-01-05T03:32:00,UA000010000000000000000000157,
CUST-1006,Ivan Shevchenko,+380671000006,ivan.shevchenko6@example.com,5c4950c94a3461441c356afa783f76b83b38fd65f730f291403efbcc798acc1f,UA000010000000000000000000014,UAH,65562.34,**** **** **** 1014,ACTIVE,TRANSFER,9668.81,PENDING,2024-01-05T03:39:00,UA000010000000000000000000130,
CUST-1060,Dmytro Bondarenko,+380671000060,dmytro.bondarenko60@example.com,598ed9422e3d9c328f48cafc2c66a66a3d393b64290f7741d60e6e22c03ca031,UA000010000000000000000000121,USD,3873.46,**** **** **** 1121,BLOCKED,BILL_PAYMENT,13047.76,PENDING,2024-01-05T03:46:00,,BILL-50778
CUST-1096,Ivan Bondarenko,+380671000096,ivan.bondarenko96@example.com,38ee64c8e2536e41e2543266f6a5216747b24c8b8ada7d5f7cfba8b1e80752fb,UA000010000000000000000000193,USD,86156.5,**** **** **** 1193,BLOCKED,BILL_PAYMENT,4843.48,COMPLETED,2024-01-05T03:53:00,,BILL-50779
CUST-1035,Andrii Tkachuk,+380671000035,andrii.tkachuk35@example.com,5a66c7ba1398dd71c92a77cc7647c4183e6bf97b227e441bb2674a319b184e63,UA000010000000000000000000072,UAH,58478.38,**** **** **** 1072,BLOCKED,TRANSFER,7628.59,FAILED,2024-01-05T04:00:00,UA000010000000000000000000165,
CUST-1048,Iryna Melnyk,+380671000048,iryna.melnyk48@example.com,ffe4daf45af0e803fbe1fba2de5c7f7644f30b71ddb082100779d7884e0291c2,UA000010000000000000000000097,EUR,69939.07,**** **** **** 1097,BLOCKED,BILL_PAYMENT,12265.69,PENDING,2024-01-05T04:07:00,,BILL-50781
CUST-1058,Maksym Tkachuk,+380671000058,maksym.tkachuk58@example.com,daa7c4bc3f1506b52b2bcc7864db9a96aee3ec1a8a68b29c5db60de1f8a6918b,UA000010000000000000000000118,USD,30562.65,**** **** **** 1118,BLOCKED,BILL_PAYMENT,12028.86,COMPLETED,2024-01-05T04:14:00,,BILL-50782
CUST-1011,Iryna Bondarenko,+380671000011,iryna.bondarenko11@example.com,8057f787ebd8b4f9d40f53d7fbbfcbdde7067c1a074435b68f525b3de0e2ac2b,UA000010000000000000000000023,EUR,32046.88,**** **** **** 1023,ACTIVE,BILL_PAYMENT,6733.67,PENDING,2024-01-05T04:21:00,,BILL-50783
CUST-1063,Iryna Bondarenko,+380671000063,iryna.bondarenko63@example.com,7e251ea07d59cd5fc9d7d1dc4225104e474b93d6c6881797dfbfa010774d4acb,UA000010000000000000000000128,USD,33407.91,**** **** **** 1128,BLOCKED,TRANSFER,1584.52,COMPLETED,2024-01-05T04:28:00,UA000010000000000000000000010,
CUST-1071,Ivan Tkachuk,+380671000071,ivan.tkachuk71@example.com,a06afaf373a81a1bcd1641fdd0f8b9c2c0d7104171abafbd80d11e933a9c6a13,UA000010000000000000000000143,USD,94205.59,**** **** **** 1143,ACTIVE,TRANSFER,12397.34,FAILED,2024-01-05T04:35:00,UA000010000000000000000000159,
CUST-1081,Kateryna Tkachenko,+380671000081,kateryna.tkachenko81@example.com,7137bc5132a11c4937a830c4f594a551b18d0764f66f8478de3db48377f2b611,UA000010000000000000000000164,UAH,24894.25,**** **** **** 1164,BLOCKED,BILL_PAYMENT,13357.16,FAILED,2024-01-05T04:42:00,,BILL-50786
CUST-1026,Sofiia Tkachuk,+380671000026,sofiia.tkachuk26@example.com,45e17065ddc6fb3a682f7732df5804652952dbe1f5ca5377a661515a8fcf66be,UA000010000000000000000000053,EUR,90488.93,**** **** **** 1053,ACTIVE,BILL_PAYMENT,14257.81,COMPLETED,2024-01-05T04:49:00,,BILL-50787
CUST-1006,Ivan Shevchenko,+380671000006,ivan.shevchenko6@example.com,5c4950c94a3461441c356afa783f76b83b38fd65f730f291403efbcc798acc1f,UA000010000000000000000000014,UAH,65562.34,**** **** **** 1014,ACTIVE,TRANSFER,12672.55,COMPLETED,2024-01-05T04:56:00,UA000010000000000000000000144,
CUST-1098,Sofiia Shevchenko,+380671000098,sofiia.shevchenko98@example.com,125e175312b42ca54475207f1ad47df9ac421dd758fcc5c2ab19ae31e451cc53,UA000010000000000000000000197,EUR,9037.56,**** **** **** 1197,ACTIVE,BILL_PAYMENT,10764.04,COMPLETED,2024-01-05T05:03:00,,BILL-50789
CUST-1091,Andrii Melnyk,+380671000091,andrii.melnyk91@example.com,7f6ceca338f7fe1bb409870c95cbf5009115df953af77a91ef912a11cf6423c7,UA000010000000000000000000184,UAH,87399.25,**** **** **** 1184,BLOCKED,BILL_PAYMENT,1754.65,FAILED,2024-01-05T05:10:00,,BILL-50790
CUST-1028,Sofiia Tkachenko,+380671000028,sofiia.tkachenko28@example.com,034a0cdf079dfa3ca924e07e3c509bbf50768d1949b021c0ea0030cff80ba4d1,UA000010000000000000000000057,USD,21797.58,**** **** **** 1057,ACTIVE,TRANSFER,5153.29,FAILED,2024-01-05T05:17:00,UA000010000000000000000000075,
CUST-1070,Maksym Melnyk,+380671000070,maksym.melnyk70@example.com,44b6dadf9835ff29d5342da14dfaf76e3d828081a1704b131baa355f950e6047,UA000010000000000000000000141,EUR,3542.16,**** **** **** 1141,BLOCKED,BILL_PAYMENT,10546.34,PENDING,2024-01-05T05:24:00,,BILL-50792
CUST-1021,Iryna Bondarenko,+380671000021,iryna.bondarenko21@example.com,2d6b3bb57cb9e22fa36516172ef096b30ae00d08eedc1499c599b6269975521d,UA000010000000000000000000043,USD,12427.44,**** **** **** 1043,ACTIVE,BILL_PAYMENT,2149.72,FAILED,2024-01-05T05:31:00,,BILL-50793
CUST-1095,Olena Tkachenko,+380671000095,olena.tkachenko95@example.com,b3f20ff60a6e1eda26f8c412e7173c7ee7f5b3a1124b87a38d3deb63274c1a61,UA000010000000000000000000191,EUR,76679.9,**** **** **** 1191,ACTIVE,BILL_PAYMENT,1649.07,FAILED,2024-01-05T05:38:00,,BILL-50794
CUST-1025,Kateryna Bondarenko,+380671000025,kateryna.bondarenko25@example.com,0028e1c0d2c60966390545414567d33bca9f0165fece6d0109c59a3f29b5fdd0,UA000010000000000000000000051,EUR,44741.72,**** **** **** 1051,BLOCKED,TRANSFER,1855.15,COMPLETED,2024-01-05T05:45:00,UA000010000000000000000000056,
CUST-1058,Maksym Tkachuk,+380671000058,maksym.tkachuk58@example.com,daa7c4bc3f1506b52b2bcc7864db9a96aee3ec1a8a68b29c5db60de1f8a6918b,UA000010000000000000000000118,USD,30562.65,**** **** **** 1118,BLOCKED,TRANSFER,10765.98,PENDING,2024-01-05T05:52:00,UA000010000000000000000000194,
CUST-1053,Dmytro Bondarenko,+380671000053,dmytro.bondarenko53@example.com,f75b853a4521962ca5d349e4ca4cb69dce2dbfef61731cb9d14f1f2f1b6499fe,UA000010000000000000000000107,USD,75425.9,**** **** **** 1107,BLOCKED,TRANSFER,13903.07,FAILED,2024-01-05T05:59:00,UA000010000000000000000000151,
CUST-1015,Andrii Koval,+380671000015,andrii.koval15@example.com,b5a4ec869015095060b1171791334513f741177c4011e2c5c36e3e37a5ff8e5f,UA000010000000000000000000032,UAH,27295.84,**** **** **** 1032,ACTIVE,BILL_PAYMENT,6887.95,FAILED,2024-01-05T06:06:00,,BILL-50798
CUST-1064,Andrii Bondarenko,+380671000064,andrii.bondarenko64@example.com,51031e17ce0a58242bf97f01a2883d077c6dd21f22674ee500dbfb60228851e7,UA000010000000000000000000130,USD,75448.97,**** **** **** 1130,BLOCKED,TRANSFER,14459.63,PENDING,2024-01-05T06:13:00,UA000010000000000000000000136,
CUST-1094,Sofiia Koval,+380671000094,sofiia.koval94@example.com,3fdd6e2fcae488c7c7818992ad08249cd0f6576f6ff846bcecaa816e002cde3c,UA000010000000000000000000189,UAH,15770.56,**** **** **** 1189,BLOCKED,TRANSFER,8320.73,COMPLETED,2024-01-05T06:20:00,UA000010000000000000000000150,
CUST-1061,Olena Melnyk,+380671000061,olena.melnyk61@example.com,da3df0f1c138cc7b9e79e218587a605e12b7a9b9ac24e1287da5ed056cf10c22,UA000010000000000000000000124,UAH,98091.48,**** **** **** 1124,ACTIVE,TRANSFER,10392.67,PENDING,2024-01-05T06:27:00,UA000010000000000000000000188,
CUST-1016,Sofiia Tkachenko,+380671000016,sofiia.tkachenko16@example.com,f0c28ba3fd9e0dcdcd0470acfcb98cc5a58d7d93422dbbefb930455ef714c87d,UA000010000000000000000000033,EUR,64904.58,**** **** **** 1033,BLOCKED,TRANSFER,5841.71,FAILED,2024-01-05T06:34:00,UA000010000000000000000000156,
CUST-1041,Sofiia Tkachuk,+380671000041,sofiia.tkachuk41@example.com,a8a5146b1f97c2c8987ccb3a87d2f30b8aa258c2a32cb96115bf381d42df875c,UA000010000000000000000000083,EUR,30269.87,**** **** **** 1083,ACTIVE,BILL_PAYMENT,6309.04,FAILED,2024-01-05T06:41:00,,BILL-50803
CUST-1088,Maksym Tkachenko,+380671000088,maksym.tkachenko88@example.com,1d45a36925bcb8f729f8f06ee0ec689f440cc6b08c3a0573ed12e10104e1e9a0,UA000010000000000000000000178,UAH,83430.21,**** **** **** 1178,BLOCKED,TRANSFER,4140.26,COMPLETED,2024-01-05T06:48:00,UA000010000000000000000000076,
CUST-1057,Ivan Shevchenko,+380671000057,ivan.shevchenko57@example.com,3b356cdbaeb3d03a6b6f713a048489d62fd63b4a8fd0c70a976cb0b70c119e46,UA000010000000000000000000116,USD,90579.01,**** **** **** 1116,ACTIVE,TRANSFER,2115.79,FAILED,2024-01-05T06:55:00,UA000010000000000000000000180,
CUST-1095,Olena Tkachenko,+380671000095,olena.tkachenko95@example.com,b3f20ff60a6e1eda26f8c412e7173c7ee7f5b3a1124b87a38d3deb63274c1a61,UA000010000000000000000000192,EUR,38657.42,**** **** **** 1192,BLOCKED,BILL_PAYMENT,12653.96,FAILED,2024-01-05T07:02:00,,BILL-50806
CUST-1040,Andrii Tkachuk,+380671000040,andrii.tkachuk40@example.com,d88a53cd8ffe65ab18d2c62882479559aa781642ce7a8d340b22fc0a637b0359,UA000010000000000000000000081,EUR,90104.64,**** **** **** 1081,BLOCKED,TRANSFER,3053.29,FAILED,2024-01-05T07:09:00,UA000010000000000000000000183,
CUST-1037,Maksym Bondarenko,+380671000037,maksym.bondarenko37@example.com,1a31ac086ebf1341c916929e6d982767cd8568887d7c930ba8abd062afa08eac,UA000010000000000000000000075,USD,61014.68,**** **** **** 1075,ACTIVE,BILL_PAYMENT,13821.82,PENDING,2024-01-05T07:16:00,,BILL-50808
CUST-1090,Sofiia Tkachuk,+380671000090,sofiia.tkachuk90@example.com,a4273f882cab7a89e7fa8e5a1298799b62233ada8a93f880f58bbd87db44d6a3,UA000010000000000000000000182,EUR,29921.53,**** **** **** 1182,ACTIVE,TRANSFER,7583.21,FAILED,2024-01-05T07:23:00,UA000010000000000000000000164,
CUST-1041,Sofiia Tkachuk,+380671000041,sofiia.tkachuk41@example.com,a8a5146b1f97c2c8987ccb3a87d2f30b8aa258c2a32cb96115bf381d42df875c,UA000010000000000000000000083,EUR,30269.87,**** **** **** 1083,ACTIVE,TRANSFER,11423.59,FAILED,2024-01-05T07:30:00,UA000010000000000000000000123,
CUST-1074,Olena Tkachuk,+380671000074,olena.tkachuk74@example.com,efacf97ed63d8d618e5c1f03e2fbd3656ed4c97ba04abf6db791534b425641c2,UA000010000000000000000000150,UAH,85107.99,**** **** **** 1150,BLOCKED,BILL_PAYMENT,10129.94,FAILED,2024-01-05T07:37:00,,BILL-50811
CUST-1036,Olena Bondarenko,+380671000036,olena.bondarenko36@example.com,133f8a05107e5442771c85da3dec70050ae5f3273849326b4a4e2ceaab2ef058,UA000010000000000000000000074,USD,73125.96,**** **** **** 1074,BLOCKED,BILL_PAYMENT,12134.16,FAILED,2024-01-05T07:44:00,,BILL-50812
CUST-1013,Maksym Tkachuk,+380671000013,maksym.tkachuk13@example.com,1e53de2a2b4ab888cc24002ef8832d433b21956ab83ddeef989c8224b5c8f9f2,UA000010000000000000000000028,UAH,94218.02,**** **** **** 1028,ACTIVE,TRANSFER,5744.01,PENDING,2024-01-05T07:51:00,UA000010000000000000000000172,
CUST-1007,Sofiia Koval,+380671000007,sofiia.koval7@example.com,1526f5e0e31d42fe1c3664ce923ac22ac1333417a90b32043797ac454cd03112,UA000010000000000000000000015,UAH,92710.33,**** **** **** 1015,ACTIVE,TRANSFER,4041.33,PENDING,2024-01-05T07:58:00,UA000010000000000000000000074,
CUST-1087,Iryna Bondarenko,+380671000087,iryna.bondarenko87@example.com,4a2efe616f41f27f583d7e1e628a7b019f2b2603677ae0216d14559eefb83975,UA000010000000000000000000175,EUR,54050.53,**** **** **** 1175,ACTIVE,BILL_PAYMENT,2239.1,PENDING,2024-01-05T08:05:00,,BILL-50815
CUST-1088,Maksym Tkachenko,+380671000088,maksym.tkachenko88@example.com,1d45a36925bcb8f729f8f06ee0ec689f440cc6b08c3a0573ed12e10104e1e9a0,UA000010000000000000000000177,USD,72733.92,**** **** **** 1177,BLOCKED,BILL_PAYMENT,3099.81,FAILED,2024-01-05T08:12:00,,BILL-50816
CUST-1004,Olena Bondarenko,+380671000004,olena.bondarenko4@example.com,a417b5dc3d06d15d91c6687e27fc1705ebc56b3b2d813abe03066e5643fe4e74,UA000010000000000000000000009,UAH,40859.51,**** **** **** 1009,BLOCKED,BILL_PAYMENT,12219.69,PENDING,2024-01-05T08:19:00,,BILL-50817
CUST-1078,Ivan Bondarenko,+380671000078,ivan.bondarenko78@example.com,70dfb731f9ecfb0c9015b28838281e2a3cde900a791c45532154ddb5a95ed31b,UA000010000000000000000000158,USD,88281.49,**** **** **** 1158,ACTIVE,TRANSFER,11149.07,FAILED,2024-01-05T08:26:00,UA000010000000000000000000100,
CUST-1030,Olena Melnyk,+380671000030,olena.melnyk30@example.com,85fcbe6bf830f23209ea6a932921e8da31a653a24a20cb84e75c4997e505690b,UA000010000000000000000000061,USD,3453.85,**** **** **** 1061,BLOCKED,BILL_PAYMENT,10409.39,PENDING,2024-01-05T08:33:00,,BILL-50819
CUST-1048,Iryna Melnyk,+380671000048,iryna.melnyk48@example.com,ffe4daf45af0e803fbe1fba2de5c7f7644f30b71ddb082100779d7884e0291c2,UA000010000000000000000000098,USD,25154.46,**** **** **** 1098,ACTIVE,BILL_PAYMENT,6277.67,FAILED,2024-01-05T08:40:00,,BILL-50820
CUST-1040,Andrii Tkachuk,+380671000040,andrii.tkachuk40@example.com,d88a53cd8ffe65ab18d2c62882479559aa781642ce7a8d340b22fc0a637b0359,UA000010000000000000000000081,EUR,90104.64,**** **** **** 1081,BLOCKED,TRANSFER,243.83,COMPLETED,2024-01-05T08:47:00,UA000010000000000000000000052,
CUST-1079,Kateryna Melnyk,+380671000079,kateryna.melnyk79@example.com,f46c534ea1cb330122334be00303592a10bcbbc238d1b11e1b498d4486d13755,UA000010000000000000000000159,USD,57415.11,**** **** **** 1159,BLOCKED,BILL_PAYMENT,12458.25,FAILED,2024-01-05T08:54:00,,BILL-50822
CUST-1090,Sofiia Tkachuk,+380671000090,sofiia.tkachuk90@example.com,a4273f882cab7a89e7fa8e5a1298799b62233ada8a93f880f58bbd87db44d6a3,UA000010000000000000000000181,USD,5506.05,**** **** **** 1181,ACTIVE,BILL_PAYMENT,11338.86,FAILED,2024-01-05T09:01:00,,BILL-50823
CUST-1094,Sofiia Koval,+380671000094,sofiia.koval94@example.com,3fdd6e2fcae488c7c7818992ad08249cd0f6576f6ff846bcecaa816e002cde3c,UA000010000000000000000000190,UAH,99397.89,**** **** **** 1190,ACTIVE,TRANSFER,11653.39,PENDING,2024-01-05T09:08:00,UA000010000000000000000000076,
CUST-1057,Ivan Shevchenko,+380671000057,ivan.shevchenko57@example.com,3b356cdbaeb3d03a6b6f713a048489d62fd63b4a8fd0c70a976cb0b70c119e46,UA000010000000000000000000115,USD,7164.31,**** **** **** 1115,BLOCKED,TRANSFER,14752.63,PENDING,2024-01-05T09:15:00,UA000010000000000000000000048,
CUST-1022,Olena Melnyk,+380671000022,olena.melnyk22@example.com,d0f82756c4d40d20e1fdbc90cf4da4adff02fe23b355687525880514642f764e,UA000010000000000000000000045,USD,60878.15,**** **** **** 1045,BLOCKED,TRANSFER,5689.11,COMPLETED,2024-01-05T09:22:00,UA000010000000000000000000072,
CUST-1071,Ivan Tkachuk,+380671000071,ivan.tkachuk71@example.com,a06afaf373a81a1bcd1641fdd0f8b9c2c0d7104171abafbd80d11e933a9c6a13,UA000010000000000000000000143,USD,94205.59,**** **** **** 1143,ACTIVE,BILL_PAYMENT,1994.49,FAILED,2024-01-05T09:29:00,,BILL-50827
CUST-1032,Kateryna Koval,+380671000032,kateryna.koval32@example.com,451a8149ebd58dbd064e3337c6de5d4f4bb08cd70bbbd48d62a205bd706b6bb0,UA000010000000000000000000066,USD,31213.9,**** **** **** 1066,ACTIVE,TRANSFER,4991.91,FAILED,2024-01-05T09:36:00,UA000010000000000000000000040,
CUST-1005,Dmytro Shevchenko,+380671000005,dmytro.shevchenko5@example.com,0eeac8171768d0cdef3a20fee6db4362d019c91e10662a6b55186336e1a42778,UA000010000000000000000000011,EUR,45412.74,**** **** **** 1011,BLOCKED,TRANSFER,13932.99,FAILED,2024-01-05T09:43:00,UA000010000000000000000000014,
CUST-1099,Olena Tkachuk,+380671000099,olena.tkachuk99@example.com,ab2f50fe825bc3a9a8b649f173af23be3a052db9b410fcb0127e50ae9c356ba7,UA000010000000000000000000199,UAH,41443.24,**** **** **** 1199,BLOCKED,BILL_PAYMENT,7383.74,FAILED,2024-01-05T09:50:00,,BILL-50830
CUST-1070,Maksym Melnyk,+380671000070,maksym.melnyk70@example.com,44b6dadf9835ff29d5342da14dfaf76e3d828081a1704b131baa355f950e6047,UA000010000000000000000000141,EUR,3542.16,**** **** **** 1141,BLOCKED,BILL_PAYMENT,1139.57,FAILED,2024-01-05T09:57:00,,BILL-50831
CUST-1040,Andrii Tkachuk,+380671000040,andrii.tkachuk40@example.com,d88a53cd8ffe65ab18d2c62882479559aa781642ce7a8d340b22fc0a637b0359,UA000010000000000000000000082,EUR,41430.9,**** **** **** 1082,BLOCKED,TRANSFER,14356.97,FAILED,2024-01-05T10:04:00,UA000010000000000000000000018,
CUST-1064,Andrii Bondarenko,+380671000064,andrii.bondarenko64@example.com,51031e17ce0a58242bf97f01a2883d077c6dd21f22674ee500dbfb60228851e7,UA000010000000000000000000130,USD,75448.97,**** **** **** 1130,BLOCKED,TRANSFER,6268.17,FAILED,2024-01-05T10:11:00,UA000010000000000000000000104,
CUST-1011,Iryna Bondarenko,+380671000011,iryna.bondarenko11@example.com,8057f787ebd8b4f9d40f53d7fbbfcbdde7067c1a074435b68f525b3de0e2ac2b,UA000010000000000000000000024,EUR,48202.06,**** **** **** 1024,ACTIVE,BILL_PAYMENT,3356.91,PENDING,2024-01-05T10:18:00,,BILL-50834
CUST-1084,Olena Shevchenko,+380671000084,olena.shevchenko84@example.com,11ee91bdbb90b967d18e45226bd3bc17d72a85a4486315b3568d070722445fe1,UA000010000000000000000000170,USD,55793.82,**** **** **** 1170,BLOCKED,BILL_PAYMENT,4999.44,COMPLETED,2024-01-05T10:25:00,,BILL-50835
CUST-1027,Olena Shevchenko,+380671000027,olena.shevchenko27@example.com,43b3ec9ea3961a319d37b4cc775d3f43f68709b62a93db10dd6c598137f28732,UA000010000000000000000000056,USD,89999.17,**** **** **** 1056,ACTIVE,BILL_PAYMENT,14949.63,FAILED,2024-01-05T10:32:00,,BILL-50836
CUST-1001,Andrii Koval,+380671000001,andrii.koval1@example.com,e6c3da5b206634d7f3f3586d747ffdb36b5c675757b380c6a5fe5c570c714349,UA000010000000000000000000003,EUR,24562.46,**** **** **** 1003,BLOCKED,TRANSFER,10050.63,COMPLETED,2024-01-05T10:39:00,UA000010000000000000000000062,
CUST-1082,Sofiia Shevchenko,+380671000082,sofiia.shevchenko82@example.com,ca619acdadd8eb0f598c954031b5f359a2fbd4fe0179eb02acfeab2ad373c999,UA000010000000000000000000165,USD,55962.44,**** **** **** 1165,ACTIVE,TRANSFER,14385.51,FAILED,2024-01-05T10:46:00,UA000010000000000000000000083,
CUST-1048,Iryna Melnyk,+380671000048,iryna.melnyk48@example.com,ffe4daf45af0e803fbe1fba2de5c7f7644f30b71ddb082100779d7884e0291c2,UA000010000000000000000000098,USD,25154.46,**** **** **** 1098,ACTIVE,TRANSFER,5818.85,FAILED,2024-01-05T10:53:00,UA000010000000000000000000186,
CUST-1036,Olena Bondarenko,+380671000036,olena.bondarenko36@example.com,133f8a05107e5442771c85da3dec70050ae5f3273849326b4a4e2ceaab2ef058,UA000010000000000000000000073,UAH,11731.85,**** **** **** 1073,BLOCKED,TRANSFER,13674.47,COMPLETED,2024-01-05T11:00:00,UA000010000000000000000000132,
CUST-1065,Ivan Tkachuk,+380671000065,ivan.tkachuk65@example.com,3c62426f46ebb414ff53540c6f1af32639c28b434126ae98b9f1651dd5e4fd4a,UA000010000000000000000000131,USD,83656.18,**** **** **** 1131,BLOCKED,BILL_PAYMENT,7327.73,COMPLETED,2024-01-05T11:07:00,,BILL-50841
CUST-1083,Sofiia Bondarenko,+380671000083,sofiia.bondarenko83@example.com,dd76076f40644e9e57f7459bfc37b2ef8b7084bda5a3127c24a62c86dd45eb0b,UA000010000000000000000000167,USD,79500.35,**** **** **** 1167,ACTIVE,TRANSFER,4838.68,PENDING,2024-01-05T11:14:00,UA000010000000000000000000025,
CUST-1021,Iryna Bondarenko,+380671000021,iryna.bondarenko21@example.com,2d6b3bb57cb9e22fa36516172ef096b30ae00d08eedc1499c599b6269975521d,UA000010000000000000000000043,USD,12427.44,**** **** **** 1043,ACTIVE,TRANSFER,9422.65,PENDING,2024-01-05T11:21:00,UA000010000000000000000000172,
CUST-1080,Ivan Shevchenko,+380671000080,ivan.shevchenko80@example.com,a5276c24114971eceb4d5149894034741bcf22825b30c39942ff63007e031956,UA000010000000000000000000162,USD,34693.55,**** **** **** 1162,BLOCKED,TRANSFER,12981.02,COMPLETED,2024-01-05T11:28:00,UA000010000000000000000000027,
CUST-1026,Sofiia Tkachuk,+380671000026,sofiia.tkachuk26@example.com,45e17065ddc6fb3a682f7732df5804652952dbe1f5ca5377a661515a8fcf66be,UA000010000000000000000000053,EUR,90488.93,**** **** **** 1053,ACTIVE,BILL_PAYMENT,9716.09,PENDING,2024-01-05T11:35:00,,BILL-50845
CUST-1095,Olena Tkachenko,+380671000095,olena.tkachenko95@example.com,b3f20ff60a6e1eda26f8c412e7173c7ee7f5b3a1124b87a38d3deb63274c1a61,UA000010000000000000000000192,EUR,38657.42,**** **** **** 1192,BLOCKED,TRANSFER,405.11,FAILED,2024-01-05T11:42:00,UA000010000000000000000000085,
CUST-1004,Olena Bondarenko,+380671000004,olena.bondarenko4@example.com,a417b5dc3d06d15d91c6687e27fc1705ebc56b3b2d813abe03066e5643fe4e74,UA000010000000000000000000010,UAH,25616.98,**** **** **** 1010,ACTIVE,TRANSFER,1145.06,PENDING,2024-01-05T11:49:00,UA000010000000000000000000065,
CUST-1071,Ivan Tkachuk,+380671000071,ivan.tkachuk71@example.com,a06afaf373a81a1bcd1641fdd0f8b9c2c0d7104171abafbd80d11e933a9c6a13,UA000010000000000000000000143,USD,94205.59,**** **** **** 1143,ACTIVE,TRANSFER,8645.69,PENDING,2024-01-05T11:56:00,UA000010000000000000000000067,
CUST-1052,Andrii Tkachuk,+380671000052,andrii.tkachuk52@example.com,f511f615cd867553edd2fc66f4dc34441851f699cc1457f767c5ec0bad8cd250,UA000010000000000000000000105,EUR,45145.45,**** **** **** 1105,ACTIVE,BILL_PAYMENT,6794.33,COMPLETED,2024-01-05T12:03:00,,BILL-50849
CUST-1055,Sofiia Koval,+380671000055,sofiia.koval55@example.com,d6f7adababfd90706cc787591cdaf547f91d53abcb9008a180d90fc3d4f651e2,UA000010000000000000000000111,EUR,8977.19,**** **** **** 1111,ACTIVE,BILL_PAYMENT,302.52,FAILED,2024-01-05T12:10:00,,BILL-50850
CUST-1015,Andrii Koval,+380671000015,andrii.koval15@example.com,b5a4ec869015095060b1171791334513f741177c4011e2c5c36e3e37a5ff8e5f,UA000010000000000000000000031,USD,21221.66,**** **** **** 1031,BLOCKED,TRANSFER,9639.27,FAILED,2024-01-05T12:17:00,UA000010000000000000000000017,
CUST-1096,Ivan Bondarenko,+380671000096,ivan.bondarenko96@example.com,38ee64c8e2536e41e2543266f6a5216747b24c8b8ada7d5f7cfba8b1e80752fb,UA000010000000000000000000194,USD,57294.32,**** **** **** 1194,ACTIVE,TRANSFER,10528.19,PENDING,2024-01-05T12:24:00,UA000010000000000000000000092,
CUST-1064,Andrii Bondarenko,+380671000064,andrii.bondarenko64@example.com,51031e17ce0a58242bf97f01a2883d077c6dd21f22674ee500dbfb60228851e7,UA000010000000000000000000129,USD,34412.55,**** **** **** 1129,BLOCKED,TRANSFER,4383.06,FAILED,2024-01-05T12:31:00,UA000010000000000000000000078,
CUST-1077,Kateryna Koval,+380671000077,kateryna.koval77@example.com,2590d18604c282ff195459db33d0ae2caab98b14d4cbfdfd4dc3ed4923bf31b8,UA000010000000000000000000156,USD,44121.87,**** **** **** 1156,BLOCKED,TRANSFER,4258.69,COMPLETED,2024-01-05T12:38:00,UA000010000000000000000000098,
CUST-1050,Andrii Koval,+380671000050,andrii.koval50@example.com,be46e03449534372e45f1abf511f78148625cf11d99f2f550e2f32b3a551dfb6,UA000010000000000000000000102,USD,14200.57,**** **** **** 1102,BLOCKED,TRANSFER,7136.12,FAILED,2024-01-05T12:45:00,UA000010000000000000000000057,
CUST-1017,Olena Shevchenko,+380671000017,olena.shevchenko17@example.com,4a6b7fa040bcfc734a113fee84d3789c0a626d70d029afad0d1c3e7b6c562e14,UA000010000000000000000000035,UAH,46370.27,**** **** **** 1035,ACTIVE,BILL_PAYMENT,11961.72,FAILED,2024-01-05T12:52:00,,BILL-50856
CUST-1037,Maksym Bondarenko,+380671000037,maksym.bondarenko37@example.com,1a31ac086ebf1341c916929e6d982767cd8568887d7c930ba8abd062afa08eac,UA000010000000000000000000076,USD,90050.97,**** **** **** 1076,ACTIVE,TRANSFER,4505.94,FAILED,2024-01-05T12:59:00,UA000010000000000000000000166,
CUST-1047,Kateryna Koval,+380671000047,kateryna.koval47@example.com,dbb70b94b6b192a1085e8056872daa4eb24002d47c82e88b1323f1a5882567ba,UA000010000000000000000000096,USD,42029.66,**** **** **** 1096,ACTIVE,TRANSFER,8325.19,FAILED,2024-01-05T13:06:00,UA000010000000000000000000037,
CUST-1015,Andrii Koval,+380671000015,andrii.koval15@example.com,b5a4ec869015095060b1171791334513f741177c4011e2c5c36e3e37a5ff8e5f,UA000010000000000000000000032,UAH,27295.84,**** **** **** 1032,ACTIVE,TRANSFER,125.2,FAILED,2024-01-05T13:13:00,UA000010000000000000000000101,
CUST-1068,Kateryna Shevchenko,+380671000068,kateryna.shevchenko68@example.com,5a583fab00aa1c17acaad80b2b9b5a16a8563e7e66808bf4b4acbfb55d9b85d4,UA000010000000000000000000138,USD,70247.03,**** **** **** 1138,BLOCKED,TRANSFER,4605.13,FAILED,2024-01-05T13:20:00,UA000010000000000000000000190,
CUST-1092,Kateryna Melnyk,+380671000092,kateryna.melnyk92@example.com,905026a6ddab21a9d1dca17cc4f47b843eccd1c4806f7f3c59b88cdac12e339f,UA000010000000000000000000186,UAH,96584.27,**** **** **** 1186,BLOCKED,BILL_PAYMENT,3215.47,FAILED,2024-01-05T13:27:00,,BILL-50861
CUST-1065,Ivan Tkachuk,+380671000065,ivan.tkachuk65@example.com,3c62426f46ebb414ff53540c6f1af32639c28b434126ae98b9f1651dd5e4fd4a,UA000010000000000000000000132,UAH,75153.4,**** **** **** 1132,ACTIVE,TRANSFER,2456.27,PENDING,2024-01-05T13:34:00,UA000010000000000000000000158,
CUST-1032,Kateryna Koval,+380671000032,kateryna.koval32@example.com,451a8149ebd58dbd064e3337c6de5d4f4bb08cd70bbbd48d62a205bd706b6bb0,UA000010000000000000000000065,UAH,20757.71,**** **** **** 1065,BLOCKED,TRANSFER,1763.61,FAILED,2024-01-05T13:41:00,UA000010000000000000000000146,
CUST-1006,Ivan Shevchenko,+380671000006,ivan.shevchenko6@example.com,5c4950c94a3461441c356afa783f76b83b38fd65f730f291403efbcc798acc1f,UA000010000000000000000000014,UAH,65562.34,**** **** **** 1014,ACTIVE,BILL_PAYMENT,9687.88,PENDING,2024-01-05T13:48:00,,BILL-50864
CUST-1037,Maksym Bondarenko,+380671000037,maksym.bondarenko37@example.com,1a31ac086ebf1341c916929e6d982767cd8568887d7c930ba8abd062afa08eac,UA000010000000000000000000075,USD,61014.68,**** **** **** 1075,ACTIVE,TRANSFER,3797.78,PENDING,2024-01-05T13:55:00,UA000010000000000000000000186,
CUST-1074,Olena Tkachuk,+380671000074,olena.tkachuk74@example.com,efacf97ed63d8d618e5c1f03e2fbd3656ed4c97ba04abf6db791534b425641c2,UA000010000000000000000000149,UAH,51090.12,**** **** **** 1149,BLOCKED,BILL_PAYMENT,14275.52,COMPLETED,2024-01-05T14:02:00,,BILL-50866
CUST-1016,Sofiia Tkachenko,+380671000016,sofiia.tkachenko16@example.com,f0c28ba3fd9e0dcdcd0470acfcb98cc5a58d7d93422dbbefb930455ef714c87d,UA000010000000000000000000033,EUR,64904.58,**** **** **** 1033,BLOCKED,TRANSFER,1545.67,FAILED,2024-01-05T14:09:00,UA000010000000000000000000018,
CUST-1024,Andrii Tkachuk,+380671000024,andrii.tkachuk24@example.com,cafdc894eacc597ad76db1a750ccb876d4ed69c73b7d3d23f5e3a9e3b5c9fc2e,UA000010000000000000000000050,EUR,98000.0,**** **** **** 1050,ACTIVE,BILL_PAYMENT,7313.63,COMPLETED,2024-01-05T14:16:00,,BILL-50868
CUST-1078,Ivan Bondarenko,+380671000078,ivan.bondarenko78@example.com,70dfb731f9ecfb0c9015b28838281e2a3cde900a791c45532154ddb5a95ed31b,UA000010000000000000000000158,USD,88281.49,**** **** **** 1158,ACTIVE,BILL_PAYMENT,10417.2,PENDING,2024-01-05T14:23:00,,BILL-50869
CUST-1072,Andrii Bondarenko,+380671000072,andrii.bondarenko72@example.com,79db1e22563af60be55a3717827926b76139d2428cbe693eba1643c2798e048d,UA000010000000000000000000145,UAH,70022.11,**** **** **** 1145,BLOCKED,BILL_PAYMENT,12125.11,COMPLETED,2024-01-05T14:30:00,,BILL-50870
CUST-1021,Iryna Bondarenko,+380671000021,iryna.bondarenko21@example.com,2d6b3bb57cb9e22fa36516172ef096b30ae00d08eedc1499c599b6269975521d,UA000010000000000000000000044,EUR,55769.14,**** **** **** 1044,BLOCKED,TRANSFER,4732.56,PENDING,2024-01-05T14:37:00,UA000010000000000000000000183,
CUST-1094,Sofiia Koval,+380671000094,sofiia.koval94@example.com,3fdd6e2fcae488c7c7818992ad08249cd0f6576f6ff846bcecaa816e002cde3c,UA000010000000000000000000190,UAH,99397.89,**** **** **** 1190,ACTIVE,BILL_PAYMENT,4186.36,COMPLETED,2024-01-05T14:44:00,,BILL-50872
CUST-1017,Olena Shevchenko,+380671000017,olena.shevchenko17@example.com,4a6b7fa040bcfc734a113fee84d3789c0a626d70d029afad0d1c3e7b6c562e14,UA000010000000000000000000035,UAH,46370.27,**** **** **** 1035,ACTIVE,BILL_PAYMENT,13174.39,COMPLETED,2024-01-05T14:51:00,,BILL-50873
CUST-1057,Ivan Shevchenko,+380671000057,ivan.shevchenko57@example.com,3b356cdbaeb3d03a6b6f713a048489d62fd63b4a8fd0c70a976cb0b70c119e46,UA000010000000000000000000115,USD,7164.31,**** **** **** 1115,BLOCKED,BILL_PAYMENT,11632.77,COMPLETED,2024-01-05T14:58:00,,BILL-50874
CUST-1070,Maksym Melnyk,+380671000070,maksym.melnyk70@example.com,44b6dadf9835ff29d5342da14dfaf76e3d828081a1704b131baa355f950e6047,UA000010000000000000000000142,EUR,68057.38,**** **** **** 1142,BLOCKED,TRANSFER,2677.76,FAILED,2024-01-05T15:05:00,UA000010000000000000000000021,
CUST-1035,Andrii Tkachuk,+380671000035,andrii.tkachuk35@example.com,5a66c7ba1398dd71c92a77cc7647c4183e6bf97b227e441bb2674a319b184e63,UA000010000000000000000000072,UAH,58478.38,**** **** **** 1072,BLOCKED,TRANSFER,13374.89,PENDING,2024-01-05T15:12:00,UA000010000000000000000000068,
CUST-1093,Iryna Shevchenko,+380671000093,iryna.shevchenko93@example.com,3dcc4d43a91ae471be9fb0dfb7e7a44dcbaf8125b389d65d38604ec5582825ec,UA000010000000000000000000188,USD,49682.91,**** **** **** 1188,ACTIVE,TRANSFER,10925.01,PENDING,2024-01-05T15:19:00,UA000010000000000000000000130,
CUST-1080,Ivan Shevchenko,+380671000080,ivan.shevchenko80@example.com,a5276c24114971eceb4d5149894034741bcf22825b30c39942ff63007e031956,UA000010000000000000000000162,USD,34693.55,**** **** **** 1162,BLOCKED,TRANSFER,12199.0,FAILED,2024-01-05T15:26:00,UA000010000000000000000000104,
CUST-1098,Sofiia Shevchenko,+380671000098,sofiia.shevchenko98@example.com,125e175312b42ca54475207f1ad47df9ac421dd758fcc5c2ab19ae31e451cc53,UA000010000000000000000000197,EUR,9037.56,**** **** **** 1197,ACTIVE,TRANSFER,13599.24,FAILED,2024-01-05T15:33:00,UA000010000000000000000000067,
CUST-1069,Andrii Melnyk,+380671000069,andrii.melnyk69@example.com,667d45d6d55c4fe6a7239bb554854e3b8fc0b392abea73864e91104bb1b4581d,UA000010000000000000000000140,UAH,96507.36,**** **** **** 1140,ACTIVE,BILL_PAYMENT,9825.93,PENDING,2024-01-05T15:40:00,,BILL-50880
CUST-1046,Sofiia Bondarenko,+380671000046,sofiia.bondarenko46@example.com,3f1b954c84d8216e09ae793664571dedb1e1bcc9a2bfdc2b6dc58db9a24fa7de,UA000010000000000000000000094,UAH,3418.11,**** **** **** 1094,ACTIVE,BILL_PAYMENT,3388.43,FAILED,2024-01-05T15:47:00,,BILL-50881
CUST-1093,Iryna Shevchenko,+380671000093,iryna.shevchenko93@example.com,3dcc4d43a91ae471be9fb0dfb7e7a44dcbaf8125b389d65d38604ec5582825ec,UA000010000000000000000000188,USD,49682.91,**** **** **** 1188,ACTIVE,BILL_PAYMENT,2051.52,FAILED,2024-01-05T15:54:00,,BILL-50882
CUST-1065,Ivan Tkachuk,+380671000065,ivan.tkachuk65@example.com,3c62426f46ebb414ff53540c6f1af32639c28b434126ae98b9f1651dd5e4fd4a,UA000010000000000000000000131,USD,83656.18,**** **** **** 1131,BLOCKED,TRANSFER,5981.94,FAILED,2024-01-05T16:01:00,UA000010000000000000000000003,
CUST-1084,Olena Shevchenko,+380671000084,olena.shevchenko84@example.com,11ee91bdbb90b967d18e45226bd3bc17d72a85a4486315b3568d070722445fe1,UA000010000000000000000000170,USD,55793.82,**** **** **** 1170,BLOCKED,TRANSFER,12727.33,FAILED,2024-01-05T16:08:00,UA000010000000000000000000176,
CUST-1021,Iryna Bondarenko,+380671000021,iryna.bondarenko21@example.com,2d6b3bb57cb9e22fa36516172ef096b30ae00d08eedc1499c599b6269975521d,UA000010000000000000000000043,USD,12427.44,**** **** **** 1043,ACTIVE,TRANSFER,6721.0,PENDING,2024-01-05T16:15:00,UA000010000000000000000000145,
CUST-1072,Andrii Bondarenko,+380671000072,andrii.bondarenko72@example.com,79db1e22563af60be55a3717827926b76139d2428cbe693eba1643c2798e048d,UA000010000000000000000000145,UAH,70022.11,**** **** **** 1145,BLOCKED,TRANSFER,11052.0,COMPLETED,2024-01-05T16:22:00,UA000010000000000000000000092,
CUST-1005,Dmytro Shevchenko,+380671000005,dmytro.shevchenko5@example.com,0eeac8171768d0cdef3a20fee6db4362d019c91e10662a6b55186336e1a42778,UA000010000000000000000000011,EUR,45412.74,**** **** **** 1011,BLOCKED,TRANSFER,11434.01,PENDING,2024-01-05T16:29:00,UA000010000000000000000000017,
CUST-1033,Kateryna Tkachenko,+380671000033,kateryna.tkachenko33@example.com,0756810289814362efbea8bb826fea0a7bc4318a7f22a4b27b48290cd39951a3,UA000010000000000000000000068,USD,33497.93,**** **** **** 1068,ACTIVE,BILL_PAYMENT,3548.58,FAILED,2024-01-05T16:36:00,,BILL-50888
CUST-1026,Sofiia Tkachuk,+380671000026,sofiia.tkachuk26@example.com,45e17065ddc6fb3a682f7732df5804652952dbe1f5ca5377a661515a8fcf66be,UA000010000000000000000000053,EUR,90488.93,**** **** **** 1053,ACTIVE,BILL_PAYMENT,5851.99,COMPLETED,2024-01-05T16:43:00,,BILL-50889
CUST-1005,Dmytro Shevchenko,+380671000005,dmytro.shevchenko5@example.com,0eeac8171768d0cdef3a20fee6db4362d019c91e10662a6b55186336e1a42778,UA000010000000000000000000012,UAH,28575.97,**** **** **** 1012,ACTIVE,TRANSFER,14709.82,COMPLETED,2024-01-05T16:50:00,UA000010000000000000000000027,
CUST-1090,Sofiia Tkachuk,+380671000090,sofiia.tkachuk90@example.com,a4273f882cab7a89e7fa8e5a1298799b62233ada8a93f880f58bbd87db44d6a3,UA000010000000000000000000181,USD,5506.05,**** **** **** 1181,ACTIVE,BILL_PAYMENT,12531.34,COMPLETED,2024-01-05T16:57:00,,BILL-50891
CUST-1074,Olena Tkachuk,+380671000074,olena.tkachuk74@example.com,efacf97ed63d8d618e5c1f03e2fbd3656ed4c97ba04abf6db791534b425641c2,UA000010000000000000000000149,UAH,51090.12,**** **** **** 1149,BLOCKED,TRANSFER,5681.06,COMPLETED,2024-01-05T17:04:00,UA000010000000000000000000094,
CUST-1075,Andrii Tkachuk,+380671000075,andrii.tkachuk75@example.com,aaa88f12093ddca8064cdb97bf7635d7cd82c94d264121133f79f24e9b645bf1,UA000010000000000000000000151,UAH,43918.82,**** **** **** 1151,BLOCKED,TRANSFER,7774.11,COMPLETED,2024-01-05T17:11:00,UA000010000000000000000000058,
CUST-1066,Olena Tkachuk,+380671000066,olena.tkachuk66@example.com,06599c96e52ff54f21e65cec89df4b96ce519704136d6f7246a56be613eed8fb,UA000010000000000000000000133,USD,23197.99,**** **** **** 1133,ACTIVE,BILL_PAYMENT,5325.83,COMPLETED,2024-01-05T17:18:00,,BILL-50894
CUST-1062,Dmytro Bondarenko,+380671000062,dmytro.bondarenko62@example.com,9b857dc1d1dc03b131bdb429b972f5f28c7d72b8466a22d54c359c48d19551fe,UA000010000000000000000000125,USD,59597.38,**** **** **** 1125,ACTIVE,BILL_PAYMENT,13313.22,PENDING,2024-01-05T17:25:00,,BILL-50895
CUST-1064,Andrii Bondarenko,+380671000064,andrii.bondarenko64@example.com,51031e17ce0a58242bf97f01a2883d077c6dd21f22674ee500dbfb60228851e7,UA000010000000000000000000129,USD,34412.55,**** **** **** 1129,BLOCKED,TRANSFER,6626.49,PENDING,2024-01-05T17:32:00,UA000010000000000000000000020,
CUST-1065,Ivan Tkachuk,+380671000065,ivan.tkachuk65@example.com,3c62426f46ebb414ff53540c6f1af32639c28b434126ae98b9f1651dd5e4fd4a,UA000010000000000000000000132,UAH,75153.4,**** **** **** 1132,ACTIVE,BILL_PAYMENT,3212.18,PENDING,2024-01-05T17:39:00,,BILL-50897
CUST-1020,Andrii Shevchenko,+380671000020,andrii.shevchenko20@example.com,51d11024031a8951b4722671adfc8587538f5e5417206e7862e60752758a5c35,UA000010000000000000000000041,EUR,81893.31,**** **** **** 1041,BLOCKED,BILL_PAYMENT,9050.2,PENDING,2024-01-05T17:46:00,,BILL-50898
CUST-1084,Olena Shevchenko,+380671000084,olena.shevchenko84@example.com,11ee91bdbb90b967d18e45226bd3bc17d72a85a4486315b3568d070722445fe1,UA000010000000000000000000170,USD,55793.82,**** **** **** 1170,BLOCKED,TRANSFER,6248.47,COMPLETED,2024-01-05T17:53:00,UA000010000000000000000000185,
CUST-1014,Dmytro Tkachenko,+380671000014,dmytro.tkachenko14@example.com,b78f24953963ac5ed773d6ec83120e3b1a65510201dc09ed2ed9e9781ba88870,UA000010000000000000000000030,USD,66079.94,**** **** **** 1030,BLOCKED,BILL_PAYMENT,10144.68,COMPLETED,2024-01-05T18:00:00,,BILL-50900
CUST-1026,Sofiia Tkachuk,+380671000026,sofiia.tkachuk26@example.com,45e17065ddc6fb3a682f7732df5804652952dbe1f5ca5377a661515a8fcf66be,UA000010000000000000000000054,USD,58668.45,**** **** **** 1054,ACTIVE,TRANSFER,9726.53,COMPLETED,2024-01-05T18:07:00,UA000010000000000000000000006,
CUST-1031,Andrii Melnyk,+380671000031,andrii.melnyk31@example.com,3b3ad733c8571384c133694595c33d96c638b36f08a484bd0ad38bf312fdb294,UA000010000000000000000000063,USD,16760.59,**** **** **** 1063,ACTIVE,TRANSFER,1961.88,FAILED,2024-01-05T18:14:00,UA000010000000000000000000042,
CUST-1017,Olena Shevchenko,+380671000017,olena.shevchenko17@example.com,4a6b7fa040bcfc734a113fee84d3789c0a626d70d029afad0d1c3e7b6c562e14,UA000010000000000000000000035,UAH,46370.27,**** **** **** 1035,ACTIVE,TRANSFER,13367.43,PENDING,2024-01-05T18:21:00,UA000010000000000000000000015,
CUST-1021,Iryna Bondarenko,+380671000021,iryna.bondarenko21@example.com,2d6b3bb57cb9e22fa36516172ef096b30ae00d08eedc1499c599b6269975521d,UA000010000000000000000000043,USD,12427.44,**** **** **** 1043,ACTIVE,BILL_PAYMENT,13840.58,FAILED,2024-01-05T18:28:00,,BILL-50904
CUST-1051,Sofiia Tkachuk,+380671000051,sofiia.tkachuk51@example.com,cc35e4b303c84633f2e64c1fe30a9c2f9e0f1dcdd53d1a748451b83164db475a,UA000010000000000000000000104,USD,61652.58,**** **** **** 1104,BLOCKED,TRANSFER,13183.71,FAILED,2024-01-05T18:35:00,UA000010000000000000000000170,
CUST-1036,Olena Bondarenko,+380671000036,olena.bondarenko36@example.com,133f8a05107e5442771c85da3dec70050ae5f3273849326b4a4e2ceaab2ef058,UA000010000000000000000000073,UAH,11731.85,**** **** **** 1073,BLOCKED,TRANSFER,3288.07,FAILED,2024-01-05T18:42:00,UA000010000000000000000000121,
CUST-1061,Olena Melnyk,+380671000061,olena.melnyk61@example.com,da3df0f1c138cc7b9e79e218587a605e12b7a9b9ac24e1287da5ed056cf10c22,UA000010000000000000000000124,UAH,98091.48,**** **** **** 1124,ACTIVE,TRANSFER,3329.49,COMPLETED,2024-01-05T18:49:00,UA000010000000000000000000154,
CUST-1018,Dmytro Shevchenko,+380671000018,dmytro.shevchenko18@example.com,b99ddd77e59c96b13b64b3abe1902db4c0a76dabf8622aa6c71f8f5670be6625,UA000010000000000000000000037,UAH,93392.68,**** **** **** 1037,ACTIVE,TRANSFER,9367.02,FAILED,2024-01-05T18:56:00,UA000010000000000000000000068,
CUST-1021,Iryna Bondarenko,+380671000021,iryna.bondarenko21@example.com,2d6b3bb57cb9e22fa36516172ef096b30ae00d08eedc1499c599b6269975521d,UA000010000000000000000000043,USD,12427.44,**** **** **** 1043,ACTIVE,BILL_PAYMENT,13839.16,FAILED,2024-01-05T19:03:00,,BILL-50909
CUST-1075,Andrii Tkachuk,+380671000075,andrii.tkachuk75@example.com,aaa88f12093ddca8064cdb97bf7635d7cd82c94d264121133f79f24e9b645bf1,UA000010000000000000000000152,EUR,89265.93,**** **** **** 1152,BLOCKED,TRANSFER,3485.72,COMPLETED,2024-01-05T19:10:00,UA000010000000000000000000034,
CUST-1013,Maksym Tkachuk,+380671000013,maksym.tkachuk13@example.com,1e53de2a2b4ab888cc24002ef8832d433b21956ab83ddeef989c8224b5c8f9f2,UA000010000000000000000000028,UAH,94218.02,**** **** **** 1028,ACTIVE,TRANSFER,3075.11,FAILED,2024-01-05T19:17:00,UA000010000000000000000000176,
CUST-1053,Dmytro Bondarenko,+380671000053,dmytro.bondarenko53@example.com,f75b853a4521962ca5d349e4ca4cb69dce2dbfef61731cb9d14f1f2f1b6499fe,UA000010000000000000000000108,EUR,48975.1,**** **** **** 1108,ACTIVE,TRANSFER,9102.39,PENDING,2024-01-05T19:24:00,UA000010000000000000000000122,
CUST-1078,Ivan Bondarenko,+380671000078,ivan.bondarenko78@example.com,70dfb731f9ecfb0c9015b28838281e2a3cde900a791c45532154ddb5a95ed31b,UA000010000000000000000000158,USD,88281.49,**** **** **** 1158,ACTIVE,TRANSFER,13172.4,FAILED,2024-01-05T19:31:00,UA000010000000000000000000129,
CUST-1096,Ivan Bondarenko,+380671000096,ivan.bondarenko96@example.com,38ee64c8e2536e41e2543266f6a5216747b24c8b8ada7d5f7cfba8b1e80752fb,UA000010000000000000000000193,USD,86156.5,**** **** **** 1193,BLOCKED,TRANSFER,1443.19,FAILED,2024-01-05T19:38:00,UA000010000000000000000000034,
CUST-1077,Kateryna Koval,+380671000077,kateryna.koval77@example.com,2590d18604c282ff195459db33d0ae2caab98b14d4cbfdfd4dc3ed4923bf31b8,UA000010000000000000000000155,EUR,81011.72,**** **** **** 1155,BLOCKED,TRANSFER,13459.69,FAILED,2024-01-05T19:45:00,UA000010000000000000000000167,
CUST-1055,Sofiia Koval,+380671000055,sofiia.koval55@example.com,d6f7adababfd90706cc787591cdaf547f91d53abcb9008a180d90fc3d4f651e2,UA000010000000000000000000111,EUR,8977.19,**** **** **** 1111,ACTIVE,BILL_PAYMENT,5587.14,PENDING,2024-01-05T19:52:00,,BILL-50916
CUST-1089,Dmytro Koval,+380671000089,dmytro.koval89@example.com,9d57ee06aac896609727855add2cfc3d9c50cd545395974cdee219c91e29fd25,UA000010000000000000000000179,UAH,36727.23,**** **** **** 1179,BLOCKED,BILL_PAYMENT,3480.82,COMPLETED,2024-01-05T19:59:00,,BILL-50917
CUST-1098,Sofiia Shevchenko,+380671000098,sofiia.shevchenko98@example.com,125e175312b42ca54475207f1ad47df9ac421dd758fcc5c2ab19ae31e451cc53,UA000010000000000000000000197,EUR,9037.56,**** **** **** 1197,ACTIVE,BILL_PAYMENT,5290.24,FAILED,2024-01-05T20:06:00,,BILL-50918
CUST-1097,Sofiia Bondarenko,+380671000097,sofiia.bondarenko97@example.com,7f5106053c87018f57187a0a485dedacb2ef37f08f05ab2313f23217a9ee928b,UA000010000000000000000000195,EUR,96050.77,**** **** **** 1195,ACTIVE,TRANSFER,6411.07,COMPLETED,2024-01-05T20:13:00,UA000010000000000000000000123,
CUST-1098,Sofiia Shevchenko,+380671000098,sofiia.shevchenko98@example.com,125e175312b42ca54475207f1ad47df9ac421dd758fcc5c2ab19ae31e451cc53,UA000010000000000000000000197,EUR,9037.56,**** **** **** 1197,ACTIVE,TRANSFER,13655.78,PENDING,2024-01-05T20:20:00,UA000010000000000000000000073,
CUST-1076,Sofiia Koval,+380671000076,sofiia.koval76@example.com,55e315face2c7bcfc4b1d43be3a863e3bbb565ad3dafe30a9dd45b51b190be9d,UA000010000000000000000000154,EUR,52652.93,**** **** **** 1154,BLOCKED,BILL_PAYMENT,3904.18,PENDING,2024-01-05T20:27:00,,BILL-50921
CUST-1090,Sofiia Tkachuk,+380671000090,sofiia.tkachuk90@example.com,a4273f882cab7a89e7fa8e5a1298799b62233ada8a93f880f58bbd87db44d6a3,UA000010000000000000000000182,EUR,29921.53,**** **** **** 1182,ACTIVE,TRANSFER,8690.91,PENDING,2024-01-05T20:34:00,UA000010000000000000000000134,
CUST-1000,Olena Shevchenko,+380671000000,olena.shevchenko0@example.com,cb71cd3f59909532b783257f5f97d0502af258231f9d17cbe762799c0bb4a0f6,UA000010000000000000000000002,UAH,86103.9,**** **** **** 1002,ACTIVE,BILL_PAYMENT,9835.46,FAILED,2024-01-05T20:41:00,,BILL-50923
CUST-1040,Andrii Tkachuk,+380671000040,andrii.tkachuk40@example.com,d88a53cd8ffe65ab18d2c62882479559aa781642ce7a8d340b22fc0a637b0359,UA000010000000000000000000081,EUR,90104.64,**** **** **** 1081,BLOCKED,BILL_PAYMENT,5465.93,PENDING,2024-01-05T20:48:00,,BILL-50924
CUST-1054,Dmytro Tkachenko,+380671000054,dmytro.tkachenko54@example.com,db383db8666c1c7f372e49b801a0405e0dd4193ab772163521b16e78879fa334,UA000010000000000000000000110,UAH,27899.8,**** **** **** 1110,BLOCKED,BILL_PAYMENT,3956.48,FAILED,2024-01-05T20:55:00,,BILL-50925
CUST-1054,Dmytro Tkachenko,+380671000054,dmytro.tkachenko54@example.com,db383db8666c1c7f372e49b801a0405e0dd4193ab772163521b16e78879fa334,UA000010000000000000000000109,USD,44547.39,**** **** **** 1109,BLOCKED,BILL_PAYMENT,9197.62,FAILED,2024-01-05T21:02:00,,BILL-50926
CUST-1050,Andrii Koval,+380671000050,andrii.koval50@example.com,be46e03449534372e45f1abf511f78148625cf11d99f2f550e2f32b3a551dfb6,UA000010000000000000000000102,USD,14200.57,**** **** **** 1102,BLOCKED,TRANSFER,6227.76,FAILED,2024-01-05T21:09:00,UA000010000000000000000000124,
CUST-1022,Olena Melnyk,+380671000022,olena.melnyk22@example.com,d0f82756c4d40d20e1fdbc90cf4da4adff02fe23b355687525880514642f764e,UA000010000000000000000000046,UAH,69062.22,**** **** **** 1046,BLOCKED,BILL_PAYMENT,8408.45,COMPLETED,2024-01-05T21:16:00,,BILL-50928
CUST-1032,Kateryna Koval,+380671000032,kateryna.koval32@example.com,451a8149ebd58dbd064e3337c6de5d4f4bb08cd70bbbd48d62a205bd706b6bb0,UA000010000000000000000000065,UAH,20757.71,**** **** **** 1065,BLOCKED,BILL_PAYMENT,8685.88,FAILED,2024-01-05T21:23:00,,BILL-50929
CUST-1050,Andrii Koval,+380671000050,andrii.koval50@example.com,be46e03449534372e45f1abf511f78148625cf11d99f2f550e2f32b3a551dfb6,UA000010000000000000000000102,USD,14200.57,**** **** **** 1102,BLOCKED,TRANSFER,12832.23,FAILED,2024-01-05T21:30:00,UA000010000000000000000000031,
CUST-1095,Olena Tkachenko,+380671000095,olena.tkachenko95@example.com,b3f20ff60a6e1eda26f8c412e7173c7ee7f5b3a1124b87a38d3deb63274c1a61,UA000010000000000000000000192,EUR,38657.42,**** **** **** 1192,BLOCKED,TRANSFER,6726.59,FAILED,2024-01-05T21:37:00,UA000010000000000000000000042,
CUST-1012,Andrii Shevchenko,+380671000012,andrii.shevchenko12@example.com,fdac810d0c09f25c5ddcee9976ab1f1ae1973dba7c65152d95b0937bc2a6c883,UA000010000000000000000000026,UAH,7783.61,**** **** **** 1026,ACTIVE,TRANSFER,7649.74,COMPLETED,2024-01-05T21:44:00,UA000010000000000000000000141,
CUST-1078,Ivan Bondarenko,+380671000078,ivan.bondarenko78@example.com,70dfb731f9ecfb0c9015b28838281e2a3cde900a791c45532154ddb5a95ed31b,UA000010000000000000000000158,USD,88281.49,**** **** **** 1158,ACTIVE,TRANSFER,2453.03,FAILED,2024-01-05T21:51:00,UA000010000000000000000000002,
CUST-1011,Iryna Bondarenko,+380671000011,iryna.bondarenko11@example.com,8057f787ebd8b4f9d40f53d7fbbfcbdde7067c1a074435b68f525b3de0e2ac2b,UA000010000000000000000000024,EUR,48202.06,**** **** **** 1024,ACTIVE,TRANSFER,7101.45,FAILED,2024-01-05T21:58:00,UA000010000000000000000000112,
CUST-1011,Iryna Bondarenko,+380671000011,iryna.bondarenko11@example.com,8057f787ebd8b4f9d40f53d7fbbfcbdde7067c1a074435b68f525b3de0e2ac2b,UA000010000000000000000000023,EUR,32046.88,**** **** **** 1023,ACTIVE,TRANSFER,3983.23,COMPLETED,2024-01-05T22:05:00,UA000010000000000000000000021,
CUST-1077,Kateryna Koval,+380671000077,kateryna.koval77@example.com,2590d18604c282ff195459db33d0ae2caab98b14d4cbfdfd4dc3ed4923bf31b8,UA000010000000000000000000156,USD,44121.87,**** **** **** 1156,BLOCKED,TRANSFER,10881.2,COMPLETED,2024-01-05T22:12:00,UA000010000000000000000000158,
CUST-1083,Sofiia Bondarenko,+380671000083,sofiia.bondarenko83@example.com,dd76076f40644e9e57f7459bfc37b2ef8b7084bda5a3127c24a62c86dd45eb0b,UA000010000000000000000000168,USD,22938.04,**** **** **** 1168,ACTIVE,BILL_PAYMENT,10688.51,FAILED,2024-01-05T22:19:00,,BILL-50937
CUST-1007,Sofiia Koval,+380671000007,sofiia.koval7@example.com,1526f5e0e31d42fe1c3664ce923ac22ac1333417a90b32043797ac454cd03112,UA000010000000000000000000015,UAH,92710.33,**** **** **** 1015,ACTIVE,TRANSFER,9622.36,COMPLETED,2024-01-05T22:26:00,UA000010000000000000000000003,
CUST-1025,Kateryna Bondarenko,+380671000025,kateryna.bondarenko25@example.com,0028e1c0d2c60966390545414567d33bca9f0165fece6d0109c59a3f29b5fdd0,UA000010000000000000000000052,EUR,1957.3,**** **** **** 1052,ACTIVE,BILL_PAYMENT,2961.46,FAILED,2024-01-05T22:33:00,,BILL-50939
CUST-1065,Ivan Tkachuk,+380671000065,ivan.tkachuk65@example.com,3c62426f46ebb414ff53540c6f1af32639c28b434126ae98b9f1651dd5e4fd4a,UA000010000000000000000000131,USD,83656.18,**** **** **** 1131,BLOCKED,TRANSFER,9247.09,FAILED,2024-01-05T22:40:00,UA000010000000000000000000010,
CUST-1046,Sofiia Bondarenko,+380671000046,sofiia.bondarenko46@example.com,3f1b954c84d8216e09ae793664571dedb1e1bcc9a2bfdc2b6dc58db9a24fa7de,UA000010000000000000000000093,EUR,31731.53,**** **** **** 1093,ACTIVE,TRANSFER,9842.54,PENDING,2024-01-05T22:47:00,UA000010000000000000000000023,
CUST-1035,Andrii Tkachuk,+380671000035,andrii.tkachuk35@example.com,5a66c7ba1398dd71c92a77cc7647c4183e6bf97b227e441bb2674a319b184e63,UA000010000000000000000000071,UAH,12418.83,**** **** **** 1071,BLOCKED,BILL_PAYMENT,5329.26,COMPLETED,2024-01-05T22:54:00,,BILL-50942
CUST-1051,Sofiia Tkachuk,+380671000051,sofiia.tkachuk51@example.com,cc35e4b303c84633f2e64c1fe30a9c2f9e0f1dcdd53d1a748451b83164db475a,UA000010000000000000000000104,USD,61652.58,**** **** **** 1104,BLOCKED,TRANSFER,7790.25,FAILED,2024-01-05T23:01:00,UA000010000000000000000000181,
CUST-1008,Ivan Bondarenko,+380671000008,ivan.bondarenko8@example.com,c8fea5b0b76dc690feaf5544749f99b40e78e2a37c0e867a086696509416302a,UA000010000000000000000000018,UAH,38518.34,**** **** **** 1018,BLOCKED,TRANSFER,8266.41,FAILED,2024-01-05T23:08:00,UA000010000000000000000000144,
CUST-1074,Olena Tkachuk,+380671000074,olena.tkachuk74@example.com,efacf97ed63d8d618e5c1f03e2fbd3656ed4c97ba04abf6db791534b425641c2,UA000010000000000000000000150,UAH,85107.99,**** **** **** 1150,BLOCKED,BILL_PAYMENT,5244.75,COMPLETED,2024-01-05T23:15:00,,BILL-50945
CUST-1028,Sofiia Tkachenko,+380671000028,sofiia.tkachenko28@example.com,034a0cdf079dfa3ca924e07e3c509bbf50768d1949b021c0ea0030cff80ba4d1,UA000010000000000000000000058,EUR,11176.57,**** **** **** 1058,BLOCKED,TRANSFER,6848.65,COMPLETED,2024-01-05T23:22:00,UA000010000000000000000000148,
CUST-1000,Olena Shevchenko,+380671000000,olena.shevchenko0@example.com,cb71cd3f59909532b783257f5f97d0502af258231f9d17cbe762799c0bb4a0f6,UA000010000000000000000000002,UAH,86103.9,**** **** **** 1002,ACTIVE,BILL_PAYMENT,2666.77,FAILED,2024-01-05T23:29:00,,BILL-50947
CUST-1013,Maksym Tkachuk,+380671000013,maksym.tkachuk13@example.com,1e53de2a2b4ab888cc24002ef8832d433b21956ab83ddeef989c8224b5c8f9f2,UA000010000000000000000000028,UAH,94218.02,**** **** **** 1028,ACTIVE,TRANSFER,7572.38,COMPLETED,2024-01-05T23:36:00,UA000010000000000000000000030,
CUST-1065,Ivan Tkachuk,+380671000065,ivan.tkachuk65@example.com,3c62426f46ebb414ff53540c6f1af32639c28b434126ae98b9f1651dd5e4fd4a,UA000010000000000000000000132,UAH,75153.4,**** **** **** 1132,ACTIVE,BILL_PAYMENT,13147.89,FAILED,2024-01-05T23:43:00,,BILL-50949
CUST-1032,Kateryna Koval,+380671000032,kateryna.koval32@example.com,451a8149ebd58dbd064e3337c6de5d4f4bb08cd70bbbd48d62a205bd706b6bb0,UA000010000000000000000000065,UAH,20757.71,**** **** **** 1065,BLOCKED,BILL_PAYMENT,14492.53,FAILED,2024-01-05T23:50:00,,BILL-50950
CUST-1061,Olena Melnyk,+380671000061,olena.melnyk61@example.com,da3df0f1c138cc7b9e79e218587a605e12b7a9b9ac24e1287da5ed056cf10c22,UA000010000000000000000000124,UAH,98091.48,**** **** **** 1124,ACTIVE,TRANSFER,11374.23,COMPLETED,2024-01-05T23:57:00,UA000010000000000000000000175,
CUST-1058,Maksym Tkachuk,+380671000058,maksym.tkachuk58@example.com,daa7c4bc3f1506b52b2bcc7864db9a96aee3ec1a8a68b29c5db60de1f8a6918b,UA000010000000000000000000118,USD,30562.65,**** **** **** 1118,BLOCKED,TRANSFER,7255.45,COMPLETED,2024-01-06T00:04:00,UA000010000000000000000000018,
CUST-1048,Iryna Melnyk,+380671000048,iryna.melnyk48@example.com,ffe4daf45af0e803fbe1fba2de5c7f7644f30b71ddb082100779d7884e0291c2,UA000010000000000000000000098,USD,25154.46,**** **** **** 1098,ACTIVE,TRANSFER,10169.85,PENDING,2024-01-06T00:11:00,UA000010000000000000000000081,
CUST-1052,Andrii Tkachuk,+380671000052,andrii.tkachuk52@example.com,f511f615cd867553edd2fc66f4dc34441851f699cc1457f767c5ec0bad8cd250,UA000010000000000000000000106,EUR,86288.0,**** **** **** 1106,BLOCKED,BILL_PAYMENT,7771.74,PENDING,2024-01-06T00:18:00,,BILL-50954
CUST-1089,Dmytro Koval,+380671000089,dmytro.koval89@example.com,9d57ee06aac896609727855add2cfc3d9c50cd545395974cdee219c91e29fd25,UA000010000000000000000000180,UAH,71093.83,**** **** **** 1180,ACTIVE,BILL_PAYMENT,3761.45,PENDING,2024-01-06T00:25:00,,BILL-50955
CUST-1051,Sofiia Tkachuk,+380671000051,sofiia.tkachuk51@example.com,cc35e4b303c84633f2e64c1fe30a9c2f9e0f1dcdd53d1a748451b83164db475a,UA000010000000000000000000103,EUR,53582.06,**** **** **** 1103,BLOCKED,BILL_PAYMENT,1186.63,PENDING,2024-01-06T00:32:00,,BILL-50956
CUST-1060,Dmytro Bondarenko,+380671000060,dmytro.bondarenko60@example.com,598ed9422e3d9c328f48cafc2c66a66a3d393b64290f7741d60e6e22c03ca031,UA000010000000000000000000122,EUR,68235.05,**** **** **** 1122,BLOCKED,BILL_PAYMENT,5335.39,FAILED,2024-01-06T00:39:00,,BILL-50957
CUST-1034,Sofiia Tkachuk,+380671000034,sofiia.tkachuk34@example.com,94cd5db06baf087fd56c0042adc1deb162d271acfb8b3eb0277069517998d489,UA000010000000000000000000069,USD,35763.47,**** **** **** 1069,BLOCKED,TRANSFER,14209.42,FAILED,2024-01-06T00:46:00,UA000010000000000000000000049,
CUST-1063,Iryna Bondarenko,+380671000063,iryna.bondarenko63@example.com,7e251ea07d59cd5fc9d7d1dc4225104e474b93d6c6881797dfbfa010774d4acb,UA000010000000000000000000128,USD,33407.91,**** **** **** 1128,BLOCKED,TRANSFER,3561.18,PENDING,2024-01-06T00:53:00,UA000010000000000000000000068,
CUST-1026,Sofiia Tkachuk,+380671000026,sofiia.tkachuk26@example.com,45e17065ddc6fb3a682f7732df5804652952dbe1f5ca5377a661515a8fcf66be,UA000010000000000000000000053,EUR,90488.93,**** **** **** 1053,ACTIVE,TRANSFER,3081.36,PENDING,2024-01-06T01:00:00,UA000010000000000000000000159,
CUST-1045,Andrii Shevchenko,+380671000045,andrii.shevchenko45@example.com,64bf83fcf172a284e3db6b4cc76bb175184ee9dd57e77f0421e3e401ea3858e0,UA000010000000000000000000092,UAH,82023.92,**** **** **** 1092,ACTIVE,TRANSFER,11695.13,PENDING,2024-01-06T01:07:00,UA000010000000000000000000021,
CUST-1086,Maksym Koval,+380671000086,maksym.koval86@example.com,3c0c8e2f0527574ed275f4fc831af606b283370490f9c39c7389fb5d16dd6ac8,UA000010000000000000000000174,EUR,20065.85,**** **** **** 1174,ACTIVE,BILL_PAYMENT,9226.71,FAILED,2024-01-06T01:14:00,,BILL-50962
CUST-1005,Dmytro Shevchenko,+380671000005,dmytro.shevchenko5@example.com,0eeac8171768d0cdef3a20fee6db4362d019c91e10662a6b55186336e1a42778,UA000010000000000000000000011,EUR,45412.74,**** **** **** 1011,BLOCKED,BILL_PAYMENT,5599.39,COMPLETED,2024-01-06T01:21:00,,BILL-50963
CUST-1063,Iryna Bondarenko,+380671000063,iryna.bondarenko63@example.com,7e251ea07d59cd5fc9d7d1dc4225104e474b93d6c6881797dfbfa010774d4acb,UA000010000000000000000000127,USD,18991.17,**** **** **** 1127,BLOCKED,BILL_PAYMENT,7387.54,FAILED,2024-01-06T01:28:00,,BILL-50964
CUST-1035,Andrii Tkachuk,+380671000035,andrii.tkachuk35@example.com,5a66c7ba1398dd71c92a77cc7647c4183e6bf97b227e441bb2674a319b184e63,UA000010000000000000000000072,UAH,58478.38,**** **** **** 1072,BLOCKED,BILL_PAYMENT,3370.29,FAILED,2024-01-06T01:35:00,,BILL-50965
CUST-1016,Sofiia Tkachenko,+380671000016,sofiia.tkachenko16@example.com,f0c28ba3fd9e0dcdcd0470acfcb98cc5a58d7d93422dbbefb930455ef714c87d,UA000010000000000000000000033,EUR,64904.58,**** **** **** 1033,BLOCKED,TRANSFER,7909.74,COMPLETED,2024-01-06T01:42:00,UA000010000000000000000000123,
CUST-1069,Andrii Melnyk,+380671000069,andrii.melnyk69@example.com,667d45d6d55c4fe6a7239bb554854e3b8fc0b392abea73864e91104bb1b4581d,UA000010000000000000000000139,UAH,60983.38,**** **** **** 1139,ACTIVE,TRANSFER,7562.0,COMPLETED,2024-01-06T01:49:00,UA000010000000000000000000176,
CUST-1099,Olena Tkachuk,+380671000099,olena.tkachuk99@example.com,ab2f50fe825bc3a9a8b649f173af23be3a052db9b410fcb0127e50ae9c356ba7,UA000010000000000000000000199,UAH,41443.24,**** **** **** 1199,BLOCKED,TRANSFER,6885.08,PENDING,2024-01-06T01:56:00,UA000010000000000000000000179,
CUST-1066,Olena Tkachuk,+380671000066,olena.tkachuk66@example.com,06599c96e52ff54f21e65cec89df4b96ce519704136d6f7246a56be613eed8fb,UA000010000000000000000000133,USD,23197.99,**** **** **** 1133,ACTIVE,BILL_PAYMENT,4768.99,PENDING,2024-01-06T02:03:00,,BILL-50969
CUST-1001,Andrii Koval,+380671000001,andrii.koval1@example.com,e6c3da5b206634d7f3f3586d747ffdb36b5c675757b380c6a5fe5c570c714349,UA000010000000000000000000004,UAH,54384.16,**** **** **** 1004,BLOCKED,TRANSFER,5722.45,PENDING,2024-01-06T02:10:00,UA000010000000000000000000084,
CUST-1046,Sofiia Bondarenko,+380671000046,sofiia.bondarenko46@example.com,3f1b954c84d8216e09ae793664571dedb1e1bcc9a2bfdc2b6dc58db9a24fa7de,UA000010000000000000000000093,EUR,31731.53,**** **** **** 1093,ACTIVE,BILL_PAYMENT,2847.93,COMPLETED,2024-01-06T02:17:00,,BILL-50971
CUST-1030,Olena Melnyk,+380671000030,olena.melnyk30@example.com,85fcbe6bf830f23209ea6a932921e8da31a653a24a20cb84e75c4997e505690b,UA000010000000000000000000061,USD,3453.85,**** **** **** 1061,BLOCKED,BILL_PAYMENT,7096.61,FAILED,2024-01-06T02:24:00,,BILL-50972
CUST-1043,Sofiia Shevchenko,+380671000043,sofiia.shevchenko43@example.com,db9aa0719dbf5cac40e44b268042014e9bc28b4134df9051a35f8c64f6603b6f,UA000010000000000000000000088,USD,21808.09,**** **** **** 1088,BLOCKED,BILL_PAYMENT,2799.51,COMPLETED,2024-01-06T02:31:00,,BILL-50973
CUST-1026,Sofiia Tkachuk,+380671000026,sofiia.tkachuk26@example.com,45e17065ddc6fb3a682f7732df5804652952dbe1f5ca5377a661515a8fcf66be,UA000010000000000000000000054,USD,58668.45,**** **** **** 1054,ACTIVE,BILL_PAYMENT,10525.65,COMPLETED,2024-01-06T02:38:00,,BILL-50974
CUST-1046,Sofiia Bondarenko,+380671000046,sofiia.bondarenko46@example.com,3f1b954c84d8216e09ae793664571dedb1e1bcc9a2bfdc2b6dc58db9a24fa7de,UA000010000000000000000000094,UAH,3418.11,**** **** **** 1094,ACTIVE,BILL_PAYMENT,4230.46,PENDING,2024-01-06T02:45:00,,BILL-50975
CUST-1073,Maksym Bondarenko,+380671000073,maksym.bondarenko73@example.com,25ac9b17f8113ceda4e3b18b639ac0c5821fa6cf61e31a4b2cafec4573b89522,UA000010000000000000000000147,EUR,78480.9,**** **** **** 1147,BLOCKED,TRANSFER,14690.12,FAILED,2024-01-06T02:52:00,UA000010000000000000000000059,
CUST-1012,Andrii Shevchenko,+380671000012,andrii.shevchenko12@example.com,fdac810d0c09f25c5ddcee9976ab1f1ae1973dba7c65152d95b0937bc2a6c883,UA000010000000000000000000026,UAH,7783.61,**** **** **** 1026,ACTIVE,BILL_PAYMENT,12071.11,FAILED,2024-01-06T02:59:00,,BILL-50977
CUST-1055,Sofiia Koval,+380671000055,sofiia.koval55@example.com,d6f7adababfd90706cc787591cdaf547f91d53abcb9008a180d90fc3d4f651e2,UA000010000000000000000000111,EUR,8977.19,**** **** **** 1111,ACTIVE,BILL_PAYMENT,2981.15,FAILED,2024-01-06T03:06:00,,BILL-50978
CUST-1019,Kateryna Tkachenko,+380671000019,kateryna.tkachenko19@example.com,871431053023291d24b403f1f9d761c6f01b3050a0a83cd9d9759a970f8d4d92,UA000010000000000000000000039,USD,83540.75,**** **** **** 1039,BLOCKED,BILL_PAYMENT,12094.74,PENDING,2024-01-06T03:13:00,,BILL-50979
CUST-1053,Dmytro Bondarenko,+380671000053,dmytro.bondarenko53@example.com,f75b853a4521962ca5d349e4ca4cb69dce2dbfef61731cb9d14f1f2f1b6499fe,UA000010000000000000000000108,EUR,48975.1,**** **** **** 1108,ACTIVE,BILL_PAYMENT,2060.35,FAILED,2024-01-06T03:20:00,,BILL-50980
CUST-1066,Olena Tkachuk,+380671000066,olena.tkachuk66@example.com,06599c96e52ff54f21e65cec89df4b96ce519704136d6f7246a56be613eed8fb,UA000010000000000000000000133,USD,23197.99,**** **** **** 1133,ACTIVE,BILL_PAYMENT,11790.73,COMPLETED,2024-01-06T03:27:00,,BILL-50981
CUST-1032,Kateryna Koval,+380671000032,kateryna.koval32@example.com,451a8149ebd58dbd064e3337c6de5d4f4bb08cd70bbbd48d62a205bd706b6bb0,UA000010000000000000000000065,UAH,20757.71,**** **** **** 1065,BLOCKED,TRANSFER,6006.11,FAILED,2024-01-06T03:34:00,UA000010000000000000000000042,
CUST-1007,Sofiia Koval,+380671000007,sofiia.koval7@example.com,1526f5e0e31d42fe1c3664ce923ac22ac1333417a90b32043797ac454cd03112,UA000010000000000000000000016,UAH,41234.99,**** **** **** 1016,BLOCKED,TRANSFER,12216.58,COMPLETED,2024-01-06T03:41:00,UA000010000000000000000000162,
CUST-1012,Andrii Shevchenko,+380671000012,andrii.shevchenko12@example.com,fdac810d0c09f25c5ddcee9976ab1f1ae1973dba7c65152d95b0937bc2a6c883,UA000010000000000000000000025,UAH,96117.11,**** **** **** 1025,ACTIVE,BILL_PAYMENT,11181.67,COMPLETED,2024-01-06T03:48:00,,BILL-50984
CUST-1046,Sofiia Bondarenko,+380671000046,sofiia.bondarenko46@example.com,3f1b954c84d8216e09ae793664571dedb1e1bcc9a2bfdc2b6dc58db9a24fa7de,UA000010000000000000000000093,EUR,31731.53,**** **** **** 1093,ACTIVE,BILL_PAYMENT,8427.23,COMPLETED,2024-01-06T03:55:00,,BILL-50985
CUST-1044,Kateryna Melnyk,+380671000044,kateryna.melnyk44@example.com,147eb7dd0f4c59120be8adb20f9dc4d4a0ccb27a0d48d7546dfa171dd980f075,UA000010000000000000000000089,USD,44736.82,**** **** **** 1089,ACTIVE,TRANSFER,6205.83,COMPLETED,2024-01-06T04:02:00,UA000010000000000000000000174,
CUST-1077,Kateryna Koval,+380671000077,kateryna.koval77@example.com,2590d18604c282ff195459db33d0ae2caab98b14d4cbfdfd4dc3ed4923bf31b8,UA000010000000000000000000156,USD,44121.87,**** **** **** 1156,BLOCKED,TRANSFER,8673.96,FAILED,2024-01-06T04:09:00,UA000010000000000000000000167,
CUST-1068,Kateryna Shevchenko,+380671000068,kateryna.shevchenko68@example.com,5a583fab00aa1c17acaad80b2b9b5a16a8563e7e66808bf4b4acbfb55d9b85d4,UA000010000000000000000000138,USD,70247.03,**** **** **** 1138,BLOCKED,TRANSFER,14691.63,COMPLETED,2024-01-06T04:16:00,UA000010000000000000000000091,
CUST-1041,Sofiia Tkachuk,+380671000041,sofiia.tkachuk41@example.com,a8a5146b1f97c2c8987ccb3a87d2f30b8aa258c2a32cb96115bf381d42df875c,UA000010000000000000000000084,UAH,42624.19,**** **** **** 1084,BLOCKED,BILL_PAYMENT,11632.43,COMPLETED,2024-01-06T04:23:00,,BILL-50989
CUST-1010,Dmytro Koval,+380671000010,dmytro.koval10@example.com,b35892cb8b089e03e4420b94df688122a2b76d4ad0f8b94ad20808bb029e48a5,UA000010000000000000000000021,UAH,19799.89,**** **** **** 1021,ACTIVE,BILL_PAYMENT,9224.27,COMPLETED,2024-01-06T04:30:00,,BILL-50990
CUST-1080,Ivan Shevchenko,+380671000080,ivan.shevchenko80@example.com,a5276c24114971eceb4d5149894034741bcf22825b30c39942ff63007e031956,UA000010000000000000000000162,USD,34693.55,**** **** **** 1162,BLOCKED,TRANSFER,13030.45,FAILED,2024-01-06T04:37:00,UA000010000000000000000000087,
CUST-1053,Dmytro Bondarenko,+380671000053,dmytro.bondarenko53@example.com,f75b853a4521962ca5d349e4ca4cb69dce2dbfef61731cb9d14f1f2f1b6499fe,UA000010000000000000000000108,EUR,48975.1,**** **** **** 1108,ACTIVE,BILL_PAYMENT,12741.07,PENDING,2024-01-06T04:44:00,,BILL-50992
CUST-1010,Dmytro Koval,+380671000010,dmytro.koval10@example.com,b35892cb8b089e03e4420b94df688122a2b76d4ad0f8b94ad20808bb029e48a5,UA000010000000000000000000021,UAH,19799.89,**** **** **** 1021,ACTIVE,TRANSFER,5187.2,COMPLETED,2024-01-06T04:51:00,UA000010000000000000000000082,
CUST-1083,Sofiia Bondarenko,+380671000083,sofiia.bondarenko83@example.com,dd76076f40644e9e57f7459bfc37b2ef8b7084bda5a3127c24a62c86dd45eb0b,UA000010000000000000000000168,USD,22938.04,**** **** **** 1168,ACTIVE,BILL_PAYMENT,10670.98,FAILED,2024-01-06T04:58:00,,BILL-50994
CUST-1082,Sofiia Shevchenko,+380671000082,sofiia.shevchenko82@example.com,ca619acdadd8eb0f598c954031b5f359a2fbd4fe0179eb02acfeab2ad373c999,UA000010000000000000000000166,EUR,48133.22,**** **** **** 1166,BLOCKED,BILL_PAYMENT,4105.16,COMPLETED,2024-01-06T05:05:00,,BILL-50995
CUST-1099,Olena Tkachuk,+380671000099,olena.tkachuk99@example.com,ab2f50fe825bc3a9a8b649f173af23be3a052db9b410fcb0127e50ae9c356ba7,UA000010000000000000000000200,USD,4231.35,**** **** **** 1200,BLOCKED,BILL_PAYMENT,11231.04,FAILED,2024-01-06T05:12:00,,BILL-50996
CUST-1057,Ivan Shevchenko,+380671000057,ivan.shevchenko57@example.com,3b356cdbaeb3d03a6b6f713a048489d62fd63b4a8fd0c70a976cb0b70c119e46,UA000010000000000000000000116,USD,90579.01,**** **** **** 1116,ACTIVE,BILL_PAYMENT,2551.41,PENDING,2024-01-06T05:19:00,,BILL-50997
CUST-1016,Sofiia Tkachenko,+380671000016,sofiia.tkachenko16@example.com,f0c28ba3fd9e0dcdcd0470acfcb98cc5a58d7d93422dbbefb930455ef714c87d,UA000010000000000000000000033,EUR,64904.58,**** **** **** 1033,BLOCKED,TRANSFER,9947.24,FAILED,2024-01-06T05:26:00,UA000010000000000000000000180,
CUST-1095,Olena Tkachenko,+380671000095,olena.tkachenko95@example.com,b3f20ff60a6e1eda26f8c412e7173c7ee7f5b3a1124b87a38d3deb63274c1a61,UA000010000000000000000000192,EUR,38657.42,**** **** **** 1192,BLOCKED,TRANSFER,3198.04,COMPLETED,2024-01-06T05:33:00,UA000010000000000000000000027,
