"plate","state","license_type","summons_number","issue_date","violation_time","violation","judgment_entry_date","fine_amount","penalty_amount","interest_amount","reduction_amount","payment_amount","amount_due","precinct","county","issuing_agency","violation_status","summons_image"
"EFR9335","NY","PAS","8967338119","02/23/2022","01:26P","REG. STICKER-EXPIRED/MISSING",,"65","0","0","65","0","0","049","BX","TRAFFIC","HEARING HELD-NOT GUILTY","View Summons (http://nycserv.nyc.gov/NYCServWeb/ShowImage?searchID=VDBSck1rNTZUWHBQUkVWNFQxRTlQUT09&locationName=_____________________)"
"IAMADIVA","NY","SRF","8967705128","02/23/2022","12:40P","FAIL TO DSPLY MUNI METER RECPT",,"35","0","0","35","0","0","052","BX","TRAFFIC","HEARING HELD-NOT GUILTY","View Summons (http://nycserv.nyc.gov/NYCServWeb/ShowImage?searchID=VDBSck1rNTZZM2RPVkVWNVQwRTlQUT09&locationName=_____________________)"
"RTK2687","GA","PAS","8968867800","02/24/2022","09:57A","NO PARKING-STREET CLEANING",,"65","0","0","0","65","0","042","BX","TRAFFIC",,"View Summons (http://nycserv.nyc.gov/NYCServWeb/ShowImage?searchID=VDBSck1rOUVaekpPZW1kM1RVRTlQUT09&locationName=_____________________)"
"LEJ8304","NY","PAS","9085879449","11/02/2023","08:37A","NO PARKING-STREET CLEANING",,"65","0","0","0","65","0","067","K","TRAFFIC",,"View Summons (http://nycserv.nyc.gov/NYCServWeb/ShowImage?searchID=VDFSQk5FNVVaek5QVkZFd1QxRTlQUT09&locationName=_____________________)"
"HCV9465","NY","PAS","4842468397","05/22/2023","08:19A","PHTO SCHOOL ZN SPEED VIOLATION",,"50","25","0","0","75","0","000","QN","DEPARTMENT OF TRANSPORTATION",,"View Summons (http://nycserv.nyc.gov/NYCServWeb/ShowImage?searchID=VGtSbk1FMXFVVEpQUkUwMVRuYzlQUT09&locationName=_____________________)"
"JMN2506","NY","PAS","9085879486","11/02/2023","08:56A","NO PARKING-STREET CLEANING",,"65","0","0","0","65","0","067","K","TRAFFIC",,"View Summons (http://nycserv.nyc.gov/NYCServWeb/ShowImage?searchID=VDFSQk5FNVVaek5QVkZFMFRtYzlQUT09&locationName=_____________________)"
"KUB6996","NY","PAS","9085879425","11/02/2023","08:31A","NO PARKING-STREET CLEANING","05/09/2024","65","60","0.09","0.03","125.06","0","067","K","TRAFFIC","HEARING HELD-GUILTY","View Summons (http://nycserv.nyc.gov/NYCServWeb/ShowImage?searchID=VDFSQk5FNVVaek5QVkZGNVRsRTlQUT09&locationName=_____________________)"
"JPL5360","NY","PAS","8840979244","02/24/2021","11:50A","NO PARKING-STREET CLEANING",,"65","0","0","0","65","0","078","K","TRAFFIC",,"View Summons (http://nycserv.nyc.gov/NYCServWeb/ShowImage?searchID=VDBSbk1FMUVhek5QVkVrd1RrRTlQUT09&locationName=_____________________)"
"94471JZ","NY","COM","8823976352","01/28/2021","11:56A","NO STANDING-COMM METER ZONE",,"115","30","0","0","145","0","018","NY","TRAFFIC","HEARING ADJOURNMENT","View Summons (http://nycserv.nyc.gov/NYCServWeb/ShowImage?searchID=VDBSbmVVMTZhek5PYWsweFRXYzlQUT09&locationName=_____________________)"
"D49MZS","NJ","PAS","8850379365","06/09/2021","06:27A","FIRE HYDRANT",,"115","0","0","0","115","0","107","Q","TRAFFIC",,"View Summons (http://nycserv.nyc.gov/NYCServWeb/ShowImage?searchID=VDBSbk1VMUVUVE5QVkUweVRsRTlQUT09&locationName=_____________________)"
"HYS9858","NY","PAS","8850379389","06/09/2021","06:36A","FIRE HYDRANT",,"115","0","0","0","115","0","107","Q","TRAFFIC",,"View Summons (http://nycserv.nyc.gov/NYCServWeb/ShowImage?searchID=VDBSbk1VMUVUVE5QVkUwMFQxRTlQUT09&locationName=_____________________)"
"HSC3072","NY","PAS","8850379390","06/09/2021","06:41A","REG. STICKER-EXPIRED/MISSING",,"65","0","0","0","65","0","107","Q","TRAFFIC",,"View Summons (http://nycserv.nyc.gov/NYCServWeb/ShowImage?searchID=VDBSbk1VMUVUVE5QVkUwMVRVRTlQUT09&locationName=_____________________)"
"HXW4623","NY","OMS","8850379419","06/09/2021","07:11A","NO STANDING-DAY/TIME LIMITS",,"115","0","0","0","115","0","107","Q","TRAFFIC",,"View Summons (http://nycserv.nyc.gov/NYCServWeb/ShowImage?searchID=VDBSbk1VMUVUVE5QVkZGNFQxRTlQUT09&locationName=_____________________)"
"PI816Y","FL","PAS","8542148022","10/09/2018",,,,,,,,,,,,,,"View Summons (http://nycserv.nyc.gov/NYCServWeb/ShowImage?searchID=VDBSVk1FMXFSVEJQUkVGNVRXYzlQUT09&locationName=_____________________)"
"KNM7446","NY","PAS","4842468683","05/22/2023","08:23A","PHTO SCHOOL ZN SPEED VIOLATION",,"50","25","0","25","50","0","000","BX","DEPARTMENT OF TRANSPORTATION",,"View Summons (http://nycserv.nyc.gov/NYCServWeb/ShowImage?searchID=VGtSbk1FMXFVVEpQUkZrMFRYYzlQUT09&locationName=_____________________)"
"EFX2131","NY","PAS","8850379353","06/09/2021","06:24A","FIRE HYDRANT",,"115","0","0","0","115","0","107","Q","TRAFFIC",,"View Summons (http://nycserv.nyc.gov/NYCServWeb/ShowImage?searchID=VDBSbk1VMUVUVE5QVkUweFRYYzlQUT09&locationName=_____________________)"
"KFM1854","NY","PAS","8584669589","05/09/2022","12:14P","NO PARKING-STREET CLEANING","08/25/2022","65","60","2.38","0","127.38","0","100","Q","TRAFFIC",,"View Summons (http://nycserv.nyc.gov/NYCServWeb/ShowImage?searchID=VDBSVk5FNUVXVEpQVkZVMFQxRTlQUT09&locationName=_____________________)"
"JPD5971","NY","PAS","8840979256","02/24/2021","11:50A","NO PARKING-STREET CLEANING",,"65","0","0","0","65","0","078","K","TRAFFIC",,"View Summons (http://nycserv.nyc.gov/NYCServWeb/ShowImage?searchID=VDBSbk1FMUVhek5QVkVreFRtYzlQUT09&locationName=_____________________)"
"HPJ3961","NY","PAS","4811224863","11/07/2022","09:12P","PHTO SCHOOL ZN SPEED VIOLATION",,"50","25","0","0","75","0","000","QN","DEPARTMENT OF TRANSPORTATION",,"View Summons (http://nycserv.nyc.gov/NYCServWeb/ShowImage?searchID=VGtSbmVFMVVTWGxPUkdjeVRYYzlQUT09&locationName=_____________________)"
"KEL3268","NY","PAS","8840979116","02/24/2021","11:06A","FRONT OR BACK PLATE MISSING",,"65","0","0","0","65","0","078","K","TRAFFIC",,"View Summons (http://nycserv.nyc.gov/NYCServWeb/ShowImage?searchID=VDBSbk1FMUVhek5QVkVWNFRtYzlQUT09&locationName=_____________________)"
"KYZ2103","NY","PAS","4842468634","05/22/2023","08:23A","PHTO SCHOOL ZN SPEED VIOLATION",,"50","0","0","0","50","0","000","BK","DEPARTMENT OF TRANSPORTATION",,"View Summons (http://nycserv.nyc.gov/NYCServWeb/ShowImage?searchID=VGtSbk1FMXFVVEpQUkZsNlRrRTlQUT09&locationName=_____________________)"
"JRY8551","NY","PAS","4842468646","05/22/2023","08:23A","PHTO SCHOOL ZN SPEED VIOLATION","08/17/2023","50","25","0.25","0","75.25","0","000","QN","DEPARTMENT OF TRANSPORTATION",,"View Summons (http://nycserv.nyc.gov/NYCServWeb/ShowImage?searchID=VGtSbk1FMXFVVEpQUkZrd1RtYzlQUT09&locationName=_____________________)"
"KEJ7973","NY","PAS","8840979025","02/24/2021","10:24A","REG. STICKER-EXPIRED/MISSING",,"65","0","0","0","65","0","078","K","TRAFFIC",,"View Summons (http://nycserv.nyc.gov/NYCServWeb/ShowImage?searchID=VDBSbk1FMUVhek5QVkVGNVRsRTlQUT09&locationName=_____________________)"
"ENF8800","NY","PAS","4811224954","11/07/2022","09:17P","PHTO SCHOOL ZN SPEED VIOLATION","02/02/2023","50","25","0.71","0.02","75.69","0","000","BK","DEPARTMENT OF TRANSPORTATION",,"View Summons (http://nycserv.nyc.gov/NYCServWeb/ShowImage?searchID=VGtSbmVFMVVTWGxPUkdzeFRrRTlQUT09&locationName=_____________________)"
"KYF9794","NY","PAS","9072418918","08/22/2023","01:01P","NO PARKING-STREET CLEANING","12/07/2023","65","60","0.15","0","125.15","0","081","K","TRAFFIC","HEARING HELD-GUILTY","View Summons (http://nycserv.nyc.gov/NYCServWeb/ShowImage?searchID=VDFSQk0wMXFVWGhQUkd0NFQwRTlQUT09&locationName=_____________________)"
"70AMCAMX","NY","HIS","9002454764","08/04/2022","02:33P","FRONT OR BACK PLATE MISSING",,"65","10","0","0","75","0","068","K","TRAFFIC",,"View Summons (http://nycserv.nyc.gov/NYCServWeb/ShowImage?searchID=VDFSQmQwMXFVVEZPUkdNeVRrRTlQUT09&locationName=_____________________)"
"KJF6942","NY","PAS","9089644854","11/16/2023","05:03P","INSP. STICKER-EXPIRED/MISSING",,"65","10","0","0","75","0","023","NY","TRAFFIC",,"View Summons (http://nycserv.nyc.gov/NYCServWeb/ShowImage?searchID=VDFSQk5FOVVXVEJPUkdjeFRrRTlQUT09&locationName=_____________________)"
"2EE1928","MD","PAS","8850379341","06/09/2021","06:22A","FIRE HYDRANT",,"115","0","0","0","115","0","107","Q","TRAFFIC",,"View Summons (http://nycserv.nyc.gov/NYCServWeb/ShowImage?searchID=VDBSbk1VMUVUVE5QVkUwd1RWRTlQUT09&locationName=_____________________)"
"T636710C","NY","OMT","8969076864","02/23/2022","12:53P","FAIL TO DSPLY MUNI METER RECPT",,"35","0","0","35","0","0","050","BX","TRAFFIC","HEARING HELD-NOT GUILTY","View Summons (http://nycserv.nyc.gov/NYCServWeb/ShowImage?searchID=VDBSck1rOVVRVE5PYW1jeVRrRTlQUT09&locationName=_____________________)"
"KLF1550","NY","PAS","8969855567","02/24/2022","06:26A","FIRE HYDRANT",,"115","0","0","0","115","0","041","BX","TRAFFIC",,"View Summons (http://nycserv.nyc.gov/NYCServWeb/ShowImage?searchID=VDBSck1rOVVaekZPVkZVeVRuYzlQUT09&locationName=_____________________)"
"16543MP","NY","COM","9072418931","08/22/2023","01:02P","NO PARKING-STREET CLEANING",,"65","0","0","0","65","0","081","K","TRAFFIC","HEARING HELD-GUILTY","View Summons (http://nycserv.nyc.gov/NYCServWeb/ShowImage?searchID=VDFSQk0wMXFVWGhQUkd0NlRWRTlQUT09&locationName=_____________________)"
"JPD4257","NY","PAS","4842468804","05/22/2023","08:26A","PHTO SCHOOL ZN SPEED VIOLATION",,"50","0","0","0","50","0","000","QN","DEPARTMENT OF TRANSPORTATION",,"View Summons (http://nycserv.nyc.gov/NYCServWeb/ShowImage?searchID=VGtSbk1FMXFVVEpQUkdkM1RrRTlQUT09&locationName=_____________________)"
"KDD1930","NY","PAS","4842468750","05/22/2023","08:25A","PHTO SCHOOL ZN SPEED VIOLATION",,"50","0","0","0","50","0","000","BK","DEPARTMENT OF TRANSPORTATION",,"View Summons (http://nycserv.nyc.gov/NYCServWeb/ShowImage?searchID=VGtSbk1FMXFVVEpQUkdNeFRVRTlQUT09&locationName=_____________________)"
"HYC5460","NY","PAS","8567832949","11/04/2022","12:06P","NO STANDING-BUS STOP","02/23/2023","115","60","4.72","0.13","179.59","0","047","BX","TRAFFIC",,"View Summons (http://nycserv.nyc.gov/NYCServWeb/ShowImage?searchID=VDBSVk1rNTZaM3BOYW1zd1QxRTlQUT09&locationName=_____________________)"
"JRC5900","NY","PAS","4842468701","05/22/2023","08:24A","PHTO SCHOOL ZN SPEED VIOLATION",,"50","25","0","0","75","0","000","QN","DEPARTMENT OF TRANSPORTATION",,"View Summons (http://nycserv.nyc.gov/NYCServWeb/ShowImage?searchID=VGtSbk1FMXFVVEpQUkdOM1RWRTlQUT09&locationName=_____________________)"
"KFZ7836","NY","PAS","4842468798","05/22/2023","08:26A","PHTO SCHOOL ZN SPEED VIOLATION","08/17/2023","50","25","0.1","0","75.1","0","000","BK","DEPARTMENT OF TRANSPORTATION",,"View Summons (http://nycserv.nyc.gov/NYCServWeb/ShowImage?searchID=VGtSbk1FMXFVVEpQUkdNMVQwRTlQUT09&locationName=_____________________)"
"87706MK","NY","COM","9081486226","09/28/2023","01:58P","NO PARKING-DAY/TIME LIMITS",,"65","0","0","40","25","0","009","NY","TRAFFIC","HEARING HELD-GUILTY REDUCTION","View Summons (http://nycserv.nyc.gov/NYCServWeb/ShowImage?searchID=VDFSQk5FMVVVVFJPYWtsNVRtYzlQUT09&locationName=_____________________)"
"HYB4681","NY","PAS","9072418920","08/22/2023","01:02P","NO PARKING-STREET CLEANING",,"65","30","0","0","95","0","081","K","TRAFFIC",,"View Summons (http://nycserv.nyc.gov/NYCServWeb/ShowImage?searchID=VDFSQk0wMXFVWGhQUkd0NVRVRTlQUT09&locationName=_____________________)"
"JPR1741","NY","PAS","8584685017","08/19/2022","09:39A","NO PARKING-STREET CLEANING",,"65","30","0","0","95","0","104","Q","TRAFFIC",,"View Summons (http://nycserv.nyc.gov/NYCServWeb/ShowImage?searchID=VDBSVk5FNUVXVFJPVkVGNFRuYzlQUT09&locationName=_____________________)"
"AEZ1339","NY","999","9002454879","08/04/2022","04:55P","REG STICKER-MUTILATED/C'FEIT",,"65","10","0","75","0","0","066","K","TRAFFIC","HEARING HELD-NOT GUILTY","View Summons (http://nycserv.nyc.gov/NYCServWeb/ShowImage?searchID=VDFSQmQwMXFVVEZPUkdjelQxRTlQUT09&locationName=_____________________)"
"KHR1951","NY","PAS","8935889039","11/09/2022","03:20P","NO STANDING-DAY/TIME LIMITS","02/23/2023","115","60","0.56","0.56","175","0","010","NY","TRAFFIC",,"View Summons (http://nycserv.nyc.gov/NYCServWeb/ShowImage?searchID=VDBScmVrNVVaelJQVkVGNlQxRTlQUT09&locationName=_____________________)"
"GZJ2823","NY","PAS","8971253897","02/24/2022","06:14A","NO STANDING-DAY/TIME LIMITS",,"115","0","0","0","115","0","044","BX","TRAFFIC",,"View Summons (http://nycserv.nyc.gov/NYCServWeb/ShowImage?searchID=VDBSck0wMVVTVEZOZW1jMVRuYzlQUT09&locationName=_____________________)"
"KEJ1817","NY","PAS","8841039840","03/04/2021","11:59A","INSP. STICKER-EXPIRED/MISSING",,"65","0","0","0","65","0","110","Q","TRAFFIC",,"View Summons (http://nycserv.nyc.gov/NYCServWeb/ShowImage?searchID=VDBSbk1FMVVRWHBQVkdjd1RVRTlQUT09&locationName=_____________________)"
"JJT1988","NY","PAS","8841039796","03/04/2021","11:36A","NO PARKING-STREET CLEANING",,"65","0","0","0","65","0","110","Q","TRAFFIC",,"View Summons (http://nycserv.nyc.gov/NYCServWeb/ShowImage?searchID=VDBSbk1FMVVRWHBQVkdNMVRtYzlQUT09&locationName=_____________________)"
"8EE3443","MD","PAS","8841039863","03/04/2021","12:07P","NO PARKING-STREET CLEANING",,"65","0","0","0","65","0","110","Q","TRAFFIC",,"View Summons (http://nycserv.nyc.gov/NYCServWeb/ShowImage?searchID=VDBSbk1FMVVRWHBQVkdjeVRYYzlQUT09&locationName=_____________________)"
"HRA8704","NY","PAS","8634227844","03/29/2018","01:03P","REG. STICKER-EXPIRED/MISSING",,"65","10","0","0","75","0","114","Q","TRAFFIC",,"View Summons (http://nycserv.nyc.gov/NYCServWeb/ShowImage?searchID=VDBSWmVrNUVTWGxPZW1jd1RrRTlQUT09&locationName=_____________________)"
"KXS8815","NY","PAS","4842468737","05/22/2023","08:25A","PHTO SCHOOL ZN SPEED VIOLATION",,"50","25","0","0","75","0","000","QN","DEPARTMENT OF TRANSPORTATION",,"View Summons (http://nycserv.nyc.gov/NYCServWeb/ShowImage?searchID=VGtSbk1FMXFVVEpQUkdONlRuYzlQUT09&locationName=_____________________)"
"KLE1927","NY","PAS","8971302665","02/24/2022","07:33A","FIRE HYDRANT",,"115","0","0","115","0","0","044","BX","TRAFFIC","HEARING HELD-NOT GUILTY","View Summons (http://nycserv.nyc.gov/NYCServWeb/ShowImage?searchID=VDBSck0wMVVUWGROYWxreVRsRTlQUT09&locationName=_____________________)"
"FCS2092","NY","PAS","8971874867","02/23/2022","04:09P","EXPIRED MUNI METER",,"65","0","0","0","65","0","019","NY","TRAFFIC",,"View Summons (http://nycserv.nyc.gov/NYCServWeb/ShowImage?searchID=VDBSck0wMVVaek5PUkdjeVRuYzlQUT09&locationName=_____________________)"
"KDH3570","NY","PAS","8971991501","02/23/2022","10:49A","NO PARKING-STREET CLEANING",,"65","0","0","0","65","0","107","Q","TRAFFIC",,"View Summons (http://nycserv.nyc.gov/NYCServWeb/ShowImage?searchID=VDBSck0wMVVhelZOVkZWM1RWRTlQUT09&locationName=_____________________)"
"LFN4976","NY","PAS","9113643794","03/13/2024","08:36A","NO PARKING-STREET CLEANING",,"65","10","0","10","65","0","109","Q","TRAFFIC",,"View Summons (http://nycserv.nyc.gov/NYCServWeb/ShowImage?searchID=VDFSRmVFMTZXVEJOZW1NMVRrRTlQUT09&locationName=_____________________)"
"KKR1776","NY","PAS","8584689035","09/20/2022","12:00P","NO PARKING-STREET CLEANING",,"65","10","0","0","75","0","100","Q","TRAFFIC",,"View Summons (http://nycserv.nyc.gov/NYCServWeb/ShowImage?searchID=VDBSVk5FNUVXVFJQVkVGNlRsRTlQUT09&locationName=_____________________)"
"21799MC","NY","COM","8913811303","05/13/2021","01:33P","NO STANDING-DAY/TIME LIMITS",,"115","0","0","15","100","0","010","NY","TRAFFIC","HEARING HELD-GUILTY REDUCTION","View Summons (http://nycserv.nyc.gov/NYCServWeb/ShowImage?searchID=VDBScmVFMTZaM2hOVkUxM1RYYzlQUT09&locationName=_____________________)"
"14641MM","NY","COM","8913811200","05/13/2021","06:49A","DOUBLE PARKING",,"115","0","0","0","115","0","010","NY","TRAFFIC","HEARING HELD-GUILTY","View Summons (http://nycserv.nyc.gov/NYCServWeb/ShowImage?searchID=VDBScmVFMTZaM2hOVkVsM1RVRTlQUT09&locationName=_____________________)"
"71871MM","NY","COM","8913811248","05/13/2021","07:27A","DOUBLE PARKING-MIDTOWN COMML",,"115","0","0","0","115","0","010","NY","TRAFFIC","HEARING HELD-GUILTY","View Summons (http://nycserv.nyc.gov/NYCServWeb/ShowImage?searchID=VDBScmVFMTZaM2hOVkVrd1QwRTlQUT09&locationName=_____________________)"
"KGG1802","NY","PAS","8994571796","08/11/2021","03:31P","SIDEWALK",,"115","0","0","0","115","0","075","K","TRAFFIC",,"View Summons (http://nycserv.nyc.gov/NYCServWeb/ShowImage?searchID=VDBSck5VNUVWVE5OVkdNMVRtYzlQUT09&locationName=_____________________)"
"KHA5162","NY","PAS","8991937421","10/22/2021","02:20P","DOUBLE PARKING",,"115","0","0","0","115","0","079","K","TRAFFIC","HEARING HELD-GUILTY","View Summons (http://nycserv.nyc.gov/NYCServWeb/ShowImage?searchID=VDBSck5VMVVhM3BPZWxGNVRWRTlQUT09&locationName=_____________________)"
"JNV8960","NY","PAS","8864075124","12/04/2021","01:02P","INSP. STICKER-EXPIRED/MISSING",,"65","30","0","0","95","0","071","K","TRAFFIC","HEARING HELD-GUILTY","View Summons (http://nycserv.nyc.gov/NYCServWeb/ShowImage?searchID=VDBSbk1rNUVRVE5PVkVWNVRrRTlQUT09&locationName=_____________________)"
"EWH7077","NY","PAS","5102968464","08/18/2018","11:39A","FAILURE TO STOP AT RED LIGHT","11/15/2018","50","25","19.37","0.09","94.28","0","000","MN","DEPARTMENT OF TRANSPORTATION",,"View Summons (http://nycserv.nyc.gov/NYCServWeb/ShowImage?searchID=VGxSRmQwMXFhekpQUkZFeVRrRTlQUT09&locationName=_____________________)"
"47350ML","NY","COM","8683174979","02/13/2020","02:37P","FAIL TO DSPLY MUNI METER RECPT",,"35","10","0","0","45","0","084","K","TRAFFIC",,"View Summons (http://nycserv.nyc.gov/NYCServWeb/ShowImage?searchID=VDBSWk5FMTZSVE5PUkdzelQxRTlQUT09&locationName=_____________________)"
"2870679","IN","PAS","8913811194","05/13/2021","06:45A","DOUBLE PARKING",,"115","0","0","0","115","0","010","NY","TRAFFIC",,"View Summons (http://nycserv.nyc.gov/NYCServWeb/ShowImage?searchID=VDBScmVFMTZaM2hOVkVVMVRrRTlQUT09&locationName=_____________________)"
"HLN4714","NY","PAS","8841040350","03/06/2021","02:19P","FRONT OR BACK PLATE MISSING",,"65","0","0","65","0","0","108","Q","TRAFFIC","HEARING HELD-NOT GUILTY","View Summons (http://nycserv.nyc.gov/NYCServWeb/ShowImage?searchID=VDBSbk1FMVVRVEJOUkUweFRVRTlQUT09&locationName=_____________________)"
"CJX6918","NY","PAS","8841040439","03/06/2021","04:00P","INSP. STICKER-EXPIRED/MISSING",,"65","0","0","0","65","0","108","Q","TRAFFIC",,"View Summons (http://nycserv.nyc.gov/NYCServWeb/ShowImage?searchID=VDBSbk1FMVVRVEJOUkZGNlQxRTlQUT09&locationName=_____________________)"
"BRZ7393","NY","PAS","8841040257","03/06/2021","12:11P","EXPIRED MUNI METER",,"35","0","0","0","35","0","108","Q","TRAFFIC",,"View Summons (http://nycserv.nyc.gov/NYCServWeb/ShowImage?searchID=VDBSbk1FMVVRVEJOUkVreFRuYzlQUT09&locationName=_____________________)"
"CYV14","NJ","PAS","8913811250","05/13/2021","01:19P","NO STANDING-DAY/TIME LIMITS",,"115","0","0","115","0","0","010","NY","TRAFFIC","HEARING HELD-NOT GUILTY","View Summons (http://nycserv.nyc.gov/NYCServWeb/ShowImage?searchID=VDBScmVFMTZaM2hOVkVreFRVRTlQUT09&locationName=_____________________)"
"HTP4692","NY","PAS","4811224978","11/07/2022","09:18P","PHTO SCHOOL ZN SPEED VIOLATION",,"50","0","0","0","50","0","000","QN","DEPARTMENT OF TRANSPORTATION",,"View Summons (http://nycserv.nyc.gov/NYCServWeb/ShowImage?searchID=VGtSbmVFMVVTWGxPUkdzelQwRTlQUT09&locationName=_____________________)"
"22780JA","NY","COM","4842468841","05/22/2023","08:27A","PHTO SCHOOL ZN SPEED VIOLATION",,"50","0","0","0","50","0","000","QN","DEPARTMENT OF TRANSPORTATION",,"View Summons (http://nycserv.nyc.gov/NYCServWeb/ShowImage?searchID=VGtSbk1FMXFVVEpQUkdjd1RWRTlQUT09&locationName=_____________________)"
"T105911C","NY","OMT","4842468830","05/22/2023","08:27A","PHTO SCHOOL ZN SPEED VIOLATION","08/17/2023","50","25","3.59","0.29","78.3","0","000","MN","DEPARTMENT OF TRANSPORTATION","HEARING HELD-GUILTY","View Summons (http://nycserv.nyc.gov/NYCServWeb/ShowImage?searchID=VGtSbk1FMXFVVEpQUkdkNlRVRTlQUT09&locationName=_____________________)"
"LTN2138","PA","PAS","9002455422","07/21/2022","09:22A","NO PARKING-STREET CLEANING",,"65","10","0","0","75","0","075","K","TRAFFIC",,"View Summons (http://nycserv.nyc.gov/NYCServWeb/ShowImage?searchID=VDFSQmQwMXFVVEZPVkZGNVRXYzlQUT09&locationName=_____________________)"
"DGZ2690","NY","PAS","8994572107","08/12/2021","03:30P","SIDEWALK",,"115","0","0","0","115","0","090","K","TRAFFIC",,"View Summons (http://nycserv.nyc.gov/NYCServWeb/ShowImage?searchID=VDBSck5VNUVWVE5OYWtWM1RuYzlQUT09&locationName=_____________________)"
"92177NB","NY","COM","8994572120","08/12/2021","03:44P","COMML PLATES-UNALTERED VEHICLE",,"115","0","0","0","115","0","090","K","TRAFFIC",,"View Summons (http://nycserv.nyc.gov/NYCServWeb/ShowImage?searchID=VDBSck5VNUVWVE5OYWtWNVRVRTlQUT09&locationName=_____________________)"
"KWG8742","NY","PAS","4811225041","11/07/2022","09:21P","PHTO SCHOOL ZN SPEED VIOLATION","02/02/2023","50","25","0.62","0.06","75.56","0","000","BK","DEPARTMENT OF TRANSPORTATION",,"View Summons (http://nycserv.nyc.gov/NYCServWeb/ShowImage?searchID=VGtSbmVFMVVTWGxPVkVFd1RWRTlQUT09&locationName=_____________________)"
"GXL4348","NY","PAS","8584689102","09/21/2022","08:42A","NO PARKING-STREET CLEANING",,"65","0","0","65","0","0","107","Q","TRAFFIC","HEARING HELD-NOT GUILTY","View Summons (http://nycserv.nyc.gov/NYCServWeb/ShowImage?searchID=VDBSVk5FNUVXVFJQVkVWM1RXYzlQUT09&locationName=_____________________)"
"JBB4948","NY","PAS","8994086262","10/12/2021","02:48P","FAIL TO DSPLY MUNI METER RECPT",,"35","0","0","0","35","0","084","K","TRAFFIC","HEARING HELD-GUILTY","View Summons (http://nycserv.nyc.gov/NYCServWeb/ShowImage?searchID=VDBSck5VNUVRVFJPYWtreVRXYzlQUT09&locationName=_____________________)"
"MLHE06","FL","PAS","8683181753","05/26/2020","02:01P","WRONG WAY",,"45","0","0","0","45","0","079","K","TRAFFIC","HEARING HELD-GUILTY","View Summons (http://nycserv.nyc.gov/NYCServWeb/ShowImage?searchID=VDBSWk5FMTZSVFJOVkdNeFRYYzlQUT09&locationName=_____________________)"
"91BG16","NY","LMB","4811225028","11/07/2022","09:20P","PHTO SCHOOL ZN SPEED VIOLATION","02/02/2023","50","25","0.5","0.26","75.24","0","000","QN","DEPARTMENT OF TRANSPORTATION",,"View Summons (http://nycserv.nyc.gov/NYCServWeb/ShowImage?searchID=VGtSbmVFMVVTWGxPVkVGNVQwRTlQUT09&locationName=_____________________)"
"2Z0773","SD","PAS","8975157982","05/07/2021","01:21A","NO PARKING-STREET CLEANING",,"65","0","0","0","65","0","075","K","TRAFFIC","HEARING HELD-GUILTY","View Summons (http://nycserv.nyc.gov/NYCServWeb/ShowImage?searchID=VDBSck0wNVVSVEZPZW1zMFRXYzlQUT09&locationName=_____________________)"
"84988CJ","MD","PAS","8995160962","06/03/2021","12:47P","NO STANDING-BUS STOP",,"115","0","0","0","115","0","094","K","TRAFFIC",,"View Summons (http://nycserv.nyc.gov/NYCServWeb/ShowImage?searchID=VDBSck5VNVVSVEpOUkdzeVRXYzlQUT09&locationName=_____________________)"
"84988CJ","MD","PAS","8995161218","06/04/2021","01:55P","NO STANDING-BUS STOP",,"115","0","0","0","115","0","094","K","TRAFFIC",,"View Summons (http://nycserv.nyc.gov/NYCServWeb/ShowImage?searchID=VDBSck5VNVVSVEpOVkVsNFQwRTlQUT09&locationName=_____________________)"
"GVV8724","NY","PAS","8841040762","03/09/2021","10:41A","FAIL TO DSPLY MUNI METER RECPT",,"35","0","0","0","35","0","114","Q","TRAFFIC",,"View Summons (http://nycserv.nyc.gov/NYCServWeb/ShowImage?searchID=VDBSbk1FMVVRVEJOUkdNeVRXYzlQUT09&locationName=_____________________)"
"KEX4005","NY","PAS","8841040580","03/08/2021","11:37A","NO STANDING-EXC. AUTH. VEHICLE",,"95","0","0","0","95","0","114","Q","TRAFFIC",,"View Summons (http://nycserv.nyc.gov/NYCServWeb/ShowImage?searchID=VDBSbk1FMVVRVEJOUkZVMFRVRTlQUT09&locationName=_____________________)"
"HYJ3913","NY","PAS","8995161000","06/03/2021","02:45P","NO STANDING-DAY/TIME LIMITS",,"115","0","0","0","115","0","094","K","TRAFFIC","APPEAL AFFIRMED","View Summons (http://nycserv.nyc.gov/NYCServWeb/ShowImage?searchID=VDBSck5VNVVSVEpOVkVGM1RVRTlQUT09&locationName=_____________________)"
"PC168093","DE","PAS","8995161528","06/08/2021","11:44A","NO PARKING-STREET CLEANING",,"65","0","0","0","65","0","094","K","TRAFFIC","HEARING HELD-GUILTY","View Summons (http://nycserv.nyc.gov/NYCServWeb/ShowImage?searchID=VDBSck5VNVVSVEpOVkZWNVQwRTlQUT09&locationName=_____________________)"
"48511MK","NY","COM","8841040520","03/08/2021","10:58A","FAIL TO DSPLY MUNI METER RECPT",,"35","0","0","5","30","0","114","Q","TRAFFIC","HEARING HELD-GUILTY REDUCTION","View Summons (http://nycserv.nyc.gov/NYCServWeb/ShowImage?searchID=VDBSbk1FMVVRVEJOUkZWNVRVRTlQUT09&locationName=_____________________)"
"FWT8607","NY","PAS","8995161383","06/07/2021","02:38P","FRONT OR BACK PLATE MISSING",,"65","0","0","0","65","0","094","K","TRAFFIC",,"View Summons (http://nycserv.nyc.gov/NYCServWeb/ShowImage?searchID=VDBSck5VNVVSVEpOVkUwMFRYYzlQUT09&locationName=_____________________)"
"KMM5697","NY","PAS","8972445162","02/24/2022","08:41A","NO PARKING-STREET CLEANING",,"65","0","0","0","65","0","063","K","TRAFFIC",,"View Summons (http://nycserv.nyc.gov/NYCServWeb/ShowImage?searchID=VDBSck0wMXFVVEJPVkVVeVRXYzlQUT09&locationName=_____________________)"
"IGFF45","FL","PAS","9064421365","07/03/2023","05:01P","FAIL TO DSPLY MUNI METER RECPT","10/19/2023","35","60","0.33","0.33","95","0","112","Q","TRAFFIC",,"View Summons (http://nycserv.nyc.gov/NYCServWeb/ShowImage?searchID=VDFSQk1rNUVVWGxOVkUweVRsRTlQUT09&locationName=_____________________)"
"777CBR","LA","PAS","4842468853","05/22/2023","08:27A","PHTO SCHOOL ZN SPEED VIOLATION",,"50","0","0","0","50","0","000","QN","DEPARTMENT OF TRANSPORTATION",,"View Summons (http://nycserv.nyc.gov/NYCServWeb/ShowImage?searchID=VGtSbk1FMXFVVEpQUkdjeFRYYzlQUT09&locationName=_____________________)"
"CX39391","IL","PAS","8972838688","02/24/2022","08:48A","NO PARKING-STREET CLEANING",,"65","0","0","0","65","0","066","K","TRAFFIC",,"View Summons (http://nycserv.nyc.gov/NYCServWeb/ShowImage?searchID=VDBSck0wMXFaM3BQUkZrMFQwRTlQUT09&locationName=_____________________)"
"Y285VU","NY","PAS","8972838743","02/24/2022","09:05A","FIRE HYDRANT",,"115","0","0","0","115","0","066","K","TRAFFIC",,"View Summons (http://nycserv.nyc.gov/NYCServWeb/ShowImage?searchID=VDBSck0wMXFaM3BQUkdNd1RYYzlQUT09&locationName=_____________________)"
"HNP4932","NY","PAS","9113643952","03/13/2024","11:55A","NO STANDING-DAY/TIME LIMITS",,"115","10","0","10","115","0","109","Q","TRAFFIC",,"View Summons (http://nycserv.nyc.gov/NYCServWeb/ShowImage?searchID=VDFSRmVFMTZXVEJOZW1zeFRXYzlQUT09&locationName=_____________________)"
"FSM5148","NY","999","8634443050","04/21/2018",,,,,,,,,,,,,,"View Summons (http://nycserv.nyc.gov/NYCServWeb/ShowImage?searchID=VDBSWmVrNUVVVEJOZWtFeFRVRTlQUT09&locationName=_____________________)"
"HUT7736","NY","PAS","5102996447","07/19/2018","05:20P","FAILURE TO STOP AT RED LIGHT","11/15/2018","50","25","21.58","0.5","96.08","0","000","BK","DEPARTMENT OF TRANSPORTATION",,"View Summons (http://nycserv.nyc.gov/NYCServWeb/ShowImage?searchID=VGxSRmQwMXFhelZPYWxFd1RuYzlQUT09&locationName=_____________________)"
"KHD8581","NY","PAS","4811225053","11/07/2022","09:22P","PHTO SCHOOL ZN SPEED VIOLATION",,"50","0","0","0","50","0","000","QN","DEPARTMENT OF TRANSPORTATION",,"View Summons (http://nycserv.nyc.gov/NYCServWeb/ShowImage?searchID=VGtSbmVFMVVTWGxPVkVFeFRYYzlQUT09&locationName=_____________________)"
"GRP5802","NY","PAS","8841040907","03/09/2021","12:12P","NO PARKING-STREET CLEANING",,"65","0","0","0","65","0","114","Q","TRAFFIC","HEARING HELD-GUILTY","View Summons (http://nycserv.nyc.gov/NYCServWeb/ShowImage?searchID=VDBSbk1FMVVRVEJOUkd0M1RuYzlQUT09&locationName=_____________________)"
"93BD90","NY","LMB","8823978750","04/18/2022","06:55A","WRONG WAY",,"65","10","0","10","65","0","001","NY","TRAFFIC","HEARING HELD-GUILTY","View Summons (http://nycserv.nyc.gov/NYCServWeb/ShowImage?searchID=VDBSbmVVMTZhek5QUkdNeFRVRTlQUT09&locationName=_____________________)"
"24236NA","NY","COM","8823978956","04/18/2022","09:31A","NO STANDING-DAY/TIME LIMITS",,"115","0","0","115","0","0","001","NY","TRAFFIC","HEARING HELD-NOT GUILTY","View Summons (http://nycserv.nyc.gov/NYCServWeb/ShowImage?searchID=VDBSbmVVMTZhek5QUkdzeFRtYzlQUT09&locationName=_____________________)"
"KUY5364","NY","PAS","9064421419","07/03/2023","05:39P","EXPIRED MUNI METER",,"35","0","0","0","35","0","112","Q","TRAFFIC",,"View Summons (http://nycserv.nyc.gov/NYCServWeb/ShowImage?searchID=VDFSQk1rNUVVWGxOVkZGNFQxRTlQUT09&locationName=_____________________)"
"GEU7947","NY","PAS","8584693180","10/19/2022","09:47A","NO STANDING-BUS STOP",,"115","0","0","0","115","0","100","Q","TRAFFIC",,"View Summons (http://nycserv.nyc.gov/NYCServWeb/ShowImage?searchID=VDBSVk5FNUVXVFZOZWtVMFRVRTlQUT09&locationName=_____________________)"
"39293MJ","NY","COM","8584749159","08/03/2022","11:28A","NO STANDING-DAY/TIME LIMITS",,"115","0","0","0","115","0","014","NY","TRAFFIC","HEARING HELD-GUILTY","View Summons (http://nycserv.nyc.gov/NYCServWeb/ShowImage?searchID=VDBSVk5FNUVZekJQVkVVeFQxRTlQUT09&locationName=_____________________)"
"KWR5362","NY","PAS","4811225119","11/07/2022","09:24P","PHTO SCHOOL ZN SPEED VIOLATION",,"50","0","0","0","50","0","000","BX","DEPARTMENT OF TRANSPORTATION",,"View Summons (http://nycserv.nyc.gov/NYCServWeb/ShowImage?searchID=VGtSbmVFMVVTWGxPVkVWNFQxRTlQUT09&locationName=_____________________)"
"HUH2685","NY","PAS","4842468956","05/22/2023","08:28A","PHTO SCHOOL ZN SPEED VIOLATION",,"50","0","0","0","50","0","000","QN","DEPARTMENT OF TRANSPORTATION",,"View Summons (http://nycserv.nyc.gov/NYCServWeb/ShowImage?searchID=VGtSbk1FMXFVVEpQUkdzeFRtYzlQUT09&locationName=_____________________)"
"HZE2579","NY","PAS","9072418992","08/22/2023","01:11P","NO PARKING-STREET CLEANING",,"65","0","0","0","65","0","081","K","TRAFFIC",,"View Summons (http://nycserv.nyc.gov/NYCServWeb/ShowImage?searchID=VDFSQk0wMXFVWGhQUkdzMVRXYzlQUT09&locationName=_____________________)"
"FTT4454","NY","PAS","8841093997","03/03/2021","08:43A","NO PARKING-STREET CLEANING",,"65","0","0","0","65","0","114","Q","TRAFFIC",,"View Summons (http://nycserv.nyc.gov/NYCServWeb/ShowImage?searchID=VDBSbk1FMVVRVFZOZW1zMVRuYzlQUT09&locationName=_____________________)"
"Y285VU","NY","PAS","8972838755","02/24/2022","09:05A","NO PARKING-STREET CLEANING",,"65","0","0","0","65","0","066","K","TRAFFIC",,"View Summons (http://nycserv.nyc.gov/NYCServWeb/ShowImage?searchID=VDBSck0wMXFaM3BQUkdNeFRsRTlQUT09&locationName=_____________________)"
"86189","NY","MED","8973029290","02/24/2022","11:04A","NO STANDING-EXC. TRUCK LOADING",,"95","0","0","0","95","0","061","K","TRAFFIC",,"View Summons (http://nycserv.nyc.gov/NYCServWeb/ShowImage?searchID=VDBSck0wMTZRWGxQVkVrMVRVRTlQUT09&locationName=_____________________)"
"KRH1495","NY","PAS","4842468919","05/22/2023","08:28A","PHTO SCHOOL ZN SPEED VIOLATION",,"50","0","0","0","50","0","000","QN","DEPARTMENT OF TRANSPORTATION",,"View Summons (http://nycserv.nyc.gov/NYCServWeb/ShowImage?searchID=VGtSbk1FMXFVVEpQUkd0NFQxRTlQUT09&locationName=_____________________)"
"JBB4897","NY","PAS","8973992480","02/24/2022","08:49A","NO PARKING-STREET CLEANING",,"65","0","0","0","65","0","072","K","TRAFFIC",,"View Summons (http://nycserv.nyc.gov/NYCServWeb/ShowImage?searchID=VDBSck0wMTZhelZOYWxFMFRVRTlQUT09&locationName=_____________________)"
"KGA8449","NY","PAS","8974294448","02/24/2022","10:10A","NO PARKING-STREET CLEANING",,"65","0","0","0","65","0","068","K","TRAFFIC",,"View Summons (http://nycserv.nyc.gov/NYCServWeb/ShowImage?searchID=VDBSck0wNUVTVFZPUkZFd1QwRTlQUT09&locationName=_____________________)"
"ACH535","MI","PAS","8995161905","06/10/2021","11:48A","NO PARKING-STREET CLEANING",,"65","0","0","0","65","0","094","K","TRAFFIC",,"View Summons (http://nycserv.nyc.gov/NYCServWeb/ShowImage?searchID=VDBSck5VNVVSVEpOVkd0M1RsRTlQUT09&locationName=_____________________)"
"JNK4024","NY","PAS","8994572193","08/12/2021","04:15P","NO STANDING-DAY/TIME LIMITS",,"115","0","0","0","115","0","090","K","TRAFFIC",,"View Summons (http://nycserv.nyc.gov/NYCServWeb/ShowImage?searchID=VDBSck5VNUVWVE5OYWtVMVRYYzlQUT09&locationName=_____________________)"
"JMK6333","NY","PAS","8767127277","01/04/2020","08:18A","INSP. STICKER-EXPIRED/MISSING",,"65","30","0","0","95","0","047","BX","TRAFFIC","HEARING HELD-GUILTY","View Summons (http://nycserv.nyc.gov/NYCServWeb/ShowImage?searchID=VDBSak1rNTZSWGxPZWtrelRuYzlQUT09&locationName=_____________________)"
"12253PD","PA","PAS","8823979493","04/21/2022","08:30A","NO PARKING-DAY/TIME LIMITS",,"65","30","0","0","95","0","009","NY","TRAFFIC",,"View Summons (http://nycserv.nyc.gov/NYCServWeb/ShowImage?searchID=VDBSbmVVMTZhek5QVkZFMVRYYzlQUT09&locationName=_____________________)"
"H21NKL","NJ","PAS","4842468993","05/22/2023","08:29A","PHTO SCHOOL ZN SPEED VIOLATION",,"50","0","0","0","50","0","000","MN","DEPARTMENT OF TRANSPORTATION",,"View Summons (http://nycserv.nyc.gov/NYCServWeb/ShowImage?searchID=VGtSbk1FMXFVVEpQUkdzMVRYYzlQUT09&locationName=_____________________)"
"56437CL","MD","PAS","9085879590","11/02/2023","09:42A","NO PARKING-DAY/TIME LIMITS",,"60","0","0","0","60","0","067","K","TRAFFIC",,"View Summons (http://nycserv.nyc.gov/NYCServWeb/ShowImage?searchID=VDFSQk5FNVVaek5QVkZVMVRVRTlQUT09&locationName=_____________________)"
"BA73155","CT","999","8567835471","11/13/2022","07:41A","NO STANDING-DAY/TIME LIMITS","04/13/2023","115","60","1.12","0.04","176.08","0","047","BX","TRAFFIC",,"View Summons (http://nycserv.nyc.gov/NYCServWeb/ShowImage?searchID=VDBSVk1rNTZaM3BPVkZFelRWRTlQUT09&locationName=_____________________)"
"JMK3563","NY","PAS","8567834879","11/11/2022","07:19A","FRONT OR BACK PLATE MISSING","03/02/2023","65","60","2.6","0","127.6","0","040","BX","TRAFFIC",,"View Summons (http://nycserv.nyc.gov/NYCServWeb/ShowImage?searchID=VDBSVk1rNTZaM3BPUkdjelQxRTlQUT09&locationName=_____________________)"
"KPV7293","NY","PAS","8584776709","06/02/2022","09:47A","NO PARKING-STREET CLEANING","09/22/2022","65","60","1.5","0","126.5","0","075","K","TRAFFIC",,"View Summons (http://nycserv.nyc.gov/NYCServWeb/ShowImage?searchID=VDBSVk5FNUVZek5PYW1OM1QxRTlQUT09&locationName=_____________________)"
"HLA5998","NY","PAS","8584778779","07/01/2022","09:28A","INSP. STICKER-EXPIRED/MISSING","10/20/2022","65","60","0.59","0.09","125.5","0","075","K","TRAFFIC",,"View Summons (http://nycserv.nyc.gov/NYCServWeb/ShowImage?searchID=VDBSVk5FNUVZek5QUkdNelQxRTlQUT09&locationName=_____________________)"
"LBK1244","NY","PAS","4842469006","05/22/2023","08:30A","PHTO SCHOOL ZN SPEED VIOLATION",,"50","0","0","0","50","0","000","BK","DEPARTMENT OF TRANSPORTATION",,"View Summons (http://nycserv.nyc.gov/NYCServWeb/ShowImage?searchID=VGtSbk1FMXFVVEpQVkVGM1RtYzlQUT09&locationName=_____________________)"
"GNS9301","NY","PAS","8584779139","07/02/2022","05:03P","NO STANDING-EXC. TRUCK LOADING","10/20/2022","95","60","0.59","0","155.59","0","084","K","TRAFFIC",,"View Summons (http://nycserv.nyc.gov/NYCServWeb/ShowImage?searchID=VDBSVk5FNUVZek5QVkVWNlQxRTlQUT09&locationName=_____________________)"
"GEH2249","NY","PAS","8584792880","08/18/2022","11:54A","NO PARKING-STREET CLEANING",,"65","30","0","0","95","0","083","K","TRAFFIC",,"View Summons (http://nycserv.nyc.gov/NYCServWeb/ShowImage?searchID=VDBSVk5FNUVZelZOYW1jMFRVRTlQUT09&locationName=_____________________)"
"JEL7381","NY","PAS","9002456219","07/22/2022","07:45A","DOUBLE PARKING",,"115","10","0","0","125","0","075","K","TRAFFIC",,"View Summons (http://nycserv.nyc.gov/NYCServWeb/ShowImage?searchID=VDFSQmQwMXFVVEZPYWtsNFQxRTlQUT09&locationName=_____________________)"
"38394MH","NY","COM","8841094138","03/03/2021","10:21A","FAIL TO DSPLY MUNI METER RECPT",,"35","0","0","5","30","0","114","Q","TRAFFIC","HEARING HELD-GUILTY REDUCTION","View Summons (http://nycserv.nyc.gov/NYCServWeb/ShowImage?searchID=VDBSbk1FMVVRVFZPUkVWNlQwRTlQUT09&locationName=_____________________)"
"ACG5152","NY","PAS","8678993273","07/12/2019","02:11P","NO STANDING-BUS STOP","10/31/2019","115","60","7.33","0.1","182.23","0","062","K","TRAFFIC",,"View Summons (http://nycserv.nyc.gov/NYCServWeb/ShowImage?searchID=VDBSWk0wOUVhelZOZWtrelRYYzlQUT09&locationName=_____________________)"
"KHA1714","NY","PAS","8991937597","10/25/2021","05:13P","NO PARKING-DAY/TIME LIMITS",,"60","0","0","0","60","0","079","K","TRAFFIC",,"View Summons (http://nycserv.nyc.gov/NYCServWeb/ShowImage?searchID=VDBSck5VMVVhM3BPZWxVMVRuYzlQUT09&locationName=_____________________)"
"HRZ2841","NY","PAS","8841094564","03/04/2021","04:14P","EXPIRED MUNI METER",,"35","0","0","0","35","0","110","Q","TRAFFIC",,"View Summons (http://nycserv.nyc.gov/NYCServWeb/ShowImage?searchID=VDBSbk1FMVVRVFZPUkZVeVRrRTlQUT09&locationName=_____________________)"
"GVY8316","NY","PAS","8841094540","03/04/2021","04:07P","REG. STICKER-EXPIRED/MISSING",,"65","0","0","0","65","0","115","Q","TRAFFIC","HEARING HELD-GUILTY","View Summons (http://nycserv.nyc.gov/NYCServWeb/ShowImage?searchID=VDBSbk1FMVVRVFZPUkZVd1RVRTlQUT09&locationName=_____________________)"
"CSF7388","NY","PAS","8864075781","12/07/2021","03:29P","REG. STICKER-EXPIRED/MISSING",,"65","0","0","0","65","0","061","K","TRAFFIC","HEARING HELD-GUILTY","View Summons (http://nycserv.nyc.gov/NYCServWeb/ShowImage?searchID=VDBSbk1rNUVRVE5PVkdNMFRWRTlQUT09&locationName=_____________________)"
"KKF6422","NY","PAS","8957967011","04/21/2021","06:21A","NO STANDING-DAY/TIME LIMITS",,"115","0","0","0","115","0","050","BX","TRAFFIC",,"View Summons (http://nycserv.nyc.gov/NYCServWeb/ShowImage?searchID=VDBSck1VNTZhekpPZWtGNFRWRTlQUT09&locationName=_____________________)"
"KEV8674","NY","PAS","9005774952","09/09/2022","00:15A","NO STANDING-DAY/TIME LIMITS","12/29/2022","115","60","1.51","0.22","176.29","0","047","BX","TRAFFIC",,"View Summons (http://nycserv.nyc.gov/NYCServWeb/ShowImage?searchID=VDFSQmQwNVVZek5PUkdzeFRXYzlQUT09&locationName=_____________________)"
"KLX7584","NY","PAS","8584836603","07/16/2022","11:22A","INSP. STICKER-EXPIRED/MISSING","11/03/2022","65","60","0.15","0.03","125.12","0","070","K","TRAFFIC",,"View Summons (http://nycserv.nyc.gov/NYCServWeb/ShowImage?searchID=VDBSVk5FNUVaM3BPYWxsM1RYYzlQUT09&locationName=_____________________)"
"T521409C","NY","OMT","4842469031","05/22/2023","08:31A","PHTO SCHOOL ZN SPEED VIOLATION",,"50","0","0","0","50","0","000","MN","DEPARTMENT OF TRANSPORTATION",,"View Summons (http://nycserv.nyc.gov/NYCServWeb/ShowImage?searchID=VGtSbk1FMXFVVEpQVkVGNlRWRTlQUT09&locationName=_____________________)"
"88583MA","NY","COM","4842469092","05/22/2023","08:32A","PHTO SCHOOL ZN SPEED VIOLATION","08/17/2023","50","25","1.01","0.06","75.95","0","000","QN","DEPARTMENT OF TRANSPORTATION",,"View Summons (http://nycserv.nyc.gov/NYCServWeb/ShowImage?searchID=VGtSbk1FMXFVVEpQVkVFMVRXYzlQUT09&locationName=_____________________)"
"CLWZ459","ON","PAS","9005774940","09/09/2022","00:13A","SAFETY ZONE","04/13/2023","115","60","0.57","0.08","175.49","0","047","BX","TRAFFIC",,"View Summons (http://nycserv.nyc.gov/NYCServWeb/ShowImage?searchID=VDFSQmQwNVVZek5PUkdzd1RVRTlQUT09&locationName=_____________________)"
"KLM6606","NY","PAS","8974294497","02/24/2022","10:30A","NO PARKING-STREET CLEANING",,"65","0","0","0","65","0","068","K","TRAFFIC",,"View Summons (http://nycserv.nyc.gov/NYCServWeb/ShowImage?searchID=VDBSck0wNUVTVFZPUkZFMVRuYzlQUT09&locationName=_____________________)"
"KYV9246","NY","PAS","4811225120","11/07/2022","09:25P","PHTO SCHOOL ZN SPEED VIOLATION","02/02/2023","50","25","0.04","0.01","75.03","0","000","MN","DEPARTMENT OF TRANSPORTATION",,"View Summons (http://nycserv.nyc.gov/NYCServWeb/ShowImage?searchID=VGtSbmVFMVVTWGxPVkVWNVRVRTlQUT09&locationName=_____________________)"
"KTK8878","NY","PAS","4842469109","05/22/2023","08:32A","PHTO SCHOOL ZN SPEED VIOLATION","08/17/2023","50","25","0.06","0.02","75.04","0","000","BX","DEPARTMENT OF TRANSPORTATION",,"View Summons (http://nycserv.nyc.gov/NYCServWeb/ShowImage?searchID=VGtSbk1FMXFVVEpQVkVWM1QxRTlQUT09&locationName=_____________________)"
"LBB8979","NY","PAS","9072419017","08/22/2023","01:13P","NO PARKING-STREET CLEANING",,"65","30","0","20","75","0","081","K","TRAFFIC",,"View Summons (http://nycserv.nyc.gov/NYCServWeb/ShowImage?searchID=VDFSQk0wMXFVWGhQVkVGNFRuYzlQUT09&locationName=_____________________)"
"FPS1235","NY","PAS","8974489703","02/24/2022","12:06P","NO PARKING-STREET CLEANING",,"65","0","0","0","65","0","078","K","TRAFFIC",,"View Summons (http://nycserv.nyc.gov/NYCServWeb/ShowImage?searchID=VDBSck0wNUVVVFJQVkdOM1RYYzlQUT09&locationName=_____________________)"
"GNG4396","NY","PAS","8841094667","03/05/2021","08:41A","NO PARKING-STREET CLEANING",,"65","0","0","0","65","0","114","Q","TRAFFIC",,"View Summons (http://nycserv.nyc.gov/NYCServWeb/ShowImage?searchID=VDBSbk1FMVVRVFZPUkZreVRuYzlQUT09&locationName=_____________________)"
"GCZY24","FL","PAS","8974638563","02/24/2022","11:41A","NO STANDING-EXC. TRUCK LOADING",,"95","0","0","0","95","0","076","K","TRAFFIC",,"View Summons (http://nycserv.nyc.gov/NYCServWeb/ShowImage?searchID=VDBSck0wNUVXWHBQUkZVeVRYYzlQUT09&locationName=_____________________)"
"TTBB","VA","PAS","9105541190","01/25/2024","06:04A","NO PARKING-DAY/TIME LIMITS",,"60","0","0","0","60","0","078","K","TRAFFIC",,"View Summons (http://nycserv.nyc.gov/NYCServWeb/ShowImage?searchID=VDFSRmQwNVVWVEJOVkVVMVRVRTlQUT09&locationName=_____________________)"
"JHS8817","NY","PAS","8991937690","10/26/2021","10:03A","NO PARKING-STREET CLEANING",,"65","0","0","0","65","0","088","K","TRAFFIC","HEARING HELD-GUILTY","View Summons (http://nycserv.nyc.gov/NYCServWeb/ShowImage?searchID=VDBSck5VMVVhM3BPZWxrMVRVRTlQUT09&locationName=_____________________)"
"PC60060","DE","PAS","8634638741","07/06/2018",,,,,,,,,,,,,,"View Summons (http://nycserv.nyc.gov/NYCServWeb/ShowImage?searchID=VDBSWmVrNUVXWHBQUkdNd1RWRTlQUT09&locationName=_____________________)"
"JFX7207","NY","PAS","8841094898","03/05/2021","11:31A","NO PARKING-DAY/TIME LIMITS",,"60","0","0","0","60","0","114","Q","TRAFFIC",,"View Summons (http://nycserv.nyc.gov/NYCServWeb/ShowImage?searchID=VDBSbk1FMVVRVFZPUkdjMVQwRTlQUT09&locationName=_____________________)"
"KXN6858","NY","PAS","9021773867","12/09/2022","06:10P","NO STANDING-DAY/TIME LIMITS",,"115","30","0","0","145","0","115","Q","TRAFFIC",,"View Summons (http://nycserv.nyc.gov/NYCServWeb/ShowImage?searchID=VDFSQmVVMVVZek5OZW1jeVRuYzlQUT09&locationName=_____________________)"
"KDA4424","NY","PAS","8850379730","06/10/2021","06:37A","NO PARKING-STREET CLEANING",,"65","0","0","0","65","0","112","Q","TRAFFIC",,"View Summons (http://nycserv.nyc.gov/NYCServWeb/ShowImage?searchID=VDBSbk1VMUVUVE5QVkdONlRVRTlQUT09&locationName=_____________________)"
"2206PRA","MN","PAS","8634643130","07/23/2018","09:41A","PLTFRM LFTS LWRD POS COMM VEH",,"65","10","0","0","75","0","019","NY","TRAFFIC","HEARING HELD-GUILTY","View Summons (http://nycserv.nyc.gov/NYCServWeb/ShowImage?searchID=VDBSWmVrNUVXVEJOZWtWNlRVRTlQUT09&locationName=_____________________)"
"AGB8062","NY","PAS","4842469201","05/22/2023","08:34A","PHTO SCHOOL ZN SPEED VIOLATION",,"50","0","0","0","50","0","000","QN","DEPARTMENT OF TRANSPORTATION",,"View Summons (http://nycserv.nyc.gov/NYCServWeb/ShowImage?searchID=VGtSbk1FMXFVVEpQVkVsM1RWRTlQUT09&locationName=_____________________)"
"JKW7973","NY","PAS","4842469171","05/22/2023","08:33A","PHTO SCHOOL ZN SPEED VIOLATION","08/17/2023","50","25","0.08","0.04","75.04","0","000","BX","DEPARTMENT OF TRANSPORTATION",,"View Summons (http://nycserv.nyc.gov/NYCServWeb/ShowImage?searchID=VGtSbk1FMXFVVEpQVkVVelRWRTlQUT09&locationName=_____________________)"
"GRA4264","NY","PAS","5103021882","07/22/2018","01:30P","FAILURE TO STOP AT RED LIGHT","11/15/2018","50","25","23.96","0.08","98.88","0","000","BK","DEPARTMENT OF TRANSPORTATION",,"View Summons (http://nycserv.nyc.gov/NYCServWeb/ShowImage?searchID=VGxSRmQwMTZRWGxOVkdjMFRXYzlQUT09&locationName=_____________________)"
"GCP5959","NY","PAS","8974743814","02/23/2022","01:01P","FAIL TO DSPLY MUNI METER RECPT",,"35","0","0","0","35","0","062","K","TRAFFIC",,"View Summons (http://nycserv.nyc.gov/NYCServWeb/ShowImage?searchID=VDBSck0wNUVZekJOZW1kNFRrRTlQUT09&locationName=_____________________)"
"EWC7651","NY","PAS","8974743978","02/24/2022","11:55A","NO PARKING-STREET CLEANING",,"65","0","0","0","65","0","068","K","TRAFFIC",,"View Summons (http://nycserv.nyc.gov/NYCServWeb/ShowImage?searchID=VDBSck0wNUVZekJOZW1zelQwRTlQUT09&locationName=_____________________)"
"HVF2520","NY","PAS","8975244921","02/23/2022","11:42A","NO PARKING-STREET CLEANING",,"65","0","0","0","65","0","075","K","TRAFFIC",,"View Summons (http://nycserv.nyc.gov/NYCServWeb/ShowImage?searchID=VDBSck0wNVVTVEJPUkd0NVRWRTlQUT09&locationName=_____________________)"
"KRP1629","NY","PAS","8975245524","02/24/2022","09:13A","NO PARKING-STREET CLEANING",,"65","0","0","0","65","0","070","K","TRAFFIC",,"View Summons (http://nycserv.nyc.gov/NYCServWeb/ShowImage?searchID=VDBSck0wNVVTVEJPVkZWNVRrRTlQUT09&locationName=_____________________)"
"KLH9589","NY","PAS","9064421468","07/05/2023","04:29P","REG. STICKER-EXPIRED/MISSING","10/19/2023","65","60","0.18","0.12","125.06","0","106","Q","TRAFFIC",,"View Summons (http://nycserv.nyc.gov/NYCServWeb/ShowImage?searchID=VDFSQk1rNUVVWGxOVkZFeVQwRTlQUT09&locationName=_____________________)"
"74554ME","NY","COM","8975476960","02/23/2022","01:26P","FRONT OR BACK PLATE MISSING",,"65","0","0","65","0","0","062","K","TRAFFIC","HEARING HELD-NOT GUILTY","View Summons (http://nycserv.nyc.gov/NYCServWeb/ShowImage?searchID=VDBSck0wNVVVVE5PYW1zeVRVRTlQUT09&locationName=_____________________)"
"G61RCS","NJ","PAS","4842469183","05/22/2023","08:33A","PHTO SCHOOL ZN SPEED VIOLATION",,"50","0","0","0","50","0","000","MN","DEPARTMENT OF TRANSPORTATION",,"View Summons (http://nycserv.nyc.gov/NYCServWeb/ShowImage?searchID=VGtSbk1FMXFVVEpQVkVVMFRYYzlQUT09&locationName=_____________________)"
"KPY8430","NY","PAS","9072419030","08/22/2023","01:15P","NO PARKING-STREET CLEANING",,"65","10","0","0","75","0","081","K","TRAFFIC",,"View Summons (http://nycserv.nyc.gov/NYCServWeb/ShowImage?searchID=VDFSQk0wMXFVWGhQVkVGNlRVRTlQUT09&locationName=_____________________)"
"LMZ7784","PA","PAS","8841094904","03/05/2021","12:02P","FAIL TO DSPLY MUNI METER RECPT",,"35","0","0","0","35","0","114","Q","TRAFFIC",,"View Summons (http://nycserv.nyc.gov/NYCServWeb/ShowImage?searchID=VDBSbk1FMVVRVFZPUkd0M1RrRTlQUT09&locationName=_____________________)"
"57766MJ","NY","COM","8823979780","04/22/2022","07:29A","NO STANDING-DAY/TIME LIMITS",,"115","0","0","115","0","0","001","NY","TRAFFIC","HEARING HELD-NOT GUILTY","View Summons (http://nycserv.nyc.gov/NYCServWeb/ShowImage?searchID=VDBSbmVVMTZhek5QVkdNMFRVRTlQUT09&locationName=_____________________)"
"DRU5913","NY","PAS","8975476984","02/23/2022","01:30P","FRONT OR BACK PLATE MISSING",,"65","0","0","65","0","0","062","K","TRAFFIC","HEARING HELD-NOT GUILTY","View Summons (http://nycserv.nyc.gov/NYCServWeb/ShowImage?searchID=VDBSck0wNVVVVE5PYW1zMFRrRTlQUT09&locationName=_____________________)"
"KEF9086","NY","PAS","9105541268","01/25/2024","07:27A","NO STANDING-EXC. AUTH. VEHICLE",,"95","0","0","0","95","0","078","K","TRAFFIC",,"View Summons (http://nycserv.nyc.gov/NYCServWeb/ShowImage?searchID=VDFSRmQwNVVWVEJOVkVreVQwRTlQUT09&locationName=_____________________)"
"2641","NY","VAS","9081486287","09/28/2023","02:23P","NO PARKING-DAY/TIME LIMITS",,"65","10","0","0","75","0","009","NY","TRAFFIC",,"View Summons (http://nycserv.nyc.gov/NYCServWeb/ShowImage?searchID=VDFSQk5FMVVVVFJPYWtrMFRuYzlQUT09&locationName=_____________________)"
"HCW3654","NY","PAS","8975765556","02/24/2022","08:53A","REG. STICKER-EXPIRED/MISSING",,"65","0","0","0","65","0","070","K","TRAFFIC",,"View Summons (http://nycserv.nyc.gov/NYCServWeb/ShowImage?searchID=VDBSck0wNVVZekpPVkZVeFRtYzlQUT09&locationName=_____________________)"
"HWX7985","NY","PAS","8975159190","05/19/2021","07:44A","NO PARKING-STREET CLEANING",,"65","0","0","0","65","0","072","K","TRAFFIC",,"View Summons (http://nycserv.nyc.gov/NYCServWeb/ShowImage?searchID=VDBSck0wNVVSVEZQVkVVMVRVRTlQUT09&locationName=_____________________)"
"FRY9599","NY","PAS","8991937913","11/01/2021","02:08P","REG. STICKER-EXPIRED/MISSING",,"65","0","0","0","65","0","077","K","TRAFFIC",,"View Summons (http://nycserv.nyc.gov/NYCServWeb/ShowImage?searchID=VDBSck5VMVVhM3BPZW10NFRYYzlQUT09&locationName=_____________________)"
"AR69305","CT","PAS","8823669315","03/01/2021",,,,,,,,,,,,,,"View Summons (http://nycserv.nyc.gov/NYCServWeb/ShowImage?searchID=VDBSbmVVMTZXVEpQVkUxNFRsRTlQUT09&locationName=_____________________)"
"N6A900","NY","PAS","8975158913","05/12/2021","06:46A","NO STANDING-BUS STOP",,"115","0","0","0","115","0","066","K","TRAFFIC",,"View Summons (http://nycserv.nyc.gov/NYCServWeb/ShowImage?searchID=VDBSck0wNVVSVEZQUkd0NFRYYzlQUT09&locationName=_____________________)"
"HPX3258","NY","PAS","9064421547","07/05/2023","05:53P","INSP. STICKER-EXPIRED/MISSING",,"65","0","0","0","65","0","106","Q","TRAFFIC",,"View Summons (http://nycserv.nyc.gov/NYCServWeb/ShowImage?searchID=VDFSQk1rNUVVWGxOVkZVd1RuYzlQUT09&locationName=_____________________)"
"KNN9306","NY","PAS","8584846440","10/10/2022","11:25A","FAIL TO DSPLY MUNI METER RECPT",,"35","0","0","0","35","0","060","K","TRAFFIC",,"View Summons (http://nycserv.nyc.gov/NYCServWeb/ShowImage?searchID=VDBSVk5FNUVaekJPYWxFd1RVRTlQUT09&locationName=_____________________)"
"T805634C","NY","OMT","8850379780","06/10/2021","06:45A","NO PARKING-STREET CLEANING",,"65","0","0","0","65","0","112","Q","TRAFFIC",,"View Summons (http://nycserv.nyc.gov/NYCServWeb/ShowImage?searchID=VDBSbk1VMUVUVE5QVkdNMFRVRTlQUT09&locationName=_____________________)"
"KWE2811","NY","PAS","8584868653","10/12/2022","02:52P","REG. STICKER-EXPIRED/MISSING",,"65","0","0","0","65","0","094","K","TRAFFIC",,"View Summons (http://nycserv.nyc.gov/NYCServWeb/ShowImage?searchID=VDBSVk5FNUVaekpQUkZreFRYYzlQUT09&locationName=_____________________)"
"KPT8448","NY","PAS","4842469237","05/22/2023","08:34A","PHTO SCHOOL ZN SPEED VIOLATION",,"50","0","0","0","50","0","000","ST","DEPARTMENT OF TRANSPORTATION",,"View Summons (http://nycserv.nyc.gov/NYCServWeb/ShowImage?searchID=VGtSbk1FMXFVVEpQVkVsNlRuYzlQUT09&locationName=_____________________)"
"KDT3904","NY","PAS","8991937901","11/01/2021","02:01P","INSP. STICKER-EXPIRED/MISSING",,"65","0","0","0","65","0","077","K","TRAFFIC",,"View Summons (http://nycserv.nyc.gov/NYCServWeb/ShowImage?searchID=VDBSck5VMVVhM3BPZW10M1RWRTlQUT09&locationName=_____________________)"
"AMIR007","NJ","PAS","9081486317","09/28/2023","04:53P","NO STANDING-COMM METER ZONE",,"115","0","0","0","115","0","009","NY","TRAFFIC",,"View Summons (http://nycserv.nyc.gov/NYCServWeb/ShowImage?searchID=VDFSQk5FMVVVVFJPYWsxNFRuYzlQUT09&locationName=_____________________)"
"JHM3064","NY","PAS","8850379833","06/10/2021","07:19A","NO STANDING-DAY/TIME LIMITS",,"115","0","0","115","0","0","112","Q","TRAFFIC","HEARING HELD-NOT GUILTY","View Summons (http://nycserv.nyc.gov/NYCServWeb/ShowImage?searchID=VDBSbk1VMUVUVE5QVkdkNlRYYzlQUT09&locationName=_____________________)"
"HPH6183","NY","PAS","8841116559","03/05/2021","11:14A","FAIL TO DSPLY MUNI METER RECPT",,"35","0","0","35","0","0","109","Q","TRAFFIC","HEARING HELD-NOT GUILTY","View Summons (http://nycserv.nyc.gov/NYCServWeb/ShowImage?searchID=VDBSbk1FMVVSWGhPYWxVeFQxRTlQUT09&locationName=_____________________)"
"KJK9924","NY","PAS","8841116468","03/04/2021","11:02A","REG. STICKER-EXPIRED/MISSING",,"65","0","0","0","65","0","109","Q","TRAFFIC",,"View Summons (http://nycserv.nyc.gov/NYCServWeb/ShowImage?searchID=VDBSbk1FMVVSWGhPYWxFeVQwRTlQUT09&locationName=_____________________)"
"HBR2883","NY","PAS","8841116341","03/03/2021","12:17P","FAIL TO DSPLY MUNI METER RECPT",,"35","0","0","35","0","0","109","Q","TRAFFIC","HEARING HELD-NOT GUILTY","View Summons (http://nycserv.nyc.gov/NYCServWeb/ShowImage?searchID=VDBSbk1FMVVSWGhPYWswd1RWRTlQUT09&locationName=_____________________)"
"B15NMW","NJ","PAS","8976468119","02/24/2022","04:51P","FAIL TO DSPLY MUNI METER RECPT",,"35","0","0","0","35","0","066","K","TRAFFIC",,"View Summons (http://nycserv.nyc.gov/NYCServWeb/ShowImage?searchID=VDBSck0wNXFVVEpQUkVWNFQxRTlQUT09&locationName=_____________________)"
"48509MK","NY","COM","8841116262","03/03/2021","09:50A","FAIL TO DSPLY MUNI METER RECPT",,"35","0","0","5","30","0","109","Q","TRAFFIC","HEARING HELD-GUILTY REDUCTION","View Summons (http://nycserv.nyc.gov/NYCServWeb/ShowImage?searchID=VDBSbk1FMVVSWGhPYWtreVRXYzlQUT09&locationName=_____________________)"
"KTP9303","NY","PAS","8976534049","02/23/2022","10:10A","FAIL TO DSPLY MUNI METER RECPT",,"35","0","0","35","0","0","066","K","TRAFFIC","HEARING HELD-NOT GUILTY","View Summons (http://nycserv.nyc.gov/NYCServWeb/ShowImage?searchID=VDBSck0wNXFWWHBPUkVFd1QxRTlQUT09&locationName=_____________________)"
"FTB4540","NY","PAS","8850379808","06/10/2021","07:13A","NO STANDING-DAY/TIME LIMITS",,"115","0","0","0","115","0","112","Q","TRAFFIC",,"View Summons (http://nycserv.nyc.gov/NYCServWeb/ShowImage?searchID=VDBSbk1VMUVUVE5QVkdkM1QwRTlQUT09&locationName=_____________________)"
"KUL8816","NY","PAS","8976691453","02/24/2022","06:11A","FIRE HYDRANT",,"115","0","0","0","115","0","075","K","TRAFFIC",,"View Summons (http://nycserv.nyc.gov/NYCServWeb/ShowImage?searchID=VDBSck0wNXFXVFZOVkZFeFRYYzlQUT09&locationName=_____________________)"
"KGS8138","NY","PAS","8850379924","06/10/2021","08:40A","NO PARKING-STREET CLEANING",,"65","0","0","0","65","0","112","Q","TRAFFIC",,"View Summons (http://nycserv.nyc.gov/NYCServWeb/ShowImage?searchID=VDBSbk1VMUVUVE5QVkd0NVRrRTlQUT09&locationName=_____________________)"
"HVL2603","NY","PAS","8850379973","06/10/2021","09:52A","NO PARKING-STREET CLEANING",,"65","0","0","0","65","0","112","Q","TRAFFIC",,"View Summons (http://nycserv.nyc.gov/NYCServWeb/ShowImage?searchID=VDBSbk1VMUVUVE5QVkdzelRYYzlQUT09&locationName=_____________________)"
"KGF6404","NY","PAS","8957969585","04/28/2021","08:08A","FIRE HYDRANT",,"115","0","0","0","115","0","052","BX","TRAFFIC","HEARING HELD-GUILTY","View Summons (http://nycserv.nyc.gov/NYCServWeb/ShowImage?searchID=VDBSck1VNTZhekpQVkZVMFRsRTlQUT09&locationName=_____________________)"
"JBB2901","NY","PAS","8994572545","08/17/2021","03:01P","FRONT OR BACK PLATE MISSING",,"65","0","0","65","0","0","073","K","TRAFFIC","HEARING HELD-NOT GUILTY","View Summons (http://nycserv.nyc.gov/NYCServWeb/ShowImage?searchID=VDBSck5VNUVWVE5OYWxVd1RsRTlQUT09&locationName=_____________________)"
"JJF4204","NY","PAS","8991937962","11/01/2021","02:55P","FIRE HYDRANT",,"115","0","0","0","115","0","077","K","TRAFFIC",,"View Summons (http://nycserv.nyc.gov/NYCServWeb/ShowImage?searchID=VDBSck5VMVVhM3BPZW1zeVRXYzlQUT09&locationName=_____________________)"
"ELU3306","NY","PAS","4842469249","05/22/2023","08:34A","PHTO SCHOOL ZN SPEED VIOLATION",,"50","0","0","0","50","0","000","ST","DEPARTMENT OF TRANSPORTATION",,"View Summons (http://nycserv.nyc.gov/NYCServWeb/ShowImage?searchID=VGtSbk1FMXFVVEpQVkVrd1QxRTlQUT09&locationName=_____________________)"
"13878JU","NY","COM","8823980380","04/26/2022","06:50A","NO PARKING-DAY/TIME LIMITS",,"65","10","0","0","75","0","006","NY","TRAFFIC","HEARING HELD-GUILTY REDUCTION","View Summons (http://nycserv.nyc.gov/NYCServWeb/ShowImage?searchID=VDBSbmVVMTZhelJOUkUwMFRVRTlQUT09&locationName=_____________________)"
"KHA6726","NY","PAS","9085879656","11/02/2023","11:28A","NO PARKING-STREET CLEANING",,"65","0","0","0","65","0","067","K","TRAFFIC",,"View Summons (http://nycserv.nyc.gov/NYCServWeb/ShowImage?searchID=VDFSQk5FNVVaek5QVkZreFRtYzlQUT09&locationName=_____________________)"
"JPB8039","NY","PAS","8850379894","06/10/2021","08:06A","NO PARKING-STREET CLEANING",,"65","0","0","0","65","0","112","Q","TRAFFIC",,"View Summons (http://nycserv.nyc.gov/NYCServWeb/ShowImage?searchID=VDBSbk1VMUVUVE5QVkdjMVRrRTlQUT09&locationName=_____________________)"
"FMH9426","NY","PAS","8850379912","06/10/2021","08:39A","NO PARKING-STREET CLEANING",,"65","0","0","0","65","0","112","Q","TRAFFIC",,"View Summons (http://nycserv.nyc.gov/NYCServWeb/ShowImage?searchID=VDBSbk1VMUVUVE5QVkd0NFRXYzlQUT09&locationName=_____________________)"
"BEC8343","NY","PAS","8850379936","06/10/2021","08:47A","NO PARKING-STREET CLEANING",,"65","0","0","0","65","0","112","Q","TRAFFIC",,"View Summons (http://nycserv.nyc.gov/NYCServWeb/ShowImage?searchID=VDBSbk1VMUVUVE5QVkd0NlRtYzlQUT09&locationName=_____________________)"
"KRU8812","NY","PAS","9085879644","11/02/2023","10:07A","INSP. STICKER-EXPIRED/MISSING",,"65","60","0","0","125","0","067","K","TRAFFIC",,"View Summons (http://nycserv.nyc.gov/NYCServWeb/ShowImage?searchID=VDFSQk5FNVVaek5QVkZrd1RrRTlQUT09&locationName=_____________________)"
"KUL8816","NY","PAS","8976691465","02/24/2022","06:12A","INSP. STICKER-EXPIRED/MISSING",,"65","0","0","0","65","0","075","K","TRAFFIC",,"View Summons (http://nycserv.nyc.gov/NYCServWeb/ShowImage?searchID=VDBSck0wNXFXVFZOVkZFeVRsRTlQUT09&locationName=_____________________)"
"HBN3239","NY","999","8976691556","02/24/2022","06:31A","REG. STICKER-EXPIRED/MISSING",,"65","0","0","65","0","0","075","K","TRAFFIC","HEARING HELD-NOT GUILTY","View Summons (http://nycserv.nyc.gov/NYCServWeb/ShowImage?searchID=VDBSck0wNXFXVFZOVkZVeFRtYzlQUT09&locationName=_____________________)"
"GRF4933","NY","PAS","1381008793","03/24/2015",,,,,,,,,,,,,,"View Summons (http://nycserv.nyc.gov/NYCServWeb/ShowImage?searchID=VFZSTk5FMVVRWGRQUkdNMVRYYzlQUT09&locationName=_____________________)"
"KDD2912","NY","PAS","9002456906","07/22/2022","10:23A","NO PARKING-STREET CLEANING",,"65","0","0","0","65","0","075","K","TRAFFIC",,"View Summons (http://nycserv.nyc.gov/NYCServWeb/ShowImage?searchID=VDFSQmQwMXFVVEZPYW10M1RtYzlQUT09&locationName=_____________________)"
"FTG8879","NY","PAS","8977193849","02/23/2022","10:32A","REG. STICKER-EXPIRED/MISSING",,"65","0","0","65","0","0","070","K","TRAFFIC","HEARING HELD-NOT GUILTY","View Summons (http://nycserv.nyc.gov/NYCServWeb/ShowImage?searchID=VDBSck0wNTZSVFZOZW1jd1QxRTlQUT09&locationName=_____________________)"
"KBA5816","NC","PAS","9002456890","07/22/2022","10:18A","NO PARKING-STREET CLEANING",,"65","10","0","0","75","0","075","K","TRAFFIC",,"View Summons (http://nycserv.nyc.gov/NYCServWeb/ShowImage?searchID=VDFSQmQwMXFVVEZPYW1jMVRVRTlQUT09&locationName=_____________________)"
"BB36417","CT","PAS","9007711623","09/14/2022","08:08A","NO PARKING-STREET CLEANING",,"65","10","0","10","65","0","052","BX","TRAFFIC",,"View Summons (http://nycserv.nyc.gov/NYCServWeb/ShowImage?searchID=VDFSQmQwNTZZM2hOVkZsNVRYYzlQUT09&locationName=_____________________)"
"KSE6739","NY","PAS","9007712860","09/20/2022","09:51A","FAIL TO DSPLY MUNI METER RECPT",,"35","0","0","0","35","0","048","BX","TRAFFIC",,"View Summons (http://nycserv.nyc.gov/NYCServWeb/ShowImage?searchID=VDFSQmQwNTZZM2hOYW1jeVRVRTlQUT09&locationName=_____________________)"
"KEP8404","NY","PAS","8977598436","02/23/2022","10:08A","NO PARKING-DAY/TIME LIMITS",,"60","0","0","0","60","0","078","K","TRAFFIC",,"View Summons (http://nycserv.nyc.gov/NYCServWeb/ShowImage?searchID=VDBSck0wNTZWVFZQUkZGNlRtYzlQUT09&locationName=_____________________)"
"BK02428","CT","PAS","4842469286","05/22/2023","08:36A","PHTO SCHOOL ZN SPEED VIOLATION",,"50","25","0","0","75","0","000","BK","DEPARTMENT OF TRANSPORTATION",,"View Summons (http://nycserv.nyc.gov/NYCServWeb/ShowImage?searchID=VGtSbk1FMXFVVEpQVkVrMFRtYzlQUT09&locationName=_____________________)"
"P667JY","NY","PAS","8683189016","08/25/2020","12:49P","CROSSWALK",,"115","0","0","0","115","0","084","K","TRAFFIC",,"View Summons (http://nycserv.nyc.gov/NYCServWeb/ShowImage?searchID=VDBSWk5FMTZSVFJQVkVGNFRtYzlQUT09&locationName=_____________________)"
"GBS6941","NY","PAS","8683190420","08/30/2020","04:54P","NON-COMPLIANCE W/ POSTED SIGN",,"60","30","0","20","70","0","084","K","TRAFFIC",,"View Summons (http://nycserv.nyc.gov/NYCServWeb/ShowImage?searchID=VDBSWk5FMTZSVFZOUkZGNVRVRTlQUT09&locationName=_____________________)"
"JLS4911","NY","PAS","8991937974","11/01/2021","03:01P","REG. STICKER-EXPIRED/MISSING",,"65","0","0","0","65","0","077","K","TRAFFIC",,"View Summons (http://nycserv.nyc.gov/NYCServWeb/ShowImage?searchID=VDBSck5VMVVhM3BPZW1zelRrRTlQUT09&locationName=_____________________)"
"FJZ1653","NY","PAS","8864077753","12/14/2021","12:50P","NO PARKING-STREET CLEANING",,"65","0","0","0","65","0","078","K","TRAFFIC",,"View Summons (http://nycserv.nyc.gov/NYCServWeb/ShowImage?searchID=VDBSbk1rNUVRVE5PZW1NeFRYYzlQUT09&locationName=_____________________)"
"L29PBX","NJ","PAS","8584868719","10/12/2022","03:27P","EXPIRED MUNI METER",,"35","0","0","0","35","0","094","K","TRAFFIC",,"View Summons (http://nycserv.nyc.gov/NYCServWeb/ShowImage?searchID=VDBSVk5FNUVaekpQUkdONFQxRTlQUT09&locationName=_____________________)"
"JRS2845","NY","PAS","8683189120","08/25/2020","01:52P","FAIL TO DSPLY MUNI METER RECPT",,"35","0","0","0","35","0","084","K","TRAFFIC","HEARING HELD-GUILTY","View Summons (http://nycserv.nyc.gov/NYCServWeb/ShowImage?searchID=VDBSWk5FMTZSVFJQVkVWNVRVRTlQUT09&locationName=_____________________)"
"KYJ7838","NY","PAS","4811225132","11/07/2022","09:25P","PHTO SCHOOL ZN SPEED VIOLATION",,"50","0","0","0","50","0","000","QN","DEPARTMENT OF TRANSPORTATION",,"View Summons (http://nycserv.nyc.gov/NYCServWeb/ShowImage?searchID=VGtSbmVFMVVTWGxPVkVWNlRXYzlQUT09&locationName=_____________________)"
"KKL1863","NY","PAS","4811225181","11/07/2022","09:27P","PHTO SCHOOL ZN SPEED VIOLATION",,"50","0","0","0","50","0","000","QN","DEPARTMENT OF TRANSPORTATION",,"View Summons (http://nycserv.nyc.gov/NYCServWeb/ShowImage?searchID=VGtSbmVFMVVTWGxPVkVVMFRWRTlQUT09&locationName=_____________________)"
"KMR4731","NY","PAS","4842469316","05/22/2023","08:37A","PHTO SCHOOL ZN SPEED VIOLATION",,"50","25","0","0","75","0","000","QN","DEPARTMENT OF TRANSPORTATION",,"View Summons (http://nycserv.nyc.gov/NYCServWeb/ShowImage?searchID=VGtSbk1FMXFVVEpQVkUxNFRtYzlQUT09&locationName=_____________________)"
"GJZ3448","NY","PAS","9002457030","07/22/2022","11:27A","NO PARKING-STREET CLEANING",,"65","0","0","0","65","0","075","K","TRAFFIC","HEARING HELD-GUILTY","View Summons (http://nycserv.nyc.gov/NYCServWeb/ShowImage?searchID=VDFSQmQwMXFVVEZPZWtGNlRVRTlQUT09&locationName=_____________________)"
"A38KSD","NJ","PAS","8634771933","03/04/2021","03:44P","NO PARKING-DAY/TIME LIMITS",,"60","0","0","0","60","0","084","K","TRAFFIC","HEARING HELD-GUILTY","View Summons (http://nycserv.nyc.gov/NYCServWeb/ShowImage?searchID=VDBSWmVrNUVZek5OVkd0NlRYYzlQUT09&locationName=_____________________)"
"HTL8153","NY","PAS","8562949395","09/22/2018","08:49A","INSP. STICKER-EXPIRED/MISSING","01/10/2019","65","60","46.79","0","171.79","0","103","Q","TRAFFIC",,"View Summons (http://nycserv.nyc.gov/NYCServWeb/ShowImage?searchID=VDBSVk1rMXFhekJQVkUwMVRsRTlQUT09&locationName=_____________________)"
"HHV6079","NY","PAS","8977879218","02/24/2022","03:31P","NO PARKING-DAY/TIME LIMITS",,"60","0","0","0","60","0","067","K","TRAFFIC",,"View Summons (http://nycserv.nyc.gov/NYCServWeb/ShowImage?searchID=VDBSck0wNTZaek5QVkVsNFQwRTlQUT09&locationName=_____________________)"
"KHA6336","NY","PAS","8978240112","02/23/2022","01:49P","FAIL TO DSPLY MUNI METER RECPT",,"35","0","0","35","0","0","061","K","TRAFFIC","HEARING HELD-NOT GUILTY","View Summons (http://nycserv.nyc.gov/NYCServWeb/ShowImage?searchID=VDBSck0wOUVTVEJOUkVWNFRXYzlQUT09&locationName=_____________________)"
"KMJ1367","NY","PAS","8955303403","01/27/2022","09:41A","NO PARKING-STREET CLEANING",,"65","0","0","0","65","0","019","NY","TRAFFIC",,"View Summons (http://nycserv.nyc.gov/NYCServWeb/ShowImage?searchID=VDBSck1VNVVUWGROZWxGM1RYYzlQUT09&locationName=_____________________)"
"3155314","IN","PAS","8913902450","03/03/2021","06:21A","DOUBLE PARKING",,"115","0","0","0","115","0","013","NY","TRAFFIC","HEARING HELD-GUILTY","View Summons (http://nycserv.nyc.gov/NYCServWeb/ShowImage?searchID=VDBScmVFMTZhM2ROYWxFeFRVRTlQUT09&locationName=_____________________)"
"HVD4601","NY","PAS","8634770990","10/20/2020","04:02P","NO STANDING-DAY/TIME LIMITS",,"115","0","0","0","115","0","076","K","TRAFFIC",,"View Summons (http://nycserv.nyc.gov/NYCServWeb/ShowImage?searchID=VDBSWmVrNUVZek5OUkdzMVRVRTlQUT09&locationName=_____________________)"
"EMR8899","NY","PAS","8864077893","12/14/2021","02:06P","FAIL TO DSPLY MUNI METER RECPT",,"35","0","0","0","35","0","078","K","TRAFFIC",,"View Summons (http://nycserv.nyc.gov/NYCServWeb/ShowImage?searchID=VDBSbk1rNUVRVE5PZW1jMVRYYzlQUT09&locationName=_____________________)"
"GVE9047","NY","PAS","8864077820","12/14/2021","01:26P","INSP. STICKER-EXPIRED/MISSING",,"65","0","0","0","65","0","078","K","TRAFFIC",,"View Summons (http://nycserv.nyc.gov/NYCServWeb/ShowImage?searchID=VDBSbk1rNUVRVE5PZW1kNVRVRTlQUT09&locationName=_____________________)"
"KDC7081","NY","PAS","8989186754","08/26/2021","11:30A","NO PARKING-STREET CLEANING",,"65","10","0","10","65","0","075","K","TRAFFIC",,"View Summons (http://nycserv.nyc.gov/NYCServWeb/ShowImage?searchID=VDBSck5FOVVSVFJPYW1NeFRrRTlQUT09&locationName=_____________________)"
"KNR6815","NY","PAS","8584869694","10/18/2022","02:04P","FAIL TO DSPLY MUNI METER RECPT",,"35","0","0","0","35","0","090","K","TRAFFIC",,"View Summons (http://nycserv.nyc.gov/NYCServWeb/ShowImage?searchID=VDBSVk5FNUVaekpQVkZrMVRrRTlQUT09&locationName=_____________________)"
"S57PWW","NJ","PAS","8935890911","11/23/2022","03:35P","NO PARKING-DAY/TIME LIMITS",,"65","30","0","0","95","0","010","NY","TRAFFIC",,"View Summons (http://nycserv.nyc.gov/NYCServWeb/ShowImage?searchID=VDBScmVrNVVaelZOUkd0NFRWRTlQUT09&locationName=_____________________)"
"KSP7002","NY","PAS","8864077900","12/14/2021","02:08P","FAIL TO DSPLY MUNI METER RECPT",,"35","0","0","0","35","0","078","K","TRAFFIC",,"View Summons (http://nycserv.nyc.gov/NYCServWeb/ShowImage?searchID=VDBSbk1rNUVRVE5PZW10M1RVRTlQUT09&locationName=_____________________)"
"JPC5447","NY","PAS","8864077819","12/14/2021","01:12P","REG. STICKER-EXPIRED/MISSING",,"65","0","0","0","65","0","078","K","TRAFFIC",,"View Summons (http://nycserv.nyc.gov/NYCServWeb/ShowImage?searchID=VDBSbk1rNUVRVE5PZW1kNFQxRTlQUT09&locationName=_____________________)"
"HXX1827","NY","PAS","9021774318","12/12/2022","01:09P","NO PARKING-DAY/TIME LIMITS",,"60","30","0","0","90","0","108","Q","TRAFFIC",,"View Summons (http://nycserv.nyc.gov/NYCServWeb/ShowImage?searchID=VDFSQmVVMVVZek5PUkUxNFQwRTlQUT09&locationName=_____________________)"
"GFV7514","NY","PAS","4811225247","11/07/2022","09:32P","PHTO SCHOOL ZN SPEED VIOLATION","02/02/2023","50","25","1.23","0.02","76.21","0","000","BK","DEPARTMENT OF TRANSPORTATION",,"View Summons (http://nycserv.nyc.gov/NYCServWeb/ShowImage?searchID=VGtSbmVFMVVTWGxPVkVrd1RuYzlQUT09&locationName=_____________________)"
"HZU1256","NY","PAS","8567839427","11/30/2022","07:10A","NO PARKING-DAY/TIME LIMITS","04/27/2023","60","60","0.39","0.12","120.27","0","045","BX","TRAFFIC","HEARING HELD-GUILTY","View Summons (http://nycserv.nyc.gov/NYCServWeb/ShowImage?searchID=VDBSVk1rNTZaM3BQVkZGNVRuYzlQUT09&locationName=_____________________)"
"KDU6500","NY","PAS","8683192817","09/29/2020","03:44P","FIRE HYDRANT",,"115","0","0","0","115","0","084","K","TRAFFIC",,"View Summons (http://nycserv.nyc.gov/NYCServWeb/ShowImage?searchID=VDBSWk5FMTZSVFZOYW1kNFRuYzlQUT09&locationName=_____________________)"
"LJX7974","NY","PAS","9113644099","03/14/2024","07:30A","NO STANDING-EXC. TRUCK LOADING",,"95","0","0","0","95","0","109","Q","TRAFFIC",,"View Summons (http://nycserv.nyc.gov/NYCServWeb/ShowImage?searchID=VDFSRmVFMTZXVEJPUkVFMVQxRTlQUT09&locationName=_____________________)"
"FJG9517","NY","PAS","1381008884","04/23/2015",,,,,,,,,,,,,,"View Summons (http://nycserv.nyc.gov/NYCServWeb/ShowImage?searchID=VFZSTk5FMVVRWGRQUkdjMFRrRTlQUT09&locationName=_____________________)"
"HSZ6851","NY","PAS","8995162673","06/17/2021","11:57A","NO PARKING-STREET CLEANING",,"65","0","0","0","65","0","094","K","TRAFFIC",,"View Summons (http://nycserv.nyc.gov/NYCServWeb/ShowImage?searchID=VDBSck5VNVVSVEpOYWxrelRYYzlQUT09&locationName=_____________________)"
"72BD58","NY","LMB","8683192659","09/28/2020","05:15P","NO STANDING-EXC. TRUCK LOADING",,"95","0","0","95","0","0","084","K","TRAFFIC","HEARING HELD-NOT GUILTY","View Summons (http://nycserv.nyc.gov/NYCServWeb/ShowImage?searchID=VDBSWk5FMTZSVFZOYWxreFQxRTlQUT09&locationName=_____________________)"
"KYD5730","NY","PAS","9007714090","09/29/2022","09:00A","FIRE HYDRANT",,"115","0","0","0","115","0","047","BX","TRAFFIC",,"View Summons (http://nycserv.nyc.gov/NYCServWeb/ShowImage?searchID=VDFSQmQwNTZZM2hPUkVFMVRVRTlQUT09&locationName=_____________________)"
"KJA9943","NY","PAS","9085879723","11/02/2023","11:45A","INSP. STICKER-EXPIRED/MISSING","02/22/2024","65","60","0.18","0.12","125.06","0","067","K","TRAFFIC",,"View Summons (http://nycserv.nyc.gov/NYCServWeb/ShowImage?searchID=VDFSQk5FNVVaek5QVkdONVRYYzlQUT09&locationName=_____________________)"
"97823MK","NY","COM","8955505127","02/02/2022","11:30A","FAIL TO DSPLY MUNI METER RECPT",,"65","0","0","25","40","0","019","NY","TRAFFIC","HEARING HELD-GUILTY REDUCTION","View Summons (http://nycserv.nyc.gov/NYCServWeb/ShowImage?searchID=VDBSck1VNVVWWGRPVkVWNVRuYzlQUT09&locationName=_____________________)"
"FYS7273","NY","PAS","8956007895","04/10/2021","09:51P","FIRE HYDRANT",,"115","0","0","0","115","0","032","NY","TRAFFIC",,"View Summons (http://nycserv.nyc.gov/NYCServWeb/ShowImage?searchID=VDBSck1VNXFRWGRPZW1jMVRsRTlQUT09&locationName=_____________________)"
"T684092C","NY","OMT","8956041027","12/03/2021","09:25P","NO STANDING-EXC. TRUCK LOADING",,"95","0","0","0","95","0","009","NY","TRAFFIC",,"View Summons (http://nycserv.nyc.gov/NYCServWeb/ShowImage?searchID=VDBSck1VNXFRVEJOVkVGNVRuYzlQUT09&locationName=_____________________)"
"JFY5692","NY","PAS","8956043670","12/18/2021","07:46P","SAFETY ZONE",,"115","0","0","0","115","0","030","NY","TRAFFIC",,"View Summons (http://nycserv.nyc.gov/NYCServWeb/ShowImage?searchID=VDBSck1VNXFRVEJOZWxrelRVRTlQUT09&locationName=_____________________)"
"K26PGC","NJ","PAS","8956045458","01/12/2022","09:36P","FIRE HYDRANT",,"115","0","0","0","115","0","030","NY","TRAFFIC",,"View Summons (http://nycserv.nyc.gov/NYCServWeb/ShowImage?searchID=VDBSck1VNXFRVEJPVkZFeFQwRTlQUT09&locationName=_____________________)"
"KKE5172","NY","PAS","8994572806","08/18/2021","02:15P","NO STANDING-DAY/TIME LIMITS",,"115","0","0","0","115","0","079","K","TRAFFIC",,"View Summons (http://nycserv.nyc.gov/NYCServWeb/ShowImage?searchID=VDBSck5VNUVWVE5OYW1kM1RtYzlQUT09&locationName=_____________________)"
"T796874C","NY","OMT","8864079830","12/21/2021","12:24P","NO PARKING-STREET CLEANING",,"65","0","0","0","65","0","078","K","TRAFFIC",,"View Summons (http://nycserv.nyc.gov/NYCServWeb/ShowImage?searchID=VDBSbk1rNUVRVE5QVkdkNlRVRTlQUT09&locationName=_____________________)"
"KRM6828","NY","PAS","4842469330","05/22/2023","08:37A","PHTO SCHOOL ZN SPEED VIOLATION",,"50","0","0","0","50","0","000","ST","DEPARTMENT OF TRANSPORTATION",,"View Summons (http://nycserv.nyc.gov/NYCServWeb/ShowImage?searchID=VGtSbk1FMXFVVEpQVkUxNlRVRTlQUT09&locationName=_____________________)"
"DUJ6757","NY","PAS","8244025130","09/30/2016",,,,,,,,,,,,,,"View Summons (http://nycserv.nyc.gov/NYCServWeb/ShowImage?searchID=VDBSSk1FNUVRWGxPVkVWNlRVRTlQUT09&locationName=_____________________)"
"KPY6687","NY","PAS","9064421729","07/06/2023","02:45P","REG. STICKER-EXPIRED/MISSING",,"65","0","0","0","65","0","106","Q","TRAFFIC","HEARING HELD-GUILTY","View Summons (http://nycserv.nyc.gov/NYCServWeb/ShowImage?searchID=VDFSQk1rNUVVWGxOVkdONVQxRTlQUT09&locationName=_____________________)"
"JRY6971","NY","PAS","8823980938","04/27/2022","08:36A","NO PARKING-STREET CLEANING","08/11/2022","65","60","0.15","0.09","125.06","0","007","NY","TRAFFIC",,"View Summons (http://nycserv.nyc.gov/NYCServWeb/ShowImage?searchID=VDBSbmVVMTZhelJOUkd0NlQwRTlQUT09&locationName=_____________________)"
"93969NB","NY","COM","9081494314","09/27/2023","01:17P","NO PARKING-DAY/TIME LIMITS",,"65","0","0","0","65","0","001","NY","TRAFFIC",,"View Summons (http://nycserv.nyc.gov/NYCServWeb/ShowImage?searchID=VDFSQk5FMVVVVFZPUkUxNFRrRTlQUT09&locationName=_____________________)"
"HCA6045","NY","PAS","8864078885","12/17/2021","12:11P","REG. STICKER-EXPIRED/MISSING",,"65","0","0","0","65","0","078","K","TRAFFIC",,"View Summons (http://nycserv.nyc.gov/NYCServWeb/ShowImage?searchID=VDBSbk1rNUVRVE5QUkdjMFRsRTlQUT09&locationName=_____________________)"
"KHX8644","NY","PAS","8956048836","02/16/2022","08:26P","FIRE HYDRANT",,"115","0","0","0","115","0","030","NY","TRAFFIC",,"View Summons (http://nycserv.nyc.gov/NYCServWeb/ShowImage?searchID=VDBSck1VNXFRVEJQUkdkNlRtYzlQUT09&locationName=_____________________)"
"DDG4495","NY","PAS","8956049579","02/18/2022","08:56P","FAIL TO DSPLY MUNI METER RECPT",,"35","0","0","0","35","0","024","NY","TRAFFIC",,"View Summons (http://nycserv.nyc.gov/NYCServWeb/ShowImage?searchID=VDBSck1VNXFRVEJQVkZVelQxRTlQUT09&locationName=_____________________)"
"C95LBN","NJ","PAS","8956163741","05/06/2021","10:07P","FIRE HYDRANT",,"115","0","0","0","115","0","034","NY","TRAFFIC",,"View Summons (http://nycserv.nyc.gov/NYCServWeb/ShowImage?searchID=VDBSck1VNXFSVEpOZW1Nd1RWRTlQUT09&locationName=_____________________)"
"HXX7059","NY","PAS","8957665663","01/20/2022","12:10P","FAIL TO DSPLY MUNI METER RECPT",,"35","0","0","35","0","0","112","Q","TRAFFIC","HEARING HELD-NOT GUILTY","View Summons (http://nycserv.nyc.gov/NYCServWeb/ShowImage?searchID=VDBSck1VNTZXVEpPVkZreVRYYzlQUT09&locationName=_____________________)"
"JRB4784","NY","PAS","8994102061","03/22/2021","02:28P","INSP. STICKER-EXPIRED/MISSING",,"65","0","0","0","65","0","083","K","TRAFFIC",,"View Summons (http://nycserv.nyc.gov/NYCServWeb/ShowImage?searchID=VDBSck5VNUVSWGROYWtFeVRWRTlQUT09&locationName=_____________________)"
"JSC6236","NY","PAS","8958978272","07/08/2021","07:51A","INSP. STICKER-EXPIRED/MISSING",,"65","0","0","0","65","0","048","BX","TRAFFIC","HEARING HELD-GUILTY","View Summons (http://nycserv.nyc.gov/NYCServWeb/ShowImage?searchID=VDBSck1VOUVhek5QUkVrelRXYzlQUT09&locationName=_____________________)"
"JLM2643","NY","PAS","8995163800","06/22/2021","12:13P","NON-COMPLIANCE W/ POSTED SIGN",,"60","0","0","0","60","0","094","K","TRAFFIC",,"View Summons (http://nycserv.nyc.gov/NYCServWeb/ShowImage?searchID=VDBSck5VNVVSVEpOZW1kM1RVRTlQUT09&locationName=_____________________)"
"KLN7849","NY","PAS","8994572995","08/18/2021","04:10P","NO STANDING-EXC. TRUCK LOADING",,"95","0","0","0","95","0","079","K","TRAFFIC",,"View Summons (http://nycserv.nyc.gov/NYCServWeb/ShowImage?searchID=VDBSck5VNUVWVE5OYW1zMVRsRTlQUT09&locationName=_____________________)"
"DJM4019","NY","PAS","8994573021","08/18/2021","04:23P","NO STANDING-BUS STOP",,"115","0","0","0","115","0","079","K","TRAFFIC",,"View Summons (http://nycserv.nyc.gov/NYCServWeb/ShowImage?searchID=VDBSck5VNUVWVE5OZWtGNVRWRTlQUT09&locationName=_____________________)"
"JAG4543","NY","PAS","8991938188","11/02/2021","02:29P","INSP. STICKER-EXPIRED/MISSING",,"65","0","0","0","65","0","083","K","TRAFFIC",,"View Summons (http://nycserv.nyc.gov/NYCServWeb/ShowImage?searchID=VDBSck5VMVVhM3BQUkVVMFQwRTlQUT09&locationName=_____________________)"
"KKP8637","NY","PAS","8991938073","11/02/2021","01:12P","INSP. STICKER-EXPIRED/MISSING",,"65","0","0","0","65","0","083","K","TRAFFIC",,"View Summons (http://nycserv.nyc.gov/NYCServWeb/ShowImage?searchID=VDBSck5VMVVhM3BQUkVFelRYYzlQUT09&locationName=_____________________)"
"KPY6687","NY","PAS","9064421730","07/06/2023","02:46P","INSP. STICKER-EXPIRED/MISSING",,"65","0","0","0","65","0","106","Q","TRAFFIC",,"View Summons (http://nycserv.nyc.gov/NYCServWeb/ShowImage?searchID=VDFSQk1rNUVVWGxOVkdONlRVRTlQUT09&locationName=_____________________)"
"KJL6303","NY","PAS","4842469341","05/22/2023","08:37A","PHTO SCHOOL ZN SPEED VIOLATION",,"50","25","0","0","75","0","000","MN","DEPARTMENT OF TRANSPORTATION",,"View Summons (http://nycserv.nyc.gov/NYCServWeb/ShowImage?searchID=VGtSbk1FMXFVVEpQVkUwd1RWRTlQUT09&locationName=_____________________)"
"KKT1478","NY","PAS","8995164335","06/24/2021","11:41A","FRONT OR BACK PLATE MISSING",,"65","0","0","0","65","0","094","K","TRAFFIC",,"View Summons (http://nycserv.nyc.gov/NYCServWeb/ShowImage?searchID=VDBSck5VNVVSVEpPUkUxNlRsRTlQUT09&locationName=_____________________)"
"HHUJ62","FL","PAS","8994573136","08/19/2021","03:15P","NO STANDING-EXC. TRUCK LOADING",,"95","0","0","0","95","0","075","K","TRAFFIC",,"View Summons (http://nycserv.nyc.gov/NYCServWeb/ShowImage?searchID=VDBSck5VNUVWVE5OZWtWNlRtYzlQUT09&locationName=_____________________)"
"GPR1851","NY","PAS","4842469511","05/22/2023","08:41A","PHTO SCHOOL ZN SPEED VIOLATION",,"50","0","0","0","50","0","000","BX","DEPARTMENT OF TRANSPORTATION",,"View Summons (http://nycserv.nyc.gov/NYCServWeb/ShowImage?searchID=VGtSbk1FMXFVVEpQVkZWNFRWRTlQUT09&locationName=_____________________)"
"DIZZIDEE","NY","SRF","8994573215","08/19/2021","03:44P","ANGLE PARKING",,"45","0","0","0","45","0","075","K","TRAFFIC",,"View Summons (http://nycserv.nyc.gov/NYCServWeb/ShowImage?searchID=VDBSck5VNUVWVE5OZWtsNFRsRTlQUT09&locationName=_____________________)"
"GVA8579","NY","PAS","8865938201","01/26/2022","11:10A","NO PARKING-STREET CLEANING",,"65","0","0","0","65","0","108","Q","TRAFFIC",,"View Summons (http://nycserv.nyc.gov/NYCServWeb/ShowImage?searchID=VDBSbk1rNVVhM3BQUkVsM1RWRTlQUT09&locationName=_____________________)"
"22766MM","NY","COM","9058181315","06/21/2023","12:52P","NO STANDING-BUS STOP",,"115","0","0","0","115","0","028","NY","TRAFFIC","HEARING HELD-GUILTY","View Summons (http://nycserv.nyc.gov/NYCServWeb/ShowImage?searchID=VDFSQk1VOUVSVFJOVkUxNFRsRTlQUT09&locationName=_____________________)"
"FHN6725","NY","PAS","8864080119","12/21/2021","03:08P","EXPIRED MUNI METER",,"35","0","0","0","35","0","078","K","TRAFFIC",,"View Summons (http://nycserv.nyc.gov/NYCServWeb/ShowImage?searchID=VDBSbk1rNUVRVFJOUkVWNFQxRTlQUT09&locationName=_____________________)"
"KZV7986","NY","PAS","9072419250","08/22/2023","05:57P","NO STANDING-BUS STOP",,"115","0","0","0","115","0","081","K","TRAFFIC",,"View Summons (http://nycserv.nyc.gov/NYCServWeb/ShowImage?searchID=VDFSQk0wMXFVWGhQVkVreFRVRTlQUT09&locationName=_____________________)"
"KFP1858","NY","PAS","8995164815","06/29/2021","12:10P","NO PARKING-STREET CLEANING",,"65","0","0","0","65","0","094","K","TRAFFIC",,"View Summons (http://nycserv.nyc.gov/NYCServWeb/ShowImage?searchID=VDBSck5VNVVSVEpPUkdkNFRsRTlQUT09&locationName=_____________________)"
"DFTS57","FL","PAS","8995164426","06/24/2021","11:50A","NO PARKING-STREET CLEANING",,"65","0","0","0","65","0","094","K","TRAFFIC",,"View Summons (http://nycserv.nyc.gov/NYCServWeb/ShowImage?searchID=VDBSck5VNVVSVEpPUkZGNVRtYzlQUT09&locationName=_____________________)"
"3CK8969","MD","PAS","8995164529","06/24/2021","12:02P","NO PARKING-STREET CLEANING",,"65","0","0","0","65","0","094","K","TRAFFIC",,"View Summons (http://nycserv.nyc.gov/NYCServWeb/ShowImage?searchID=VDBSck5VNVVSVEpPUkZWNVQxRTlQUT09&locationName=_____________________)"
"KSD4314","NY","PAS","4842469523","05/22/2023","08:41A","PHTO SCHOOL ZN SPEED VIOLATION",,"50","0","0","0","50","0","000","ST","DEPARTMENT OF TRANSPORTATION",,"View Summons (http://nycserv.nyc.gov/NYCServWeb/ShowImage?searchID=VGtSbk1FMXFVVEpQVkZWNVRYYzlQUT09&locationName=_____________________)"
"KES4941","NY","PAS","9002457893","07/23/2022","04:11P","NO STANDING-BUS STOP",,"115","10","0","0","125","0","060","K","TRAFFIC",,"View Summons (http://nycserv.nyc.gov/NYCServWeb/ShowImage?searchID=VDFSQmQwMXFVVEZPZW1jMVRYYzlQUT09&locationName=_____________________)"
"BF90793","CT","PAS","9058181388","06/21/2023","01:17P","NO PARKING-DAY/TIME LIMITS",,"60","0","0","0","60","0","032","NY","TRAFFIC",,"View Summons (http://nycserv.nyc.gov/NYCServWeb/ShowImage?searchID=VDFSQk1VOUVSVFJOVkUwMFQwRTlQUT09&locationName=_____________________)"
"759DDE","NY","SPO","9021775967","12/03/2022","06:03A","FRONT OR BACK PLATE MISSING",,"65","30","0","0","95","0","108","Q","TRAFFIC",,"View Summons (http://nycserv.nyc.gov/NYCServWeb/ShowImage?searchID=VDFSQmVVMVVZek5PVkdzeVRuYzlQUT09&locationName=_____________________)"
"KMX5263","NY","PAS","9081494387","09/27/2023","01:43P","REG. STICKER-EXPIRED/MISSING",,"65","0","0","0","65","0","001","NY","TRAFFIC","HEARING HELD-GUILTY","View Summons (http://nycserv.nyc.gov/NYCServWeb/ShowImage?searchID=VDFSQk5FMVVVVFZPUkUwMFRuYzlQUT09&locationName=_____________________)"
"LED3740","NY","PAS","9089646486","11/06/2023","03:03P","DOUBLE PARKING",,"115","10","0","0","125","0","034","NY","TRAFFIC","HEARING HELD-GUILTY","View Summons (http://nycserv.nyc.gov/NYCServWeb/ShowImage?searchID=VDFSQk5FOVVXVEJPYWxFMFRtYzlQUT09&locationName=_____________________)"
"QBQB76","FL","PAS","9081494351","09/27/2023","01:34P","NO STANDING-EXC. TRUCK LOADING",,"95","0","0","0","95","0","001","NY","TRAFFIC",,"View Summons (http://nycserv.nyc.gov/NYCServWeb/ShowImage?searchID=VDFSQk5FMVVVVFZPUkUweFRWRTlQUT09&locationName=_____________________)"
"GTB2873","NY","PAS","9113644166","03/14/2024","08:50A","NO PARKING-STREET CLEANING",,"65","0","0","0","65","0","109","Q","TRAFFIC",,"View Summons (http://nycserv.nyc.gov/NYCServWeb/ShowImage?searchID=VDFSRmVFMTZXVEJPUkVVeVRtYzlQUT09&locationName=_____________________)"
"HXV8299","NY","PAS","8995165133","06/30/2021","02:43P","NO STANDING-BUS STOP",,"115","0","0","0","115","0","094","K","TRAFFIC","HEARING HELD-GUILTY","View Summons (http://nycserv.nyc.gov/NYCServWeb/ShowImage?searchID=VDBSck5VNVVSVEpPVkVWNlRYYzlQUT09&locationName=_____________________)"
"23371635","GA","PAS","8542168501","06/06/2018",,,,,,,,,,,,,,"View Summons (http://nycserv.nyc.gov/NYCServWeb/ShowImage?searchID=VDBSVk1FMXFSVEpQUkZWM1RWRTlQUT09&locationName=_____________________)"
"BLF3440","NY","PAS","8542170295","06/16/2018",,,,,,,,,,,,,,"View Summons (http://nycserv.nyc.gov/NYCServWeb/ShowImage?searchID=VDBSVk1FMXFSVE5OUkVrMVRsRTlQUT09&locationName=_____________________)"
"KZG2701","NY","PAS","4842469791","05/22/2023","08:46A","PHTO SCHOOL ZN SPEED VIOLATION","08/17/2023","50","25","1.15","0.07","76.08","0","000","BK","DEPARTMENT OF TRANSPORTATION",,"View Summons (http://nycserv.nyc.gov/NYCServWeb/ShowImage?searchID=VGtSbk1FMXFVVEpQVkdNMVRWRTlQUT09&locationName=_____________________)"
"T766864C","NY","OMT","8760738091","02/06/2020","04:15P","INSP. STICKER-EXPIRED/MISSING","06/16/2022","65","60","0.21","0","125.21","0","044","BX","TRAFFIC",,"View Summons (http://nycserv.nyc.gov/NYCServWeb/ShowImage?searchID=VDBSak1rMUVZM3BQUkVFMVRWRTlQUT09&locationName=_____________________)"
"HFN8986","NY","PAS","8823981840","04/29/2022","09:29A","NO PARKING-STREET CLEANING",,"65","30","0","0","95","0","001","NY","TRAFFIC",,"View Summons (http://nycserv.nyc.gov/NYCServWeb/ShowImage?searchID=VDBSbmVVMTZhelJOVkdjd1RVRTlQUT09&locationName=_____________________)"
"KTH4962","NY","PAS","9002458423","07/25/2022","09:05A","FIRE HYDRANT",,"115","30","0","0","145","0","060","K","TRAFFIC",,"View Summons (http://nycserv.nyc.gov/NYCServWeb/ShowImage?searchID=VDFSQmQwMXFVVEZQUkZGNVRYYzlQUT09&locationName=_____________________)"
"KNR6815","NY","PAS","8584869700","10/18/2022","02:04P","INSP. STICKER-EXPIRED/MISSING",,"65","0","0","0","65","0","090","K","TRAFFIC",,"View Summons (http://nycserv.nyc.gov/NYCServWeb/ShowImage?searchID=VDBSVk5FNUVaekpQVkdOM1RVRTlQUT09&locationName=_____________________)"
"FP113449","IL","PAS","8823981682","04/29/2022","08:09A","NO STANDING-EXC. TRUCK LOADING",,"95","30","0","0","125","0","001","NY","TRAFFIC",,"View Summons (http://nycserv.nyc.gov/NYCServWeb/ShowImage?searchID=VDBSbmVVMTZhelJOVkZrMFRXYzlQUT09&locationName=_____________________)"
"CFC9070","NC","PAS","7777110305","10/06/2014",,,,,,,,,,,,,,"View Summons (http://nycserv.nyc.gov/NYCServWeb/ShowImage?searchID=VG5wak0wNTZSWGhOUkUxM1RsRTlQUT09&locationName=_____________________)"
"KKY8437","NY","PAS","4811225417","11/07/2022","09:36P","PHTO SCHOOL ZN SPEED VIOLATION",,"50","0","0","0","50","0","000","QN","DEPARTMENT OF TRANSPORTATION",,"View Summons (http://nycserv.nyc.gov/NYCServWeb/ShowImage?searchID=VGtSbmVFMVVTWGxPVkZGNFRuYzlQUT09&locationName=_____________________)"
"HVK5486","NY","PAS","8995165200","07/06/2021","11:43A","NO PARKING-STREET CLEANING",,"65","0","0","0","65","0","094","K","TRAFFIC",,"View Summons (http://nycserv.nyc.gov/NYCServWeb/ShowImage?searchID=VDBSck5VNVVSVEpPVkVsM1RVRTlQUT09&locationName=_____________________)"
"KVP6828","NY","PAS","8567841240","12/04/2022","10:48A","NO STANDING-DAY/TIME LIMITS","03/23/2023","115","60","2.11","0.22","176.89","0","047","BX","TRAFFIC",,"View Summons (http://nycserv.nyc.gov/NYCServWeb/ShowImage?searchID=VDBSVk1rNTZaekJOVkVrd1RVRTlQUT09&locationName=_____________________)"
"T91NJU","NJ","PAS","4842469808","05/22/2023","08:46A","PHTO SCHOOL ZN SPEED VIOLATION",,"50","0","0","0","50","0","000","BK","DEPARTMENT OF TRANSPORTATION",,"View Summons (http://nycserv.nyc.gov/NYCServWeb/ShowImage?searchID=VGtSbk1FMXFVVEpQVkdkM1QwRTlQUT09&locationName=_____________________)"
"KHH6068","NY","PAS","8841019864","11/16/2020","10:40A","NO STANDING-DAY/TIME LIMITS",,"115","0","0","0","115","0","115","Q","TRAFFIC","HEARING HELD-GUILTY","View Summons (http://nycserv.nyc.gov/NYCServWeb/ShowImage?searchID=VDBSbk1FMVVRWGhQVkdjeVRrRTlQUT09&locationName=_____________________)"
"RNH7800","GA","PAS","9085879905","11/02/2023","02:44P","NO PARKING-DAY/TIME LIMITS",,"60","0","0","0","60","0","075","K","TRAFFIC",,"View Summons (http://nycserv.nyc.gov/NYCServWeb/ShowImage?searchID=VDFSQk5FNVVaek5QVkd0M1RsRTlQUT09&locationName=_____________________)"
"45BG77","NY","LMB","8913907331","03/19/2021","07:35A","FIRE HYDRANT",,"115","0","0","115","0","0","013","NY","TRAFFIC","HEARING HELD-NOT GUILTY","View Summons (http://nycserv.nyc.gov/NYCServWeb/ShowImage?searchID=VDBScmVFMTZhM2RPZWsxNlRWRTlQUT09&locationName=_____________________)"
"JFJ3399","NY","PAS","9007714351","09/30/2022","08:42A","NO PARKING-STREET CLEANING",,"65","0","0","0","65","0","048","BX","TRAFFIC",,"View Summons (http://nycserv.nyc.gov/NYCServWeb/ShowImage?searchID=VDFSQmQwNTZZM2hPUkUweFRWRTlQUT09&locationName=_____________________)"
"61145NA","NY","COM","8959114261","02/03/2022","02:10P","FAIL TO DSPLY MUNI METER RECPT",,"35","0","0","0","35","0","047","BX","TRAFFIC",,"View Summons (http://nycserv.nyc.gov/NYCServWeb/ShowImage?searchID=VDBSck1VOVVSWGhPUkVreVRWRTlQUT09&locationName=_____________________)"
"CJW8986","NY","PAS","8959159270","02/04/2022","01:39P","INSP. STICKER-EXPIRED/MISSING",,"65","0","0","0","65","0","049","BX","TRAFFIC",,"View Summons (http://nycserv.nyc.gov/NYCServWeb/ShowImage?searchID=VDBSck1VOVVSVEZQVkVrelRVRTlQUT09&locationName=_____________________)"
"JHA5652","NY","PAS","8959159736","02/08/2022","03:14P","INSP. STICKER-EXPIRED/MISSING",,"65","0","0","0","65","0","049","BX","TRAFFIC",,"View Summons (http://nycserv.nyc.gov/NYCServWeb/ShowImage?searchID=VDBSck1VOVVSVEZQVkdONlRtYzlQUT09&locationName=_____________________)"
"HCV6365","NC","PAS","8864080260","12/22/2021","03:41P","FAIL TO DSPLY MUNI METER RECPT",,"35","0","0","0","35","0","061","K","TRAFFIC",,"View Summons (http://nycserv.nyc.gov/NYCServWeb/ShowImage?searchID=VDBSbk1rNUVRVFJOUkVreVRVRTlQUT09&locationName=_____________________)"
"KHF4793","NY","PAS","8823981967","05/02/2022","07:08A","NO PARKING-DAY/TIME LIMITS","08/18/2022","65","60","0.06","0.06","125","0","005","NY","TRAFFIC",,"View Summons (http://nycserv.nyc.gov/NYCServWeb/ShowImage?searchID=VDBSbmVVMTZhelJOVkdzeVRuYzlQUT09&locationName=_____________________)"
"KKJ8359","NY","PAS","8959307968","01/17/2022","04:35P","FAIL TO DSPLY MUNI METER RECPT",,"35","0","0","35","0","0","044","BX","TRAFFIC","HEARING HELD-NOT GUILTY","View Summons (http://nycserv.nyc.gov/NYCServWeb/ShowImage?searchID=VDBSck1VOVVUWGRPZW1zeVQwRTlQUT09&locationName=_____________________)"
"HXS8474","NY","PAS","8960306988","05/17/2021","08:04A","NO STANDING-DAY/TIME LIMITS",,"115","0","0","0","115","0","044","BX","TRAFFIC",,"View Summons (http://nycserv.nyc.gov/NYCServWeb/ShowImage?searchID=VDBSck1rMUVUWGRPYW1zMFQwRTlQUT09&locationName=_____________________)"
"EWL5966","NY","PAS","8960462998","02/16/2022","11:15A","INSP. STICKER-EXPIRED/MISSING",,"65","0","0","0","65","0","049","BX","TRAFFIC",,"View Summons (http://nycserv.nyc.gov/NYCServWeb/ShowImage?searchID=VDBSck1rMUVVVEpOYW1zMVQwRTlQUT09&locationName=_____________________)"
"KHR3499","NY","PAS","8960464247","02/22/2022","03:26P","FAIL TO DSPLY MUNI METER RECPT",,"35","0","0","0","35","0","041","BX","TRAFFIC",,"View Summons (http://nycserv.nyc.gov/NYCServWeb/ShowImage?searchID=VDBSck1rMUVVVEpPUkVrd1RuYzlQUT09&locationName=_____________________)"
"JZK5891","PA","PAS","8960560479","12/16/2021","11:53A","NO PARKING-STREET CLEANING",,"65","0","0","0","65","0","043","BX","TRAFFIC",,"View Summons (http://nycserv.nyc.gov/NYCServWeb/ShowImage?searchID=VDBSck1rMUVWVEpOUkZFelQxRTlQUT09&locationName=_____________________)"
"KSJ5906","NY","PAS","8961633200","02/10/2022","08:45A","NO PARKING-STREET CLEANING",,"65","0","0","0","65","0","046","BX","TRAFFIC",,"View Summons (http://nycserv.nyc.gov/NYCServWeb/ShowImage?searchID=VDBSck1rMVVXWHBOZWtsM1RVRTlQUT09&locationName=_____________________)"
"LSK7229","PA","PAS","8961633211","02/10/2022","08:50A","NO STANDING-EXC. AUTH. VEHICLE",,"95","0","0","0","95","0","046","BX","TRAFFIC",,"View Summons (http://nycserv.nyc.gov/NYCServWeb/ShowImage?searchID=VDBSck1rMVVXWHBOZWtsNFRWRTlQUT09&locationName=_____________________)"
"JHL2985","NY","PAS","8961989352","09/27/2021","03:06P","NO STANDING-DAY/TIME LIMITS",,"115","0","0","0","115","0","048","BX","TRAFFIC","HEARING HELD-GUILTY","View Summons (http://nycserv.nyc.gov/NYCServWeb/ShowImage?searchID=VDBSck1rMVVhelJQVkUweFRXYzlQUT09&locationName=_____________________)"
"ETK5776","NY","PAS","8961999801","11/15/2021","09:04A","NO STANDING-DAY/TIME LIMITS",,"115","0","0","0","115","0","052","BX","TRAFFIC",,"View Summons (http://nycserv.nyc.gov/NYCServWeb/ShowImage?searchID=VDBSck1rMVVhelZQVkdkM1RWRTlQUT09&locationName=_____________________)"
"KPD5513","NY","PAS","8962169137","10/30/2021","12:44P","NO STANDING-BUS STOP",,"115","0","0","0","115","0","046","BX","TRAFFIC",,"View Summons (http://nycserv.nyc.gov/NYCServWeb/ShowImage?searchID=VDBSck1rMXFSVEpQVkVWNlRuYzlQUT09&locationName=_____________________)"
"KGA5033","NY","PAS","8962174200","12/03/2021","11:56A","NO PARKING-STREET CLEANING",,"65","0","0","0","65","0","049","BX","TRAFFIC",,"View Summons (http://nycserv.nyc.gov/NYCServWeb/ShowImage?searchID=VDBSck1rMXFSVE5PUkVsM1RVRTlQUT09&locationName=_____________________)"
"KJC1235","NY","PAS","8962208805","11/26/2021","11:45A","NO PARKING-STREET CLEANING",,"65","0","0","0","65","0","052","BX","TRAFFIC",,"View Summons (http://nycserv.nyc.gov/NYCServWeb/ShowImage?searchID=VDBSck1rMXFTWGRQUkdkM1RsRTlQUT09&locationName=_____________________)"
"JHT5119","NY","PAS","8962360949","05/07/2021","09:54A","INSP. STICKER-EXPIRED/MISSING",,"65","0","0","0","65","0","043","BX","TRAFFIC","HEARING HELD-GUILTY","View Summons (http://nycserv.nyc.gov/NYCServWeb/ShowImage?searchID=VDBSck1rMXFUVEpOUkdzd1QxRTlQUT09&locationName=_____________________)"
"EHQ2810","MI","PAS","8962570051","07/23/2021","10:01A","NO PARKING-STREET CLEANING",,"65","0","0","0","65","0","048","BX","TRAFFIC","HEARING HELD-GUILTY","View Summons (http://nycserv.nyc.gov/NYCServWeb/ShowImage?searchID=VDBSck1rMXFWVE5OUkVFeFRWRTlQUT09&locationName=_____________________)"
"KGS9126","NY","PAS","8962893733","12/10/2021","10:17A","NO PARKING-STREET CLEANING",,"65","0","0","0","65","0","052","BX","TRAFFIC",,"View Summons (http://nycserv.nyc.gov/NYCServWeb/ShowImage?searchID=VDBSck1rMXFaelZOZW1ONlRYYzlQUT09&locationName=_____________________)"
"KJW1399","NY","PAS","8962932854","09/07/2021","10:36A","FAIL TO DSPLY MUNI METER RECPT",,"35","0","0","0","35","0","040","BX","TRAFFIC",,"View Summons (http://nycserv.nyc.gov/NYCServWeb/ShowImage?searchID=VDBSck1rMXFhM3BOYW1jeFRrRTlQUT09&locationName=_____________________)"
"HRP6972","NY","PAS","8864080247","12/22/2021","03:27P","FAIL TO DSPLY MUNI METER RECPT",,"35","0","0","0","35","0","061","K","TRAFFIC","HEARING HELD-GUILTY","View Summons (http://nycserv.nyc.gov/NYCServWeb/ShowImage?searchID=VDBSbk1rNUVRVFJOUkVrd1RuYzlQUT09&locationName=_____________________)"
"633279","NY","PAS","8963289576","11/22/2021","10:31A","FAIL TO DSPLY MUNI METER RECPT",,"35","0","0","0","35","0","052","BX","TRAFFIC","HEARING ADJOURNMENT","View Summons (http://nycserv.nyc.gov/NYCServWeb/ShowImage?searchID=VDBSck1rMTZTVFJQVkZVelRtYzlQUT09&locationName=_____________________)"
"JMN5005","NY","PAS","8963435659","08/07/2021","08:25A","NO PARKING-STREET CLEANING",,"65","0","0","0","65","0","045","BX","TRAFFIC",,"View Summons (http://nycserv.nyc.gov/NYCServWeb/ShowImage?searchID=VDBSck1rMTZVWHBPVkZreFQxRTlQUT09&locationName=_____________________)"
"DDM3775","NY","PAS","4842469833","05/22/2023","08:48A","PHTO SCHOOL ZN SPEED VIOLATION",,"50","0","0","0","50","0","000","QN","DEPARTMENT OF TRANSPORTATION",,"View Summons (http://nycserv.nyc.gov/NYCServWeb/ShowImage?searchID=VGtSbk1FMXFVVEpQVkdkNlRYYzlQUT09&locationName=_____________________)"
"HEW6464","NY","PAS","9105541487","01/25/2024","09:37A","NO PARKING-STREET CLEANING",,"65","0","0","0","65","0","078","K","TRAFFIC",,"View Summons (http://nycserv.nyc.gov/NYCServWeb/ShowImage?searchID=VDFSRmQwNVVWVEJOVkZFMFRuYzlQUT09&locationName=_____________________)"
"GR2750","DC","PAS","8864081550","01/08/2022","01:36P","CROSSWALK",,"115","0","0","0","115","0","061","K","TRAFFIC",,"View Summons (http://nycserv.nyc.gov/NYCServWeb/ShowImage?searchID=VDBSbk1rNUVRVFJOVkZVeFRVRTlQUT09&locationName=_____________________)"
"T495602","MD","PAS","8635214468","03/28/2018",,,,,,,,,,,,,,"View Summons (http://nycserv.nyc.gov/NYCServWeb/ShowImage?searchID=VDBSWmVrNVVTWGhPUkZFeVQwRTlQUT09&locationName=_____________________)"
"EFA9504","NY","PAS","8850380010","06/11/2021","06:06A","NO STANDING-DAY/TIME LIMITS",,"115","0","0","0","115","0","107","Q","TRAFFIC",,"View Summons (http://nycserv.nyc.gov/NYCServWeb/ShowImage?searchID=VDBSbk1VMUVUVFJOUkVGNFRVRTlQUT09&locationName=_____________________)"
"KRK1878","NY","PAS","8823981979","05/02/2022","07:09A","NO PARKING-DAY/TIME LIMITS",,"65","30","0","0","95","0","005","NY","TRAFFIC",,"View Summons (http://nycserv.nyc.gov/NYCServWeb/ShowImage?searchID=VDBSbmVVMTZhelJOVkdzelQxRTlQUT09&locationName=_____________________)"
"M58NZN","NJ","PAS","9113644440","03/15/2024","06:18A","FIRE HYDRANT",,"115","0","0","0","115","0","109","Q","TRAFFIC",,"View Summons (http://nycserv.nyc.gov/NYCServWeb/ShowImage?searchID=VDFSRmVFMTZXVEJPUkZFd1RVRTlQUT09&locationName=_____________________)"
"AFE2605","NY","PAS","8995166216","07/15/2021","12:31P","NON-COMPLIANCE W/ POSTED SIGN",,"60","0","0","0","60","0","094","K","TRAFFIC",,"View Summons (http://nycserv.nyc.gov/NYCServWeb/ShowImage?searchID=VDBSck5VNVVSVEpPYWtsNFRtYzlQUT09&locationName=_____________________)"
"KSE5314","PA","PAS","8850380021","06/11/2021","06:10A","FIRE HYDRANT",,"115","0","0","0","115","0","107","Q","TRAFFIC",,"View Summons (http://nycserv.nyc.gov/NYCServWeb/ShowImage?searchID=VDBSbk1VMUVUVFJOUkVGNVRWRTlQUT09&locationName=_____________________)"
"KMC3138","NY","PAS","8584869840","10/18/2022","02:56P","INSP. STICKER-EXPIRED/MISSING",,"65","0","0","0","65","0","090","K","TRAFFIC",,"View Summons (http://nycserv.nyc.gov/NYCServWeb/ShowImage?searchID=VDBSVk5FNUVaekpQVkdjd1RVRTlQUT09&locationName=_____________________)"
"JBW6770","NY","PAS","8995166198","07/15/2021","12:30P","NON-COMPLIANCE W/ POSTED SIGN",,"60","0","0","0","60","0","094","K","TRAFFIC",,"View Summons (http://nycserv.nyc.gov/NYCServWeb/ShowImage?searchID=VDBSck5VNVVSVEpPYWtVMVQwRTlQUT09&locationName=_____________________)"
"GCY7076","NY","PAS","5103109645","08/26/2018","09:06P","FAILURE TO STOP AT RED LIGHT","11/21/2018","50","25","20.82","0.09","95.73","0","000","BX","DEPARTMENT OF TRANSPORTATION",,"View Summons (http://nycserv.nyc.gov/NYCServWeb/ShowImage?searchID=VGxSRmQwMTZSWGRQVkZrd1RsRTlQUT09&locationName=_____________________)"
"KXZ7879","NY","PAS","9085879980","11/02/2023","04:02P","BIKE LANE","02/22/2024","115","60","0.26","0.17","175.09","0","067","K","TRAFFIC",,"View Summons (http://nycserv.nyc.gov/NYCServWeb/ShowImage?searchID=VDFSQk5FNVVaek5QVkdzMFRVRTlQUT09&locationName=_____________________)"
"UJS8021","VA","PAS","9002458927","07/26/2022","06:22A","NO PARKING-DAY/TIME LIMITS",,"60","0","0","0","60","0","069","K","TRAFFIC",,"View Summons (http://nycserv.nyc.gov/NYCServWeb/ShowImage?searchID=VDFSQmQwMXFVVEZQUkd0NVRuYzlQUT09&locationName=_____________________)"
"KJC2172","NY","PAS","8963689827","02/14/2022","01:53P","INSP. STICKER-EXPIRED/MISSING",,"65","0","0","0","65","0","043","BX","TRAFFIC",,"View Summons (http://nycserv.nyc.gov/NYCServWeb/ShowImage?searchID=VDBSck1rMTZXVFJQVkdkNVRuYzlQUT09&locationName=_____________________)"
"KPT9573","NY","PAS","8964125253","02/10/2022","12:08P","NO PARKING-STREET CLEANING",,"65","0","0","0","65","0","052","BX","TRAFFIC",,"View Summons (http://nycserv.nyc.gov/NYCServWeb/ShowImage?searchID=VDBSck1rNUVSWGxPVkVreFRYYzlQUT09&locationName=_____________________)"
"2EE1928","MD","PAS","8850380045","06/11/2021","06:23A","FIRE HYDRANT",,"115","0","0","0","115","0","107","Q","TRAFFIC",,"View Summons (http://nycserv.nyc.gov/NYCServWeb/ShowImage?searchID=VDBSbk1VMUVUVFJOUkVFd1RsRTlQUT09&locationName=_____________________)"
"KKS5097","NY","OMS","8850380008","06/11/2021","06:03A","NO STANDING-DAY/TIME LIMITS",,"115","0","0","0","115","0","107","Q","TRAFFIC",,"View Summons (http://nycserv.nyc.gov/NYCServWeb/ShowImage?searchID=VDBSbk1VMUVUVFJOUkVGM1QwRTlQUT09&locationName=_____________________)"
"HFK7879","NY","PAS","8964217226","02/10/2022","09:43P","FAIL TO DSPLY MUNI METER RECPT",,"35","0","0","0","35","0","049","BX","TRAFFIC",,"View Summons (http://nycserv.nyc.gov/NYCServWeb/ShowImage?searchID=VDBSck1rNUVTWGhPZWtsNVRtYzlQUT09&locationName=_____________________)"
"HXA5252","NY","PAS","8850379997","06/10/2021","11:12A","INSP. STICKER-EXPIRED/MISSING",,"65","0","0","0","65","0","112","Q","TRAFFIC",,"View Summons (http://nycserv.nyc.gov/NYCServWeb/ShowImage?searchID=VDBSbk1VMUVUVE5QVkdzMVRuYzlQUT09&locationName=_____________________)"
"KGP1931","NY","PAS","4842469948","05/22/2023","08:49A","PHTO SCHOOL ZN SPEED VIOLATION",,"50","25","0","0","75","0","000","QN","DEPARTMENT OF TRANSPORTATION",,"View Summons (http://nycserv.nyc.gov/NYCServWeb/ShowImage?searchID=VGtSbk1FMXFVVEpQVkdzd1QwRTlQUT09&locationName=_____________________)"
"HUZ5327","NY","PAS","8864081690","01/08/2022","03:15P","FAIL TO DSPLY MUNI METER RECPT",,"35","0","0","0","35","0","061","K","TRAFFIC",,"View Summons (http://nycserv.nyc.gov/NYCServWeb/ShowImage?searchID=VDBSbk1rNUVRVFJOVkZrMVRVRTlQUT09&locationName=_____________________)"
"JDY6667","NY","PAS","8979006755","03/31/2021","02:27P","INSP. STICKER-EXPIRED/MISSING",,"65","0","0","0","65","0","067","K","TRAFFIC",,"View Summons (http://nycserv.nyc.gov/NYCServWeb/ShowImage?searchID=VDBSck0wOVVRWGRPYW1NeFRsRTlQUT09&locationName=_____________________)"
"D75KRK","NJ","PAS","8864081689","01/08/2022","03:10P","EXPIRED MUNI METER",,"35","0","0","0","35","0","061","K","TRAFFIC",,"View Summons (http://nycserv.nyc.gov/NYCServWeb/ShowImage?searchID=VDBSbk1rNUVRVFJOVkZrMFQxRTlQUT09&locationName=_____________________)"
"KRZ9051","NY","PAS","8966598638","01/11/2022","04:28P","DOUBLE PARKING",,"115","30","0","0","145","0","052","BX","TRAFFIC",,"View Summons (http://nycserv.nyc.gov/NYCServWeb/ShowImage?searchID=VDBSck1rNXFWVFZQUkZsNlQwRTlQUT09&locationName=_____________________)"
"ZLP2398","PA","PAS","8823982418","05/03/2022","07:23A","PLTFRM LFTS LWRD POS COMM VEH",,"65","0","0","0","65","0","006","NY","TRAFFIC","HEARING HELD-GUILTY","View Summons (http://nycserv.nyc.gov/NYCServWeb/ShowImage?searchID=VDBSbmVVMTZhelJOYWxGNFQwRTlQUT09&locationName=_____________________)"
"KGE9621","NY","PAS","8864081604","01/08/2022","02:00P","FAIL TO DSPLY MUNI METER RECPT",,"35","0","0","0","35","0","061","K","TRAFFIC",,"View Summons (http://nycserv.nyc.gov/NYCServWeb/ShowImage?searchID=VDBSbk1rNUVRVFJOVkZsM1RrRTlQUT09&locationName=_____________________)"
"GDH3779","NY","PAS","8964427415","02/14/2022","11:04A","FAIL TO DSPLY MUNI METER RECPT",,"35","0","0","0","35","0","043","BX","TRAFFIC",,"View Summons (http://nycserv.nyc.gov/NYCServWeb/ShowImage?searchID=VDBSck1rNUVVWGxPZWxGNFRsRTlQUT09&locationName=_____________________)"
"KND2251","NY","PAS","8964686123","02/02/2022","11:12A","NO STANDING-EXC. AUTH. VEHICLE",,"95","0","0","95","0","0","048","BX","TRAFFIC","HEARING HELD-NOT GUILTY","View Summons (http://nycserv.nyc.gov/NYCServWeb/ShowImage?searchID=VDBSck1rNUVXVFJPYWtWNVRYYzlQUT09&locationName=_____________________)"
"EM1GLO","NY","SPO","8964862193","02/18/2022","04:10P","REG. STICKER-EXPIRED/MISSING",,"65","0","0","65","0","0","044","BX","TRAFFIC","HEARING HELD-NOT GUILTY","View Summons (http://nycserv.nyc.gov/NYCServWeb/ShowImage?searchID=VDBSck1rNUVaekpOYWtVMVRYYzlQUT09&locationName=_____________________)"
"KJT3531","NY","PAS","8965049118","02/18/2022","12:32P","NO STANDING-EXC. TRUCK LOADING",,"95","0","0","0","95","0","049","BX","TRAFFIC",,"View Summons (http://nycserv.nyc.gov/NYCServWeb/ShowImage?searchID=VDBSck1rNVVRVEJQVkVWNFQwRTlQUT09&locationName=_____________________)"
"HZT9374","NY","PAS","8966523328","07/24/2021","03:08P","FAIL TO DSPLY MUNI METER RECPT",,"35","0","0","0","35","0","045","BX","TRAFFIC",,"View Summons (http://nycserv.nyc.gov/NYCServWeb/ShowImage?searchID=VDBSck1rNXFWWGxOZWsxNVQwRTlQUT09&locationName=_____________________)"
"GOYAAA","NY","SPO","8966585670","10/11/2021","02:30P","NO STANDING-BUS STOP",,"115","0","0","0","115","0","052","BX","TRAFFIC",,"View Summons (http://nycserv.nyc.gov/NYCServWeb/ShowImage?searchID=VDBSck1rNXFWVFJPVkZrelRVRTlQUT09&locationName=_____________________)"
"GRL4272","NY","PAS","8967440340","01/04/2022","01:18P","INSP. STICKER-EXPIRED/MISSING",,"65","0","0","0","65","0","040","BX","TRAFFIC",,"View Summons (http://nycserv.nyc.gov/NYCServWeb/ShowImage?searchID=VDBSck1rNTZVVEJOUkUwd1RVRTlQUT09&locationName=_____________________)"
"JSC2381","NY","PAS","8864081987","01/11/2022","01:58P","DOUBLE PARKING",,"115","0","0","0","115","0","068","K","TRAFFIC",,"View Summons (http://nycserv.nyc.gov/NYCServWeb/ShowImage?searchID=VDBSbk1rNUVRVFJOVkdzMFRuYzlQUT09&locationName=_____________________)"
"JMG4518","NY","PAS","8995166850","07/16/2021","12:29P","NO PARKING-STREET CLEANING",,"65","0","0","0","65","0","094","K","TRAFFIC",,"View Summons (http://nycserv.nyc.gov/NYCServWeb/ShowImage?searchID=VDBSck5VNVVSVEpPYW1jeFRVRTlQUT09&locationName=_____________________)"
"KJW2025","NY","PAS","8995166710","07/16/2021","12:15P","NO PARKING-STREET CLEANING",,"65","0","0","0","65","0","094","K","TRAFFIC","HEARING HELD-GUILTY","View Summons (http://nycserv.nyc.gov/NYCServWeb/ShowImage?searchID=VDBSck5VNVVSVEpPYW1ONFRVRTlQUT09&locationName=_____________________)"
"JGA6631","NY","PAS","9064421810","07/06/2023","03:42P","NO STANDING-BUS STOP",,"115","0","0","0","115","0","106","Q","TRAFFIC",,"View Summons (http://nycserv.nyc.gov/NYCServWeb/ShowImage?searchID=VDFSQk1rNUVVWGxOVkdkNFRVRTlQUT09&locationName=_____________________)"
"JPF2931","NY","PAS","8967444308","02/09/2022","12:52P","REG. STICKER-EXPIRED/MISSING",,"65","0","0","0","65","0","043","BX","TRAFFIC",,"View Summons (http://nycserv.nyc.gov/NYCServWeb/ShowImage?searchID=VDBSck1rNTZVVEJPUkUxM1QwRTlQUT09&locationName=_____________________)"
"KJZ7157","NY","PAS","8584871056","10/25/2022","02:40P","FRONT OR BACK PLATE MISSING",,"65","0","0","0","65","0","084","K","TRAFFIC",,"View Summons (http://nycserv.nyc.gov/NYCServWeb/ShowImage?searchID=VDBSVk5FNUVaek5OVkVFeFRtYzlQUT09&locationName=_____________________)"
"KNZZ67","FL","PAS","9002459087","07/26/2022","08:24A","FIRE HYDRANT",,"115","0","0","0","115","0","069","K","TRAFFIC","HEARING HELD-GUILTY","View Summons (http://nycserv.nyc.gov/NYCServWeb/ShowImage?searchID=VDFSQmQwMXFVVEZQVkVFMFRuYzlQUT09&locationName=_____________________)"
"KDD1329","NY","PAS","9064421869","07/06/2023","05:01P","FRONT OR BACK PLATE MISSING",,"65","0","0","65","0","0","106","Q","TRAFFIC","HEARING HELD-NOT GUILTY","View Summons (http://nycserv.nyc.gov/NYCServWeb/ShowImage?searchID=VDFSQk1rNUVVWGxOVkdjeVQxRTlQUT09&locationName=_____________________)"
"HSE6571","PA","PAS","8864081677","01/08/2022","03:06P","FAIL TO DSPLY MUNI METER RECPT",,"35","10","0","0","45","0","061","K","TRAFFIC",,"View Summons (http://nycserv.nyc.gov/NYCServWeb/ShowImage?searchID=VDBSbk1rNUVRVFJOVkZrelRuYzlQUT09&locationName=_____________________)"
"Z19LPW","NJ","PAS","4842469997","05/22/2023","08:50A","PHTO SCHOOL ZN SPEED VIOLATION","08/17/2023","50","25","2.45","0.07","77.38","0","000","MN","DEPARTMENT OF TRANSPORTATION",,"View Summons (http://nycserv.nyc.gov/NYCServWeb/ShowImage?searchID=VGtSbk1FMXFVVEpQVkdzMVRuYzlQUT09&locationName=_____________________)"
"58AMAAB","AL","PAS","9105541566","01/25/2024","09:51A","NO PARKING-STREET CLEANING",,"65","30","0","0","95","0","078","K","TRAFFIC",,"View Summons (http://nycserv.nyc.gov/NYCServWeb/ShowImage?searchID=VDFSRmQwNVVWVEJOVkZVeVRtYzlQUT09&locationName=_____________________)"
"JDL8928","NY","PAS","8850380239","06/11/2021","08:37A","NO PARKING-STREET CLEANING",,"65","0","0","0","65","0","107","Q","TRAFFIC",,"View Summons (http://nycserv.nyc.gov/NYCServWeb/ShowImage?searchID=VDBSbk1VMUVUVFJOUkVsNlQxRTlQUT09&locationName=_____________________)"
"LCP6632","PA","PAS","8957969962","04/29/2021","06:51A","NO PARKING-DAY/TIME LIMITS",,"60","0","0","0","60","0","040","BX","TRAFFIC",,"View Summons (http://nycserv.nyc.gov/NYCServWeb/ShowImage?searchID=VDBSck1VNTZhekpQVkdzeVRXYzlQUT09&locationName=_____________________)"
"JDS4541","NY","PAS","9081494545","09/27/2023","03:05P","NO STANDING-COMM METER ZONE",,"115","0","0","0","115","0","005","NY","TRAFFIC",,"View Summons (http://nycserv.nyc.gov/NYCServWeb/ShowImage?searchID=VDFSQk5FMVVVVFZPUkZVd1RsRTlQUT09&locationName=_____________________)"
"86013MN","NY","COM","8994573847","08/24/2021","04:00P","WRONG WAY",,"45","0","0","0","45","0","090","K","TRAFFIC",,"View Summons (http://nycserv.nyc.gov/NYCServWeb/ShowImage?searchID=VDBSck5VNUVWVE5OZW1jd1RuYzlQUT09&locationName=_____________________)"
"UKR2681","VA","PAS","8850380150","06/11/2021","07:35A","NO STANDING-DAY/TIME LIMITS",,"115","0","0","0","115","0","105","Q","TRAFFIC",,"View Summons (http://nycserv.nyc.gov/NYCServWeb/ShowImage?searchID=VDBSbk1VMUVUVFJOUkVVeFRVRTlQUT09&locationName=_____________________)"
"DD7Z319","TX","PAS","8635639248","07/16/2018",,,,,,,,,,,,,,"View Summons (http://nycserv.nyc.gov/NYCServWeb/ShowImage?searchID=VDBSWmVrNVVXWHBQVkVrd1QwRTlQUT09&locationName=_____________________)"
"1EA8856","MD","PAS","8850380173","06/11/2021","08:10A","NO STANDING-DAY/TIME LIMITS",,"115","0","0","0","115","0","107","Q","TRAFFIC",,"View Summons (http://nycserv.nyc.gov/NYCServWeb/ShowImage?searchID=VDBSbk1VMUVUVFJOUkVVelRYYzlQUT09&locationName=_____________________)"
"S57RKM","NJ","PAS","8584871172","10/26/2022","01:44P","NO PARKING-DAY/TIME LIMITS",,"60","0","0","0","60","0","094","K","TRAFFIC",,"View Summons (http://nycserv.nyc.gov/NYCServWeb/ShowImage?searchID=VDBSVk5FNUVaek5OVkVVelRXYzlQUT09&locationName=_____________________)"
"SORDFSH2","NY","SRF","8584871470","10/26/2022","05:24P","FAIL TO DSPLY MUNI METER RECPT",,"35","0","0","0","35","0","094","K","TRAFFIC",,"View Summons (http://nycserv.nyc.gov/NYCServWeb/ShowImage?searchID=VDBSVk5FNUVaek5OVkZFelRVRTlQUT09&locationName=_____________________)"
"HWS2233","NY","PAS","8584871664","10/27/2022","02:37P","NO STANDING-EXC. TRUCK LOADING",,"95","0","0","0","95","0","081","K","TRAFFIC",,"View Summons (http://nycserv.nyc.gov/NYCServWeb/ShowImage?searchID=VDBSVk5FNUVaek5OVkZreVRrRTlQUT09&locationName=_____________________)"
"KNN9292","NY","PAS","8584872267","10/30/2022","01:51P","INSP. STICKER-EXPIRED/MISSING",,"65","0","0","0","65","0","084","K","TRAFFIC",,"View Summons (http://nycserv.nyc.gov/NYCServWeb/ShowImage?searchID=VDBSVk5FNUVaek5OYWtreVRuYzlQUT09&locationName=_____________________)"
"45999MK","NY","COM","8957970137","04/29/2021","08:32A","NO PARKING-DAY/TIME LIMITS",,"60","0","0","0","60","0","040","BX","TRAFFIC",,"View Summons (http://nycserv.nyc.gov/NYCServWeb/ShowImage?searchID=VDBSck1VNTZhek5OUkVWNlRuYzlQUT09&locationName=_____________________)"
"KNN9292","NY","PAS","8584872279","10/30/2022","01:53P","FRONT OR BACK PLATE MISSING",,"65","0","0","0","65","0","084","K","TRAFFIC",,"View Summons (http://nycserv.nyc.gov/NYCServWeb/ShowImage?searchID=VDBSVk5FNUVaek5OYWtrelQxRTlQUT09&locationName=_____________________)"
"T752416C","NY","OMT","8968537793","08/24/2021","11:10P","FIRE HYDRANT",,"115","0","0","0","115","0","044","BX","TRAFFIC",,"View Summons (http://nycserv.nyc.gov/NYCServWeb/ShowImage?searchID=VDBSck1rOUVWWHBPZW1NMVRYYzlQUT09&locationName=_____________________)"
"KLD4335","NY","PAS","8850380161","06/11/2021","07:55A","INSP. STICKER-EXPIRED/MISSING",,"65","0","0","0","65","0","107","Q","TRAFFIC",,"View Summons (http://nycserv.nyc.gov/NYCServWeb/ShowImage?searchID=VDBSbk1VMUVUVFJOUkVVeVRWRTlQUT09&locationName=_____________________)"
"HZN4008","NY","PAS","5103115311","07/29/2018","03:49P","FAILURE TO STOP AT RED LIGHT","11/21/2018","50","25","19.1","2.31","91.79","0","000","BK","DEPARTMENT OF TRANSPORTATION",,"View Summons (http://nycserv.nyc.gov/NYCServWeb/ShowImage?searchID=VGxSRmQwMTZSWGhPVkUxNFRWRTlQUT09&locationName=_____________________)"
"642RXB","FL","PAS","8850380252","06/11/2021","08:42A","NO PARKING-DAY/TIME LIMITS",,"60","0","0","0","60","0","107","Q","TRAFFIC",,"View Summons (http://nycserv.nyc.gov/NYCServWeb/ShowImage?searchID=VDBSbk1VMUVUVFJOUkVreFRXYzlQUT09&locationName=_____________________)"
"GAC5980","NY","PAS","8850380306","06/11/2021","09:09A","NO PARKING-DAY/TIME LIMITS",,"60","0","0","0","60","0","107","Q","TRAFFIC",,"View Summons (http://nycserv.nyc.gov/NYCServWeb/ShowImage?searchID=VDBSbk1VMUVUVFJOUkUxM1RtYzlQUT09&locationName=_____________________)"
"KGG7585","NY","PAS","8957970228","04/29/2021","09:37A","NO STANDING-BUS STOP",,"115","0","0","0","115","0","040","BX","TRAFFIC",,"View Summons (http://nycserv.nyc.gov/NYCServWeb/ShowImage?searchID=VDBSck1VNTZhek5OUkVsNVQwRTlQUT09&locationName=_____________________)"
"FMJ8100","NY","PAS","4842470227","05/22/2023","08:55A","PHTO SCHOOL ZN SPEED VIOLATION",,"50","0","0","0","50","0","000","BK","DEPARTMENT OF TRANSPORTATION",,"View Summons (http://nycserv.nyc.gov/NYCServWeb/ShowImage?searchID=VGtSbk1FMXFVVE5OUkVsNVRuYzlQUT09&locationName=_____________________)"
"KJE8490","NY","PAS","8584925338","07/19/2022","08:48P","FAIL TO DSPLY MUNI METER RECPT","11/03/2022","35","60","0.12","0.07","95.05","0","109","Q","TRAFFIC",,"View Summons (http://nycserv.nyc.gov/NYCServWeb/ShowImage?searchID=VDBSVk5FNUVhM2xPVkUxNlQwRTlQUT09&locationName=_____________________)"
"JKD3334","NY","PAS","8823982595","05/03/2022","10:31A","INSP. STICKER-EXPIRED/MISSING",,"65","30","0","0","95","0","006","NY","TRAFFIC",,"View Summons (http://nycserv.nyc.gov/NYCServWeb/ShowImage?searchID=VDBSbmVVMTZhelJOYWxVMVRsRTlQUT09&locationName=_____________________)"
"7EA8659","MD","PAS","4811225466","11/07/2022","09:37P","PHTO SCHOOL ZN SPEED VIOLATION",,"50","25","0","0","75","0","000","QN","DEPARTMENT OF TRANSPORTATION",,"View Summons (http://nycserv.nyc.gov/NYCServWeb/ShowImage?searchID=VGtSbmVFMVVTWGxPVkZFeVRtYzlQUT09&locationName=_____________________)"
"HMU2702","NY","PAS","8850380276","06/11/2021","08:54A","NO PARKING-DAY/TIME LIMITS",,"60","0","0","0","60","0","107","Q","TRAFFIC",,"View Summons (http://nycserv.nyc.gov/NYCServWeb/ShowImage?searchID=VDBSbk1VMUVUVFJOUkVrelRtYzlQUT09&locationName=_____________________)"
"JPB7820","NY","PAS","8850380290","06/11/2021","09:09A","NO PARKING-DAY/TIME LIMITS",,"60","0","0","0","60","0","107","Q","TRAFFIC",,"View Summons (http://nycserv.nyc.gov/NYCServWeb/ShowImage?searchID=VDBSbk1VMUVUVFJOUkVrMVRVRTlQUT09&locationName=_____________________)"
"KLA2651","NY","OMS","8995167130","07/20/2021","12:03P","NON-COMPLIANCE W/ POSTED SIGN",,"60","0","0","0","60","0","094","K","TRAFFIC",,"View Summons (http://nycserv.nyc.gov/NYCServWeb/ShowImage?searchID=VDBSck5VNVVSVEpPZWtWNlRVRTlQUT09&locationName=_____________________)"
"FDY5695","NY","PAS","8850380264","06/11/2021","08:46A","NO PARKING-DAY/TIME LIMITS",,"60","0","0","0","60","0","107","Q","TRAFFIC",,"View Summons (http://nycserv.nyc.gov/NYCServWeb/ShowImage?searchID=VDBSbk1VMUVUVFJOUkVreVRrRTlQUT09&locationName=_____________________)"
"KJW2025","NY","PAS","8995167117","07/20/2021","12:00P","NON-COMPLIANCE W/ POSTED SIGN",,"60","0","0","0","60","0","094","K","TRAFFIC",,"View Summons (http://nycserv.nyc.gov/NYCServWeb/ShowImage?searchID=VDBSck5VNVVSVEpPZWtWNFRuYzlQUT09&locationName=_____________________)"
"GPV7315","PA","PAS","8864082128","01/12/2022","12:08P","NO PARKING-DAY/TIME LIMITS",,"60","0","0","0","60","0","078","K","TRAFFIC",,"View Summons (http://nycserv.nyc.gov/NYCServWeb/ShowImage?searchID=VDBSbk1rNUVRVFJOYWtWNVQwRTlQUT09&locationName=_____________________)"
"KPH9851","NY","PAS","4842470100","05/22/2023","08:52A","PHTO SCHOOL ZN SPEED VIOLATION",,"50","0","0","0","50","0","000","BX","DEPARTMENT OF TRANSPORTATION",,"View Summons (http://nycserv.nyc.gov/NYCServWeb/ShowImage?searchID=VGtSbk1FMXFVVE5OUkVWM1RVRTlQUT09&locationName=_____________________)"
"HTB7268","NY","PAS","9064421894","07/06/2023","05:42P","REG. STICKER-EXPIRED/MISSING",,"65","0","0","0","65","0","106","Q","TRAFFIC","HEARING HELD-GUILTY","View Summons (http://nycserv.nyc.gov/NYCServWeb/ShowImage?searchID=VDFSQk1rNUVVWGxOVkdjMVRrRTlQUT09&locationName=_____________________)"
"JPT4375","NY","PAS","8850380240","06/11/2021","08:40A","NO PARKING-STREET CLEANING",,"65","0","0","0","65","0","107","Q","TRAFFIC",,"View Summons (http://nycserv.nyc.gov/NYCServWeb/ShowImage?searchID=VDBSbk1VMUVUVFJOUkVrd1RVRTlQUT09&locationName=_____________________)"
"KHG5830","NY","PAS","8850380288","06/11/2021","09:07A","NO PARKING-DAY/TIME LIMITS",,"60","0","0","0","60","0","107","Q","TRAFFIC",,"View Summons (http://nycserv.nyc.gov/NYCServWeb/ShowImage?searchID=VDBSbk1VMUVUVFJOUkVrMFQwRTlQUT09&locationName=_____________________)"
"KRN9144","NY","PAS","4811225454","11/07/2022","09:37P","PHTO SCHOOL ZN SPEED VIOLATION",,"50","0","0","0","50","0","000","MN","DEPARTMENT OF TRANSPORTATION","HEARING HELD-GUILTY","View Summons (http://nycserv.nyc.gov/NYCServWeb/ShowImage?searchID=VGtSbmVFMVVTWGxPVkZFeFRrRTlQUT09&locationName=_____________________)"
"LGR3838","PA","PAS","8850380318","06/11/2021","09:30A","NO PARKING-STREET CLEANING",,"65","0","0","0","65","0","107","Q","TRAFFIC",,"View Summons (http://nycserv.nyc.gov/NYCServWeb/ShowImage?searchID=VDBSbk1VMUVUVFJOUkUxNFQwRTlQUT09&locationName=_____________________)"
"HAM5341","NY","PAS","8971980734","10/29/2021","11:37A","NO PARKING-STREET CLEANING",,"65","0","0","0","65","0","103","Q","TRAFFIC",,"View Summons (http://nycserv.nyc.gov/NYCServWeb/ShowImage?searchID=VDBSck0wMVVhelJOUkdONlRrRTlQUT09&locationName=_____________________)"
"KES8980","NY","PAS","8850380409","06/14/2021","06:06A","NO STANDING-DAY/TIME LIMITS",,"115","0","0","0","115","0","103","Q","TRAFFIC",,"View Summons (http://nycserv.nyc.gov/NYCServWeb/ShowImage?searchID=VDBSbk1VMUVUVFJOUkZGM1QxRTlQUT09&locationName=_____________________)"
"HMP6082","NY","PAS","8850380471","06/14/2021","06:21A","FIRE HYDRANT",,"115","0","0","0","115","0","103","Q","TRAFFIC",,"View Summons (http://nycserv.nyc.gov/NYCServWeb/ShowImage?searchID=VDBSbk1VMUVUVFJOUkZFelRWRTlQUT09&locationName=_____________________)"
"EYF7164","NY","PAS","5103120744","08/27/2018","11:03A","FAILURE TO STOP AT RED LIGHT","11/21/2018","50","25","6.46","0.04","81.42","0","000","BX","DEPARTMENT OF TRANSPORTATION",,"View Summons (http://nycserv.nyc.gov/NYCServWeb/ShowImage?searchID=VGxSRmQwMTZSWGxOUkdNd1RrRTlQUT09&locationName=_____________________)"
"AP726H","NJ","PAS","8823982753","06/06/2022","07:36A","NO STANDING-DAY/TIME LIMITS",,"115","0","0","0","115","0","001","NY","TRAFFIC","HEARING HELD-GUILTY","View Summons (http://nycserv.nyc.gov/NYCServWeb/ShowImage?searchID=VDBSbmVVMTZhelJOYW1NeFRYYzlQUT09&locationName=_____________________)"
"AUZ6317","CT","999","1459813169","07/05/2019",,,,,,,,,,,,,,"View Summons (http://nycserv.nyc.gov/NYCServWeb/ShowImage?searchID=VFZSUk1VOVVaM2hOZWtVeVQxRTlQUT09&locationName=_____________________)"
"B77PKK","NJ","PAS","8864082256","01/12/2022","12:40P","NO PARKING-STREET CLEANING",,"65","0","0","0","65","0","078","K","TRAFFIC",,"View Summons (http://nycserv.nyc.gov/NYCServWeb/ShowImage?searchID=VDBSbk1rNUVRVFJOYWtreFRtYzlQUT09&locationName=_____________________)"
"HNE1647","NY","PAS","8864082268","01/12/2022","12:45P","NO PARKING-STREET CLEANING",,"65","0","0","0","65","0","078","K","TRAFFIC",,"View Summons (http://nycserv.nyc.gov/NYCServWeb/ShowImage?searchID=VDBSbk1rNUVRVFJOYWtreVQwRTlQUT09&locationName=_____________________)"
"3305243","NY","PAS","1459856405","07/11/2019",,,,,,,,,,,,,,"View Summons (http://nycserv.nyc.gov/NYCServWeb/ShowImage?searchID=VFZSUk1VOVVaekZPYWxGM1RsRTlQUT09&locationName=_____________________)"
"KSE5125","NY","PAS","9021778087","12/09/2022","03:54P","FRONT OR BACK PLATE MISSING",,"65","10","0","0","75","0","108","Q","TRAFFIC","HEARING HELD-GUILTY","View Summons (http://nycserv.nyc.gov/NYCServWeb/ShowImage?searchID=VDFSQmVVMVVZek5QUkVFMFRuYzlQUT09&locationName=_____________________)"
"KZB5528","NY","PAS","8567843856","12/08/2022","07:56A","FRONT OR BACK PLATE MISSING","05/04/2023","65","60","0.15","0.09","125.06","0","049","BX","TRAFFIC","HEARING HELD-GUILTY","View Summons (http://nycserv.nyc.gov/NYCServWeb/ShowImage?searchID=VDBSVk1rNTZaekJOZW1jeFRtYzlQUT09&locationName=_____________________)"
"KWD6776","NY","PAS","9113644555","03/15/2024","07:54A","REG. STICKER-EXPIRED/MISSING",,"65","0","0","0","65","0","109","Q","TRAFFIC","HEARING HELD-GUILTY","View Summons (http://nycserv.nyc.gov/NYCServWeb/ShowImage?searchID=VDFSRmVFMTZXVEJPUkZVeFRsRTlQUT09&locationName=_____________________)"
"HVN1601","NY","PAS","8972441673","01/28/2022","08:54A","NO PARKING-STREET CLEANING",,"65","0","0","0","65","0","067","K","TRAFFIC",,"View Summons (http://nycserv.nyc.gov/NYCServWeb/ShowImage?searchID=VDBSck0wMXFVVEJOVkZrelRYYzlQUT09&locationName=_____________________)"
"0L7298H","NJ","PAS","8635710538","02/27/2018",,,,,,,,,,,,,,"View Summons (http://nycserv.nyc.gov/NYCServWeb/ShowImage?searchID=VDBSWmVrNVVZM2hOUkZWNlQwRTlQUT09&locationName=_____________________)"
"VYT5685","VA","PAS","8973451741","03/10/2021","07:36A","FIRE HYDRANT",,"115","0","0","0","115","0","067","K","TRAFFIC",,"View Summons (http://nycserv.nyc.gov/NYCServWeb/ShowImage?searchID=VDBSck0wMTZVVEZOVkdNd1RWRTlQUT09&locationName=_____________________)"
"KLD1872","NY","PAS","8974488875","02/17/2022","11:38A","INSP. STICKER-EXPIRED/MISSING",,"65","0","0","0","65","0","066","K","TRAFFIC",,"View Summons (http://nycserv.nyc.gov/NYCServWeb/ShowImage?searchID=VDBSck0wNUVVVFJQUkdjelRsRTlQUT09&locationName=_____________________)"
"KHE1806","NY","PAS","8975099611","01/12/2022","02:21A","FIRE HYDRANT",,"115","0","0","0","115","0","063","K","TRAFFIC",,"View Summons (http://nycserv.nyc.gov/NYCServWeb/ShowImage?searchID=VDBSck0wNVVRVFZQVkZsNFRWRTlQUT09&locationName=_____________________)"
"KKZ5502","NY","PAS","8850380422","06/14/2021","06:12A","FIRE HYDRANT",,"115","0","0","0","115","0","103","Q","TRAFFIC",,"View Summons (http://nycserv.nyc.gov/NYCServWeb/ShowImage?searchID=VDBSbk1VMUVUVFJOUkZGNVRXYzlQUT09&locationName=_____________________)"
"JRR8897","NY","PAS","8995167294","07/20/2021","03:05P","NO STANDING-DAY/TIME LIMITS",,"115","0","0","0","115","0","094","K","TRAFFIC",,"View Summons (http://nycserv.nyc.gov/NYCServWeb/ShowImage?searchID=VDBSck5VNVVSVEpPZWtrMVRrRTlQUT09&locationName=_____________________)"
"KFE2958","NY","PAS","8864082323","01/12/2022","12:55P","NO PARKING-STREET CLEANING",,"65","0","0","0","65","0","078","K","TRAFFIC",,"View Summons (http://nycserv.nyc.gov/NYCServWeb/ShowImage?searchID=VDBSbk1rNUVRVFJOYWsxNVRYYzlQUT09&locationName=_____________________)"
"3EV0468","MD","PAS","8864082475","01/12/2022","03:38P","SAFETY ZONE",,"115","0","0","0","115","0","078","K","TRAFFIC",,"View Summons (http://nycserv.nyc.gov/NYCServWeb/ShowImage?searchID=VDBSbk1rNUVRVFJOYWxFelRsRTlQUT09&locationName=_____________________)"
"KMA5819","NY","OMS","8823982765","06/06/2022","07:42A","NO STANDING-DAY/TIME LIMITS",,"115","0","0","0","115","0","001","NY","TRAFFIC",,"View Summons (http://nycserv.nyc.gov/NYCServWeb/ShowImage?searchID=VDBSbmVVMTZhelJOYW1NeVRsRTlQUT09&locationName=_____________________)"
"FJD2152","NY","PAS","8890579249","10/02/2021","07:47A","NO PARKING-STREET CLEANING","07/28/2022","65","60","1.23","0.36","125.87","0","108","Q","TRAFFIC","HEARING HELD-GUILTY","View Summons (http://nycserv.nyc.gov/NYCServWeb/ShowImage?searchID=VDBSbk5VMUVWVE5QVkVrd1QxRTlQUT09&locationName=_____________________)"
"KET9930","NY","PAS","8975464970","10/28/2021","02:22P","NO STANDING-DAY/TIME LIMITS",,"115","0","0","0","115","0","066","K","TRAFFIC",,"View Summons (http://nycserv.nyc.gov/NYCServWeb/ShowImage?searchID=VDBSck0wNVVVVEpPUkdzelRVRTlQUT09&locationName=_____________________)"
"DVS7752","NY","PAS","8976348412","02/22/2022","12:45P","NO STANDING-BUS STOP",,"115","0","0","0","115","0","078","K","TRAFFIC",,"View Summons (http://nycserv.nyc.gov/NYCServWeb/ShowImage?searchID=VDBSck0wNXFUVEJQUkZGNFRXYzlQUT09&locationName=_____________________)"
"KJA9722","NY","PAS","8976348448","02/22/2022","02:29P","INSP. STICKER-EXPIRED/MISSING",,"65","0","0","0","65","0","078","K","TRAFFIC",,"View Summons (http://nycserv.nyc.gov/NYCServWeb/ShowImage?searchID=VDBSck0wNXFUVEJQUkZFd1QwRTlQUT09&locationName=_____________________)"
"FDX8674","NY","PAS","8976622480","02/09/2022","12:22P","NO PARKING-STREET CLEANING",,"65","0","0","0","65","0","062","K","TRAFFIC",,"View Summons (http://nycserv.nyc.gov/NYCServWeb/ShowImage?searchID=VDBSck0wNXFXWGxOYWxFMFRVRTlQUT09&locationName=_____________________)"
"KEH5502","NY","PAS","8976898333","11/22/2021","07:47A","FIRE HYDRANT",,"115","0","0","0","115","0","066","K","TRAFFIC",,"View Summons (http://nycserv.nyc.gov/NYCServWeb/ShowImage?searchID=VDBSck0wNXFaelZQUkUxNlRYYzlQUT09&locationName=_____________________)"
"GSD7709","NY","PAS","8978333321","01/18/2022","12:44P","FAIL TO DSPLY MUNI METER RECPT",,"35","0","0","0","35","0","062","K","TRAFFIC",,"View Summons (http://nycserv.nyc.gov/NYCServWeb/ShowImage?searchID=VDBSck0wOUVUWHBOZWsxNVRWRTlQUT09&locationName=_____________________)"
"GSD7709","NY","PAS","8978333333","01/18/2022","12:46P","INSP. STICKER-EXPIRED/MISSING",,"65","0","0","0","65","0","062","K","TRAFFIC",,"View Summons (http://nycserv.nyc.gov/NYCServWeb/ShowImage?searchID=VDBSck0wOUVUWHBOZWsxNlRYYzlQUT09&locationName=_____________________)"
"2431498","IN","PAS","8913910020","03/29/2021","07:41A","DOUBLE PARKING-MIDTOWN COMML",,"115","0","0","0","115","0","013","NY","TRAFFIC","HEARING HELD-GUILTY","View Summons (http://nycserv.nyc.gov/NYCServWeb/ShowImage?searchID=VDBScmVFMTZhM2hOUkVGNVRVRTlQUT09&locationName=_____________________)"
"JLS9881","NY","PAS","8995167476","07/21/2021","03:05P","NO PARKING-DAY/TIME LIMITS",,"60","0","0","0","60","0","094","K","TRAFFIC",,"View Summons (http://nycserv.nyc.gov/NYCServWeb/ShowImage?searchID=VDBSck5VNVVSVEpPZWxFelRtYzlQUT09&locationName=_____________________)"
"FMG005","NY","SPO","8841034038","01/22/2021","11:03A","FAIL TO DSPLY MUNI METER RECPT",,"35","0","0","0","35","0","110","Q","TRAFFIC","HEARING HELD-GUILTY","View Summons (http://nycserv.nyc.gov/NYCServWeb/ShowImage?searchID=VDBSbk1FMVVRWHBPUkVGNlQwRTlQUT09&locationName=_____________________)"
"KDJ1783","NY","PAS","8995167579","07/22/2021","11:44A","NO PARKING-STREET CLEANING",,"65","0","0","0","65","0","094","K","TRAFFIC",,"View Summons (http://nycserv.nyc.gov/NYCServWeb/ShowImage?searchID=VDBSck5VNVVSVEpPZWxVelQxRTlQUT09&locationName=_____________________)"
"HTJ2123","NY","PAS","8864082360","01/12/2022","01:14P","REG. STICKER-EXPIRED/MISSING",,"65","0","0","0","65","0","078","K","TRAFFIC","HEARING HELD-GUILTY","View Summons (http://nycserv.nyc.gov/NYCServWeb/ShowImage?searchID=VDBSbk1rNUVRVFJOYWsweVRVRTlQUT09&locationName=_____________________)"
"UEA7933","VA","PAS","8994574049","08/25/2021","03:02P","FRONT OR BACK PLATE MISSING",,"65","0","0","0","65","0","079","K","TRAFFIC",,"View Summons (http://nycserv.nyc.gov/NYCServWeb/ShowImage?searchID=VDBSck5VNUVWVE5PUkVFd1QxRTlQUT09&locationName=_____________________)"
"HEB6483","NY","PAS","8994106250","05/05/2021","01:01P","FAIL TO DSPLY MUNI METER RECPT",,"35","0","0","0","35","0","084","K","TRAFFIC",,"View Summons (http://nycserv.nyc.gov/NYCServWeb/ShowImage?searchID=VDBSck5VNUVSWGRPYWtreFRVRTlQUT09&locationName=_____________________)"
"KHE5852","NY","PAS","8823982832","06/06/2022","08:17A","NO PARKING-DAY/TIME LIMITS",,"65","10","0","75","0","0","001","NY","TRAFFIC","HEARING HELD-NOT GUILTY","View Summons (http://nycserv.nyc.gov/NYCServWeb/ShowImage?searchID=VDBSbmVVMTZhelJOYW1kNlRXYzlQUT09&locationName=_____________________)"
"BPG2271","NY","PAS","8978333382","01/19/2022","12:39P","FAIL TO DSPLY MUNI METER RECPT",,"35","0","0","0","35","0","063","K","TRAFFIC",,"View Summons (http://nycserv.nyc.gov/NYCServWeb/ShowImage?searchID=VDBSck0wOUVUWHBOZWswMFRXYzlQUT09&locationName=_____________________)"
"JPV3157","NY","PAS","8864082270","01/12/2022","12:46P","NO PARKING-STREET CLEANING",,"65","0","0","0","65","0","078","K","TRAFFIC",,"View Summons (http://nycserv.nyc.gov/NYCServWeb/ShowImage?searchID=VDBSbk1rNUVRVFJOYWtrelRVRTlQUT09&locationName=_____________________)"
"AXJ7874","NY","999","8635872630","05/03/2018",,,,,,,,,,,,,,"View Summons (http://nycserv.nyc.gov/NYCServWeb/ShowImage?searchID=VDBSWmVrNVVaek5OYWxsNlRVRTlQUT09&locationName=_____________________)"
"86571ME","NY","COM","8635883111","08/27/2018",,,,,,,,,,,,,,"View Summons (http://nycserv.nyc.gov/NYCServWeb/ShowImage?searchID=VDBSWmVrNVVaelJOZWtWNFRWRTlQUT09&locationName=_____________________)"
"JFG7401","NY","PAS","8841035870","02/06/2021","12:11P","REG. STICKER-EXPIRED/MISSING",,"65","0","0","0","65","0","114","Q","TRAFFIC",,"View Summons (http://nycserv.nyc.gov/NYCServWeb/ShowImage?searchID=VDBSbk1FMVVRWHBPVkdjelRVRTlQUT09&locationName=_____________________)"
"KUP5809","NY","PAS","9064421948","07/07/2023","12:31P","INSP. STICKER-EXPIRED/MISSING",,"65","0","0","0","65","0","112","Q","TRAFFIC",,"View Summons (http://nycserv.nyc.gov/NYCServWeb/ShowImage?searchID=VDFSQk1rNUVVWGxOVkdzd1QwRTlQUT09&locationName=_____________________)"
"LBT9552","NY","PAS","9064421936","07/07/2023","12:28P","FAIL TO DSPLY MUNI METER RECPT",,"35","0","0","35","0","0","112","Q","TRAFFIC","HEARING HELD-NOT GUILTY","View Summons (http://nycserv.nyc.gov/NYCServWeb/ShowImage?searchID=VDFSQk1rNUVVWGxOVkd0NlRtYzlQUT09&locationName=_____________________)"
"51788MH","NY","COM","8823982996","06/06/2022","10:27A","NO PARKING-DAY/TIME LIMITS",,"65","0","0","40","25","0","001","NY","TRAFFIC","HEARING HELD-GUILTY REDUCTION","View Summons (http://nycserv.nyc.gov/NYCServWeb/ShowImage?searchID=VDBSbmVVMTZhelJOYW1zMVRtYzlQUT09&locationName=_____________________)"
"KVX2418","NY","PAS","8584931570","09/30/2022","12:23P","EXPIRED MUNI METER",,"35","10","0","0","45","0","115","Q","TRAFFIC",,"View Summons (http://nycserv.nyc.gov/NYCServWeb/ShowImage?searchID=VDBSVk5FNUVhM3BOVkZVelRVRTlQUT09&locationName=_____________________)"
"51790MH","NY","COM","8823983009","06/06/2022","10:28A","NO PARKING-DAY/TIME LIMITS",,"65","0","0","40","25","0","001","NY","TRAFFIC","HEARING HELD-GUILTY REDUCTION","View Summons (http://nycserv.nyc.gov/NYCServWeb/ShowImage?searchID=VDBSbmVVMTZhelJOZWtGM1QxRTlQUT09&locationName=_____________________)"
"KWU8289","NY","PAS","8584933505","10/17/2022","01:18P","NO PARKING-DAY/TIME LIMITS",,"60","0","0","0","60","0","110","Q","TRAFFIC",,"View Summons (http://nycserv.nyc.gov/NYCServWeb/ShowImage?searchID=VDBSVk5FNUVhM3BOZWxWM1RsRTlQUT09&locationName=_____________________)"
"JCF5249","NY","PAS","8584933610","10/17/2022","05:20P","REG. STICKER-EXPIRED/MISSING",,"65","0","0","65","0","0","115","Q","TRAFFIC","HEARING HELD-NOT GUILTY","View Summons (http://nycserv.nyc.gov/NYCServWeb/ShowImage?searchID=VDBSVk5FNUVhM3BOZWxsNFRVRTlQUT09&locationName=_____________________)"
"GER8960","NY","PAS","8841035973","02/06/2021","02:18P","REG. STICKER-EXPIRED/MISSING",,"65","0","0","0","65","0","114","Q","TRAFFIC",,"View Summons (http://nycserv.nyc.gov/NYCServWeb/ShowImage?searchID=VDBSbk1FMVVRWHBPVkdzelRYYzlQUT09&locationName=_____________________)"
"GCA3259","NY","PAS","8841036011","02/06/2021","03:42P","FAIL TO DSPLY MUNI METER RECPT",,"35","0","0","0","35","0","114","Q","TRAFFIC",,"View Summons (http://nycserv.nyc.gov/NYCServWeb/ShowImage?searchID=VDBSbk1FMVVRWHBPYWtGNFRWRTlQUT09&locationName=_____________________)"
"HLC4506","NY","PAS","8841036047","02/06/2021","03:49P","FAIL TO DSPLY MUNI METER RECPT",,"35","0","0","0","35","0","114","Q","TRAFFIC",,"View Summons (http://nycserv.nyc.gov/NYCServWeb/ShowImage?searchID=VDBSbk1FMVVRWHBPYWtFd1RuYzlQUT09&locationName=_____________________)"
"JFS4856","NY","PAS","8978336541","02/24/2022","01:45P","EXPIRED MUNI METER",,"35","0","0","0","35","0","062","K","TRAFFIC",,"View Summons (http://nycserv.nyc.gov/NYCServWeb/ShowImage?searchID=VDBSck0wOUVUWHBPYWxVd1RWRTlQUT09&locationName=_____________________)"
"KSY3149","NY","PAS","8978508431","02/23/2022","10:22A","NO PARKING-STREET CLEANING",,"65","0","0","0","65","0","078","K","TRAFFIC",,"View Summons (http://nycserv.nyc.gov/NYCServWeb/ShowImage?searchID=VDBSck0wOUVWWGRQUkZGNlRWRTlQUT09&locationName=_____________________)"
"KDE7031","NY","PAS","8584933694","10/18/2022","12:56P","NO STANDING-BUS STOP",,"115","0","0","0","115","0","114","Q","TRAFFIC",,"View Summons (http://nycserv.nyc.gov/NYCServWeb/ShowImage?searchID=VDBSVk5FNUVhM3BOZWxrMVRrRTlQUT09&locationName=_____________________)"
"W73KUZ","NJ","PAS","8841035882","02/06/2021","12:20P","FAIL TO DSPLY MUNI METER RECPT",,"35","0","0","0","35","0","114","Q","TRAFFIC","HEARING HELD-GUILTY","View Summons (http://nycserv.nyc.gov/NYCServWeb/ShowImage?searchID=VDBSbk1FMVVRWHBPVkdjMFRXYzlQUT09&locationName=_____________________)"
"CAWY625","ON","PAS","8683384263","01/26/2019",,,,,,,,,,,,,,"View Summons (http://nycserv.nyc.gov/NYCServWeb/ShowImage?searchID=VDBSWk5FMTZUVFJPUkVreVRYYzlQUT09&locationName=_____________________)"
"KVW7448","NY","PAS","8567844680","12/13/2022","06:04A","NO PARKING-DAY/TIME LIMITS","03/30/2023","60","60","0.57","0.04","120.53","0","052","BX","TRAFFIC",,"View Summons (http://nycserv.nyc.gov/NYCServWeb/ShowImage?searchID=VDBSVk1rNTZaekJPUkZrMFRVRTlQUT09&locationName=_____________________)"
"XWDU65","NJ","PAS","8683384469","01/28/2019",,,,,,,,,,,,,,"View Summons (http://nycserv.nyc.gov/NYCServWeb/ShowImage?searchID=VDBSWk5FMTZUVFJPUkZFeVQxRTlQUT09&locationName=_____________________)"
"GNS6039","NY","PAS","9113644579","03/15/2024","08:07A","OBSTRUCTING DRIVEWAY",,"95","0","0","0","95","0","109","Q","TRAFFIC",,"View Summons (http://nycserv.nyc.gov/NYCServWeb/ShowImage?searchID=VDFSRmVFMTZXVEJPUkZVelQxRTlQUT09&locationName=_____________________)"
"LDL7182","NY","PAS","9064421961","07/07/2023","12:45P","FRONT OR BACK PLATE MISSING",,"65","10","0","0","75","0","112","Q","TRAFFIC",,"View Summons (http://nycserv.nyc.gov/NYCServWeb/ShowImage?searchID=VDFSQk1rNUVVWGxOVkdzeVRWRTlQUT09&locationName=_____________________)"
"H40NJS","NJ","PAS","8864082700","01/13/2022","01:12P","FIRE HYDRANT",,"115","0","0","0","115","0","061","K","TRAFFIC",,"View Summons (http://nycserv.nyc.gov/NYCServWeb/ShowImage?searchID=VDBSbk1rNUVRVFJOYW1OM1RVRTlQUT09&locationName=_____________________)"
"KUYA","NY","SPO","9081494612","09/27/2023","04:14P","FRONT OR BACK PLATE MISSING",,"65","0","0","0","65","0","005","NY","TRAFFIC",,"View Summons (http://nycserv.nyc.gov/NYCServWeb/ShowImage?searchID=VDFSQk5FMVVVVFZPUkZsNFRXYzlQUT09&locationName=_____________________)"
"KHH1042","NY","PAS","8979390348","02/23/2022","04:02P","FIRE HYDRANT",,"115","0","0","0","115","0","060","K","TRAFFIC",,"View Summons (http://nycserv.nyc.gov/NYCServWeb/ShowImage?searchID=VDBSck0wOVVUVFZOUkUwd1QwRTlQUT09&locationName=_____________________)"
"JBE6660","NY","PAS","8980596066","02/23/2022","02:58P","FAIL TO DSPLY MUNI METER RECPT",,"35","0","0","35","0","0","068","K","TRAFFIC","HEARING HELD-NOT GUILTY","View Summons (http://nycserv.nyc.gov/NYCServWeb/ShowImage?searchID=VDBSck5FMUVWVFZPYWtFeVRtYzlQUT09&locationName=_____________________)"
"JNB5338","NY","PAS","8981044491","02/23/2022","03:09P","FIRE HYDRANT",,"115","0","0","0","115","0","066","K","TRAFFIC",,"View Summons (http://nycserv.nyc.gov/NYCServWeb/ShowImage?searchID=VDBSck5FMVVRVEJPUkZFMVRWRTlQUT09&locationName=_____________________)"
"JMN6019","NY","PAS","8995167786","07/22/2021","12:17P","NO PARKING-STREET CLEANING",,"65","0","0","0","65","0","094","K","TRAFFIC",,"View Summons (http://nycserv.nyc.gov/NYCServWeb/ShowImage?searchID=VDBSck5VNVVSVEpPZW1NMFRtYzlQUT09&locationName=_____________________)"
"AHC9537","NY","PAS","8841037404","02/20/2021","12:33P","NO STANDING-TAXI STAND",,"115","0","0","0","115","0","115","Q","TRAFFIC",,"View Summons (http://nycserv.nyc.gov/NYCServWeb/ShowImage?searchID=VDBSbk1FMVVRWHBPZWxGM1RrRTlQUT09&locationName=_____________________)"
"64730MN","NY","COM","8841037209","02/17/2021","10:52A","NO STANDING-BUS STOP",,"115","0","0","0","115","0","109","Q","TRAFFIC",,"View Summons (http://nycserv.nyc.gov/NYCServWeb/ShowImage?searchID=VDBSbk1FMVVRWHBPZWtsM1QxRTlQUT09&locationName=_____________________)"
"AY27698","CT","PAS","8841037167","02/17/2021","10:08A","FAIL TO DSPLY MUNI METER RECPT",,"35","0","0","0","35","0","109","Q","TRAFFIC",,"View Summons (http://nycserv.nyc.gov/NYCServWeb/ShowImage?searchID=VDBSbk1FMVVRWHBPZWtVeVRuYzlQUT09&locationName=_____________________)"
"LDW0663","PA","PAS","8841037416","02/20/2021","12:36P","EXPIRED MUNI METER",,"35","0","0","0","35","0","115","Q","TRAFFIC",,"View Summons (http://nycserv.nyc.gov/NYCServWeb/ShowImage?searchID=VDBSbk1FMVVRWHBPZWxGNFRtYzlQUT09&locationName=_____________________)"
"JKC8254","NY","PAS","8994574426","08/26/2021","02:51P","REG. STICKER-EXPIRED/MISSING",,"65","0","0","0","65","0","094","K","TRAFFIC",,"View Summons (http://nycserv.nyc.gov/NYCServWeb/ShowImage?searchID=VDBSck5VNUVWVE5PUkZGNVRtYzlQUT09&locationName=_____________________)"
"LHB6316","NY","PAS","9138860790","06/22/2024","08:07P","FAIL TO DSPLY MUNI METER RECPT",,"35","0","0","0","35","0","112","Q","TRAFFIC",,"View Summons (http://nycserv.nyc.gov/NYCServWeb/ShowImage?searchID=VDFSRmVrOUVaekpOUkdNMVRVRTlQUT09&locationName=_____________________)"
"JSX7193","PA","PAS","8995167750","07/22/2021","12:13P","NO PARKING-STREET CLEANING",,"65","0","0","0","65","0","094","K","TRAFFIC",,"View Summons (http://nycserv.nyc.gov/NYCServWeb/ShowImage?searchID=VDBSck5VNVVSVEpPZW1NeFRVRTlQUT09&locationName=_____________________)"
"KER7051","NY","PAS","8995167737","07/22/2021","12:02P","NO PARKING-STREET CLEANING",,"65","0","0","0","65","0","094","K","TRAFFIC",,"View Summons (http://nycserv.nyc.gov/NYCServWeb/ShowImage?searchID=VDBSck5VNVVSVEpPZW1ONlRuYzlQUT09&locationName=_____________________)"
"KFX9756","NY","PAS","8981580133","02/23/2022","03:01P","FAIL TO DSPLY MUNI METER RECPT",,"35","0","0","35","0","0","062","K","TRAFFIC","HEARING HELD-NOT GUILTY","View Summons (http://nycserv.nyc.gov/NYCServWeb/ShowImage?searchID=VDBSck5FMVVWVFJOUkVWNlRYYzlQUT09&locationName=_____________________)"
"GKJ3973","NY","PAS","8982600954","02/23/2022","03:45P","REG. STICKER-EXPIRED/MISSING",,"65","0","0","65","0","0","076","K","TRAFFIC","HEARING HELD-NOT GUILTY","View Summons (http://nycserv.nyc.gov/NYCServWeb/ShowImage?searchID=VDBSck5FMXFXWGROUkdzeFRrRTlQUT09&locationName=_____________________)"
"T108942C","NY","OMT","4842470392","05/22/2023","08:59A","PHTO SCHOOL ZN SPEED VIOLATION",,"50","0","0","0","50","0","000","BK","DEPARTMENT OF TRANSPORTATION",,"View Summons (http://nycserv.nyc.gov/NYCServWeb/ShowImage?searchID=VGtSbk1FMXFVVE5OUkUwMVRXYzlQUT09&locationName=_____________________)"
"JSTLSTD","NY","SRF","8841037751","02/23/2021","10:24A","REG. STICKER-EXPIRED/MISSING",,"65","0","0","0","65","0","114","Q","TRAFFIC",,"View Summons (http://nycserv.nyc.gov/NYCServWeb/ShowImage?searchID=VDBSbk1FMVVRWHBPZW1NeFRWRTlQUT09&locationName=_____________________)"
"KTG6005","NY","PAS","8584936026","10/27/2022","02:24P","FAIL TO DSPLY MUNI METER RECPT",,"35","0","0","0","35","0","114","Q","TRAFFIC",,"View Summons (http://nycserv.nyc.gov/NYCServWeb/ShowImage?searchID=VDBSVk5FNUVhM3BPYWtGNVRtYzlQUT09&locationName=_____________________)"
"74016MH","NY","COM","8994574451","08/26/2021","03:35P","SIDEWALK",,"115","0","0","0","115","0","094","K","TRAFFIC",,"View Summons (http://nycserv.nyc.gov/NYCServWeb/ShowImage?searchID=VDBSck5VNUVWVE5PUkZFeFRWRTlQUT09&locationName=_____________________)"
"JKC8254","NY","PAS","8994574438","08/26/2021","02:52P","INSP. STICKER-EXPIRED/MISSING",,"65","0","0","0","65","0","094","K","TRAFFIC",,"View Summons (http://nycserv.nyc.gov/NYCServWeb/ShowImage?searchID=VDBSck5VNUVWVE5PUkZGNlQwRTlQUT09&locationName=_____________________)"
"HHD5602","NY","PAS","4811225510","11/07/2022","09:39P","PHTO SCHOOL ZN SPEED VIOLATION",,"50","0","0","0","50","0","000","BX","DEPARTMENT OF TRANSPORTATION",,"View Summons (http://nycserv.nyc.gov/NYCServWeb/ShowImage?searchID=VGtSbmVFMVVTWGxPVkZWNFRVRTlQUT09&locationName=_____________________)"
"KZH8496","NY","PAS","9064421973","07/07/2023","01:04P","FAIL TO DSPLY MUNI METER RECPT",,"35","0","0","35","0","0","112","Q","TRAFFIC","HEARING HELD-NOT GUILTY","View Summons (http://nycserv.nyc.gov/NYCServWeb/ShowImage?searchID=VDFSQk1rNUVVWGxOVkdzelRYYzlQUT09&locationName=_____________________)"
"KZH1594","NY","PAS","4842470343","05/22/2023","08:58A","PHTO SCHOOL ZN SPEED VIOLATION",,"50","25","0","0","75","0","000","BX","DEPARTMENT OF TRANSPORTATION",,"View Summons (http://nycserv.nyc.gov/NYCServWeb/ShowImage?searchID=VGtSbk1FMXFVVE5OUkUwd1RYYzlQUT09&locationName=_____________________)"
"JRA1487","PA","PAS","9081494624","09/27/2023","04:18P","NO STANDING-COMM METER ZONE",,"115","0","0","0","115","0","005","NY","TRAFFIC","HEARING HELD-GUILTY","View Summons (http://nycserv.nyc.gov/NYCServWeb/ShowImage?searchID=VDFSQk5FMVVVVFZPUkZsNVRrRTlQUT09&locationName=_____________________)"
"JKX1576","NY","PAS","4842470409","05/22/2023","09:00A","PHTO SCHOOL ZN SPEED VIOLATION","08/17/2023","50","25","4.24","0.04","79.2","0","000","BX","DEPARTMENT OF TRANSPORTATION",,"View Summons (http://nycserv.nyc.gov/NYCServWeb/ShowImage?searchID=VGtSbk1FMXFVVE5OUkZGM1QxRTlQUT09&locationName=_____________________)"
"8LCM867","CA","PAS","8850380574","06/14/2021","07:00A","FIRE HYDRANT",,"115","0","0","0","115","0","113","Q","TRAFFIC",,"View Summons (http://nycserv.nyc.gov/NYCServWeb/ShowImage?searchID=VDBSbk1VMUVUVFJOUkZVelRrRTlQUT09&locationName=_____________________)"
"JNK4638","NY","PAS","8841038032","02/24/2021","11:29A","NO PARKING-STREET CLEANING",,"65","0","0","0","65","0","109","Q","TRAFFIC",,"View Summons (http://nycserv.nyc.gov/NYCServWeb/ShowImage?searchID=VDBSbk1FMVVRWHBQUkVGNlRXYzlQUT09&locationName=_____________________)"
"KGJ8869","NY","PAS","8841038226","02/25/2021","11:28A","NO PARKING-STREET CLEANING",,"65","0","0","0","65","0","108","Q","TRAFFIC",,"View Summons (http://nycserv.nyc.gov/NYCServWeb/ShowImage?searchID=VDBSbk1FMVVRWHBQUkVsNVRtYzlQUT09&locationName=_____________________)"
"GDP5369","NY","PAS","8841038020","02/24/2021","11:23A","NO PARKING-STREET CLEANING",,"65","0","0","0","65","0","109","Q","TRAFFIC",,"View Summons (http://nycserv.nyc.gov/NYCServWeb/ShowImage?searchID=VDBSbk1FMVVRWHBQUkVGNVRVRTlQUT09&locationName=_____________________)"
"JPY6756","NY","PAS","8850380562","06/14/2021","06:56A","NO STANDING-BUS STOP",,"115","0","0","0","115","0","113","Q","TRAFFIC",,"View Summons (http://nycserv.nyc.gov/NYCServWeb/ShowImage?searchID=VDBSbk1VMUVUVFJOUkZVeVRXYzlQUT09&locationName=_____________________)"
"KTW7667","NY","PAS","8982900512","02/23/2022","03:04P","FAIL TO DSPLY MUNI METER RECPT",,"35","0","0","35","0","0","062","K","TRAFFIC","HEARING HELD-NOT GUILTY","View Summons (http://nycserv.nyc.gov/NYCServWeb/ShowImage?searchID=VDBSck5FMXFhM2ROUkZWNFRXYzlQUT09&locationName=_____________________)"
"KKA7720","NY","PAS","8983763437","02/24/2022","01:09P","FAIL TO DSPLY MUNI METER RECPT",,"35","0","0","0","35","0","068","K","TRAFFIC",,"View Summons (http://nycserv.nyc.gov/NYCServWeb/ShowImage?searchID=VDBSck5FMTZZekpOZWxGNlRuYzlQUT09&locationName=_____________________)"
"17868","NY","MED","8983895755","02/24/2022","11:46A","NO PARKING-STREET CLEANING",,"65","0","0","0","65","0","072","K","TRAFFIC",,"View Summons (http://nycserv.nyc.gov/NYCServWeb/ShowImage?searchID=VDBSck5FMTZaelZPVkdNeFRsRTlQUT09&locationName=_____________________)"
"RTM4604","GA","PAS","8850380549","06/14/2021","06:47A","NO STANDING-DAY/TIME LIMITS",,"115","0","0","0","115","0","113","Q","TRAFFIC",,"View Summons (http://nycserv.nyc.gov/NYCServWeb/ShowImage?searchID=VDBSbk1VMUVUVFJOUkZVd1QxRTlQUT09&locationName=_____________________)"
"JNS7241","NY","PAS","8994574529","08/26/2021","04:52P","INSP. STICKER-EXPIRED/MISSING",,"65","0","0","0","65","0","094","K","TRAFFIC",,"View Summons (http://nycserv.nyc.gov/NYCServWeb/ShowImage?searchID=VDBSck5VNUVWVE5PUkZWNVQxRTlQUT09&locationName=_____________________)"
"DZ4883","IA","PAS","8635995612","12/07/2018",,,,,,,,,,,,,,"View Summons (http://nycserv.nyc.gov/NYCServWeb/ShowImage?searchID=VDBSWmVrNVVhelZPVkZsNFRXYzlQUT09&locationName=_____________________)"
"GTZ3687","NY","PAS","7777127275","08/26/2015","10:07A","NO PARKING-STREET CLEANING","12/10/2015","45","60","65.63","0","170.63","0","050","BX","TRAFFIC",,"View Summons (http://nycserv.nyc.gov/NYCServWeb/ShowImage?searchID=VG5wak0wNTZSWGxPZWtrelRsRTlQUT09&locationName=_____________________)"
"KLH7604","NY","PAS","8850380690","06/14/2021","07:47A","NO STANDING-DAY/TIME LIMITS",,"115","0","0","0","115","0","113","Q","TRAFFIC",,"View Summons (http://nycserv.nyc.gov/NYCServWeb/ShowImage?searchID=VDBSbk1VMUVUVFJOUkZrMVRVRTlQUT09&locationName=_____________________)"
"KWF4187","NY","PAS","4811225533","11/07/2022","09:40P","PHTO SCHOOL ZN SPEED VIOLATION",,"50","25","0","0","75","0","000","BK","DEPARTMENT OF TRANSPORTATION",,"View Summons (http://nycserv.nyc.gov/NYCServWeb/ShowImage?searchID=VGtSbmVFMVVTWGxPVkZWNlRYYzlQUT09&locationName=_____________________)"
"50722MM","NY","COM","8823983502","06/08/2022","07:40A","NO PARKING-STREET CLEANING",,"65","0","0","40","25","0","006","NY","TRAFFIC","HEARING HELD-GUILTY REDUCTION","View Summons (http://nycserv.nyc.gov/NYCServWeb/ShowImage?searchID=VDBSbmVVMTZhelJOZWxWM1RXYzlQUT09&locationName=_____________________)"
"JNL3111","NY","PAS","8584936038","10/27/2022","02:30P","FAIL TO DSPLY MUNI METER RECPT",,"35","0","0","0","35","0","114","Q","TRAFFIC",,"View Summons (http://nycserv.nyc.gov/NYCServWeb/ShowImage?searchID=VDBSVk5FNUVhM3BPYWtGNlQwRTlQUT09&locationName=_____________________)"
"JFS4613","NY","PAS","8567846882","12/16/2022","08:35A","NO STANDING-EXC. AUTH. VEHICLE","04/06/2023","95","60","1.25","0.54","155.71","0","041","BX","TRAFFIC",,"View Summons (http://nycserv.nyc.gov/NYCServWeb/ShowImage?searchID=VDBSVk1rNTZaekJPYW1jMFRXYzlQUT09&locationName=_____________________)"
"KLK9159","NY","PAS","8864082943","01/14/2022","11:47A","FAIL TO DSPLY MUNI METER RECPT",,"35","0","0","0","35","0","066","K","TRAFFIC","HEARING HELD-GUILTY","View Summons (http://nycserv.nyc.gov/NYCServWeb/ShowImage?searchID=VDBSbk1rNUVRVFJOYW1zd1RYYzlQUT09&locationName=_____________________)"
"KMU6039","NY","PAS","4842470434","05/22/2023","09:00A","PHTO SCHOOL ZN SPEED VIOLATION","08/17/2023","50","25","0.26","0.26","75","0","000","BX","DEPARTMENT OF TRANSPORTATION",,"View Summons (http://nycserv.nyc.gov/NYCServWeb/ShowImage?searchID=VGtSbk1FMXFVVE5OUkZGNlRrRTlQUT09&locationName=_____________________)"
"LMAO1","NY","SPO","8823733900","02/23/2022","05:36A","CROSSWALK","07/28/2022","115","60","7.76","0","182.76","0","072","K","TRAFFIC",,"View Summons (http://nycserv.nyc.gov/NYCServWeb/ShowImage?searchID=VDBSbmVVMTZZM3BOZW10M1RVRTlQUT09&locationName=_____________________)"
"LAE2665","NY","PAS","4842470410","05/22/2023","09:00A","PHTO SCHOOL ZN SPEED VIOLATION",,"50","0","0","0","50","0","000","QN","DEPARTMENT OF TRANSPORTATION",,"View Summons (http://nycserv.nyc.gov/NYCServWeb/ShowImage?searchID=VGtSbk1FMXFVVE5OUkZGNFRVRTlQUT09&locationName=_____________________)"
"X5663T","NJ","PAS","8841038500","02/26/2021","12:49P","NO STANDING-DAY/TIME LIMITS",,"115","0","0","15","100","0","114","Q","TRAFFIC","HEARING HELD-GUILTY REDUCTION","View Summons (http://nycserv.nyc.gov/NYCServWeb/ShowImage?searchID=VDBSbk1FMVVRWHBQUkZWM1RVRTlQUT09&locationName=_____________________)"
"GVS8384","NY","PAS","4842470458","05/22/2023","09:00A","PHTO SCHOOL ZN SPEED VIOLATION",,"50","0","0","0","50","0","000","BX","DEPARTMENT OF TRANSPORTATION",,"View Summons (http://nycserv.nyc.gov/NYCServWeb/ShowImage?searchID=VGtSbk1FMXFVVE5OUkZFeFQwRTlQUT09&locationName=_____________________)"
"17870ND","NY","COM","9064421997","07/07/2023","01:10P","NO STANDING-EXC. TRUCK LOADING",,"95","10","0","0","105","0","112","Q","TRAFFIC",,"View Summons (http://nycserv.nyc.gov/NYCServWeb/ShowImage?searchID=VDFSQk1rNUVVWGxOVkdzMVRuYzlQUT09&locationName=_____________________)"
"HLC7295","NY","PAS","8841038639","02/27/2021","12:50P","REG. STICKER-EXPIRED/MISSING",,"65","0","0","0","65","0","114","Q","TRAFFIC","HEARING HELD-GUILTY","View Summons (http://nycserv.nyc.gov/NYCServWeb/ShowImage?searchID=VDBSbk1FMVVRWHBQUkZsNlQxRTlQUT09&locationName=_____________________)"
"AS45645","CT","999","9064693912","07/17/2023","08:40A","NO PARKING-STREET CLEANING","11/02/2023","65","60","5.62","0.06","130.56","0","114","Q","TRAFFIC",,"View Summons (http://nycserv.nyc.gov/NYCServWeb/ShowImage?searchID=VDFSQk1rNUVXVFZOZW10NFRXYzlQUT09&locationName=_____________________)"
"JJH5343","OH","PAS","8567847394","12/19/2022","06:27A","DIVIDED HIGHWAY",,"115","10","0","0","125","0","043","BX","TRAFFIC","HEARING HELD-GUILTY","View Summons (http://nycserv.nyc.gov/NYCServWeb/ShowImage?searchID=VDBSVk1rNTZaekJPZWswMVRrRTlQUT09&locationName=_____________________)"
"HZN3684","NY","PAS","8984292655","02/23/2022","01:52P","FAIL TO DSPLY MUNI METER RECPT",,"35","0","0","0","35","0","072","K","TRAFFIC",,"View Summons (http://nycserv.nyc.gov/NYCServWeb/ShowImage?searchID=VDBSck5FNUVTVFZOYWxreFRsRTlQUT09&locationName=_____________________)"
"C57MZL","NJ","PAS","8984421479","02/23/2022","01:16P","FAIL TO DSPLY MUNI METER RECPT",,"35","0","0","0","35","0","062","K","TRAFFIC",,"View Summons (http://nycserv.nyc.gov/NYCServWeb/ShowImage?searchID=VDBSck5FNUVVWGxOVkZFelQxRTlQUT09&locationName=_____________________)"
"328VS","ME","PAS","8542170611","06/18/2018",,,,,,,,,,,,,,"View Summons (http://nycserv.nyc.gov/NYCServWeb/ShowImage?searchID=VDBSVk1FMXFSVE5OUkZsNFRWRTlQUT09&locationName=_____________________)"
"HZL5154","NY","PAS","8864083091","01/14/2022","12:28P","FAIL TO DSPLY MUNI METER RECPT",,"35","0","0","0","35","0","066","K","TRAFFIC",,"View Summons (http://nycserv.nyc.gov/NYCServWeb/ShowImage?searchID=VDBSbk1rNUVRVFJOZWtFMVRWRTlQUT09&locationName=_____________________)"
"KFN7516","NY","PAS","8850380732","06/14/2021","08:47A","INSP. STICKER-EXPIRED/MISSING",,"65","0","0","0","65","0","105","Q","TRAFFIC",,"View Summons (http://nycserv.nyc.gov/NYCServWeb/ShowImage?searchID=VDBSbk1VMUVUVFJOUkdONlRXYzlQUT09&locationName=_____________________)"
"KLD5387","NY","PAS","4842470471","05/22/2023","09:00A","PHTO SCHOOL ZN SPEED VIOLATION",,"50","0","0","0","50","0","000","BK","DEPARTMENT OF TRANSPORTATION",,"View Summons (http://nycserv.nyc.gov/NYCServWeb/ShowImage?searchID=VGtSbk1FMXFVVE5OUkZFelRWRTlQUT09&locationName=_____________________)"
"KVX8406","NY","PAS","9072425716","08/20/2023","01:08P","FIRE HYDRANT",,"115","0","0","0","115","0","102","Q","TRAFFIC",,"View Summons (http://nycserv.nyc.gov/NYCServWeb/ShowImage?searchID=VDFSQk0wMXFVWGxPVkdONFRtYzlQUT09&locationName=_____________________)"
"81513MA","NY","COM","8841039139","03/02/2021","09:50A","NO STANDING-DAY/TIME LIMITS",,"115","0","0","0","115","0","109","Q","TRAFFIC",,"View Summons (http://nycserv.nyc.gov/NYCServWeb/ShowImage?searchID=VDBSbk1FMVVRWHBQVkVWNlQxRTlQUT09&locationName=_____________________)"
"LAJ5566","NY","PAS","4842470501","05/22/2023","09:02A","PHTO SCHOOL ZN SPEED VIOLATION",,"50","25","0","0","75","0","000","BK","DEPARTMENT OF TRANSPORTATION",,"View Summons (http://nycserv.nyc.gov/NYCServWeb/ShowImage?searchID=VGtSbk1FMXFVVE5OUkZWM1RWRTlQUT09&locationName=_____________________)"
"KXC4740","NY","PAS","9064422011","07/07/2023","01:26P","INSP. STICKER-EXPIRED/MISSING",,"65","0","0","0","65","0","112","Q","TRAFFIC","HEARING HELD-GUILTY","View Summons (http://nycserv.nyc.gov/NYCServWeb/ShowImage?searchID=VDFSQk1rNUVVWGxOYWtGNFRWRTlQUT09&locationName=_____________________)"
"KRH1590","NY","PAS","9064422023","07/07/2023","01:29P","EXPIRED MUNI METER",,"35","0","0","0","35","0","112","Q","TRAFFIC","HEARING HELD-GUILTY","View Summons (http://nycserv.nyc.gov/NYCServWeb/ShowImage?searchID=VDFSQk1rNUVVWGxOYWtGNVRYYzlQUT09&locationName=_____________________)"
"KDH5960","NY","PAS","8984564140","02/23/2022","09:37A","NO PARKING-STREET CLEANING",,"65","0","0","0","65","0","078","K","TRAFFIC",,"View Summons (http://nycserv.nyc.gov/NYCServWeb/ShowImage?searchID=VDBSck5FNUVWVEpPUkVVd1RVRTlQUT09&locationName=_____________________)"
"CWS4172","NY","PAS","8985255710","02/24/2022","01:35P","NO STANDING-EXC. TRUCK LOADING",,"95","0","0","0","95","0","067","K","TRAFFIC",,"View Summons (http://nycserv.nyc.gov/NYCServWeb/ShowImage?searchID=VDBSck5FNVVTVEZPVkdONFRVRTlQUT09&locationName=_____________________)"
"FHB2260","NY","PAS","8841039190","03/02/2021","10:45A","FAIL TO DSPLY MUNI METER RECPT",,"35","0","0","35","0","0","109","Q","TRAFFIC","HEARING HELD-NOT GUILTY","View Summons (http://nycserv.nyc.gov/NYCServWeb/ShowImage?searchID=VDBSbk1FMVVRWHBQVkVVMVRVRTlQUT09&locationName=_____________________)"
"GPV6856","NY","PAS","8841039206","03/02/2021","11:08A","NO PARKING-STREET CLEANING",,"65","0","0","0","65","0","109","Q","TRAFFIC",,"View Summons (http://nycserv.nyc.gov/NYCServWeb/ShowImage?searchID=VDBSbk1FMVVRWHBQVkVsM1RtYzlQUT09&locationName=_____________________)"
"C27PKZ","NJ","PAS","4918673296","09/23/2024","08:29P","PHTO SCHOOL ZN SPEED VIOLATION",,"50","0","0","0","50","0","000","BK","DEPARTMENT OF TRANSPORTATION",,"View Summons (http://nycserv.nyc.gov/NYCServWeb/ShowImage?searchID=VGtScmVFOUVXVE5OZWtrMVRtYzlQUT09&locationName=_____________________)"
"KHG2545","NY","PAS","8985703985","02/23/2022","01:41P","FAIL TO DSPLY MUNI METER RECPT",,"65","0","0","65","0","0","007","NY","TRAFFIC","HEARING HELD-NOT GUILTY","View Summons (http://nycserv.nyc.gov/NYCServWeb/ShowImage?searchID=VDBSck5FNVVZM2ROZW1zMFRsRTlQUT09&locationName=_____________________)"
"55AUYB","FL","PAS","8985954489","02/24/2022","12:04P","FIRE HYDRANT",,"115","0","0","0","115","0","114","Q","TRAFFIC",,"View Summons (http://nycserv.nyc.gov/NYCServWeb/ShowImage?searchID=VDBSck5FNVVhekZPUkZFMFQxRTlQUT09&locationName=_____________________)"
"BPBQ63","FL","PAS","9021779389","12/15/2022","02:28P","NO STANDING-DAY/TIME LIMITS",,"115","10","0","0","125","0","110","Q","TRAFFIC",,"View Summons (http://nycserv.nyc.gov/NYCServWeb/ShowImage?searchID=VDFSQmVVMVVZek5QVkUwMFQxRTlQUT09&locationName=_____________________)"
"KZN4383","NY","PAS","4842470460","05/22/2023","09:00A","PHTO SCHOOL ZN SPEED VIOLATION",,"50","25","0","0","75","0","000","BK","DEPARTMENT OF TRANSPORTATION",,"View Summons (http://nycserv.nyc.gov/NYCServWeb/ShowImage?searchID=VGtSbk1FMXFVVE5OUkZFeVRVRTlQUT09&locationName=_____________________)"
"KRR3149","NY","PAS","8986392288","02/24/2022","09:35P","FAIL TO DSPLY MUNI METER RECPT",,"35","0","0","0","35","0","107","Q","TRAFFIC",,"View Summons (http://nycserv.nyc.gov/NYCServWeb/ShowImage?searchID=VDBSck5FNXFUVFZOYWtrMFQwRTlQUT09&locationName=_____________________)"
"6RDX507","CA","PAS","8995167981","07/23/2021","11:47A","NO PARKING-STREET CLEANING",,"65","0","0","0","65","0","094","K","TRAFFIC",,"View Summons (http://nycserv.nyc.gov/NYCServWeb/ShowImage?searchID=VDBSck5VNVVSVEpPZW1zMFRWRTlQUT09&locationName=_____________________)"
"KKG6520","NY","PAS","8994107599","05/13/2021","05:50P","FAIL TO DSPLY MUNI METER RECPT",,"35","0","0","0","35","0","088","K","TRAFFIC",,"View Summons (http://nycserv.nyc.gov/NYCServWeb/ShowImage?searchID=VDBSck5VNUVSWGRPZWxVMVQxRTlQUT09&locationName=_____________________)"
"JLP1529","NY","PAS","8864083110","01/14/2022","12:34P","FAIL TO DSPLY MUNI METER RECPT",,"35","0","0","0","35","0","066","K","TRAFFIC",,"View Summons (http://nycserv.nyc.gov/NYCServWeb/ShowImage?searchID=VDBSbk1rNUVRVFJOZWtWNFRVRTlQUT09&locationName=_____________________)"
"K62DHW","NJ","PAS","8864083121","01/14/2022","12:36P","FAIL TO DSPLY MUNI METER RECPT",,"35","0","0","0","35","0","066","K","TRAFFIC",,"View Summons (http://nycserv.nyc.gov/NYCServWeb/ShowImage?searchID=VDBSbk1rNUVRVFJOZWtWNVRWRTlQUT09&locationName=_____________________)"
"HGJ7715","NY","PAS","8584936749","11/01/2022","01:55P","FAIL TO DSPLY MUNI METER RECPT",,"35","0","0","0","35","0","115","Q","TRAFFIC",,"View Summons (http://nycserv.nyc.gov/NYCServWeb/ShowImage?searchID=VDBSVk5FNUVhM3BPYW1Nd1QxRTlQUT09&locationName=_____________________)"
"4445012","NH","PAS","8683443097","03/20/2019",,,,,,,,,,,,,,"View Summons (http://nycserv.nyc.gov/NYCServWeb/ShowImage?searchID=VDBSWk5FMTZVVEJOZWtFMVRuYzlQUT09&locationName=_____________________)"
"HLY2169","NY","PAS","8683427894","12/08/2018","05:49P","FAIL TO DSPLY MUNI METER RECPT","05/02/2019","65","60","32.71","0.22","157.49","0","009","NY","TRAFFIC","HEARING ADJOURNMENT","View Summons (http://nycserv.nyc.gov/NYCServWeb/ShowImage?searchID=VDBSWk5FMTZVWGxPZW1jMVRrRTlQUT09&locationName=_____________________)"
"KKM3776","NY","PAS","4811225594","11/07/2022","09:41P","PHTO SCHOOL ZN SPEED VIOLATION",,"50","25","0","0","75","0","000","BK","DEPARTMENT OF TRANSPORTATION",,"View Summons (http://nycserv.nyc.gov/NYCServWeb/ShowImage?searchID=VGtSbmVFMVVTWGxPVkZVMVRrRTlQUT09&locationName=_____________________)"
"3440222","IN","PAS","8935898752","01/18/2023","04:54P","DOUBLE PARKING-MIDTOWN COMML",,"115","30","0","0","145","0","010","NY","TRAFFIC",,"View Summons (http://nycserv.nyc.gov/NYCServWeb/ShowImage?searchID=VDBScmVrNVVaelZQUkdNeFRXYzlQUT09&locationName=_____________________)"
"44313MK","NY","COM","8683448253","04/20/2019",,,,,,,,,,,,,,"View Summons (http://nycserv.nyc.gov/NYCServWeb/ShowImage?searchID=VDBSWk5FMTZVVEJQUkVreFRYYzlQUT09&locationName=_____________________)"
"KFP4235","NY","PAS","8995168158","07/23/2021","12:09P","NO PARKING-STREET CLEANING",,"65","0","0","0","65","0","094","K","TRAFFIC",,"View Summons (http://nycserv.nyc.gov/NYCServWeb/ShowImage?searchID=VDBSck5VNVVSVEpQUkVVeFQwRTlQUT09&locationName=_____________________)"
"KTN3358","NY","PAS","4842470665","05/22/2023","09:05A","PHTO SCHOOL ZN SPEED VIOLATION",,"50","25","0","0","75","0","000","MN","DEPARTMENT OF TRANSPORTATION","HEARING ADJOURNMENT","View Summons (http://nycserv.nyc.gov/NYCServWeb/ShowImage?searchID=VGtSbk1FMXFVVE5OUkZreVRsRTlQUT09&locationName=_____________________)"
"KRH1456","NY","PAS","4842470707","05/22/2023","09:05A","PHTO SCHOOL ZN SPEED VIOLATION",,"50","0","0","0","50","0","000","QN","DEPARTMENT OF TRANSPORTATION",,"View Summons (http://nycserv.nyc.gov/NYCServWeb/ShowImage?searchID=VGtSbk1FMXFVVE5OUkdOM1RuYzlQUT09&locationName=_____________________)"
"60828NC","NY","COM","9089647170","11/08/2023","03:52P","REG. STICKER-EXPIRED/MISSING",,"65","10","0","0","75","0","033","NY","TRAFFIC",,"View Summons (http://nycserv.nyc.gov/NYCServWeb/ShowImage?searchID=VDFSQk5FOVVXVEJPZWtVelRVRTlQUT09&locationName=_____________________)"
"KRH5596","NY","PAS","8986495144","02/23/2022","10:59A","FAIL TO DSPLY MUNI METER RECPT",,"35","0","0","35","0","0","114","Q","TRAFFIC","HEARING HELD-NOT GUILTY","View Summons (http://nycserv.nyc.gov/NYCServWeb/ShowImage?searchID=VDBSck5FNXFVVFZPVkVVd1RrRTlQUT09&locationName=_____________________)"
"KTW7829","NY","PAS","8986495375","02/23/2022","04:53P","FAIL TO DSPLY MUNI METER RECPT",,"35","0","0","0","35","0","109","Q","TRAFFIC",,"View Summons (http://nycserv.nyc.gov/NYCServWeb/ShowImage?searchID=VDBSck5FNXFVVFZPVkUwelRsRTlQUT09&locationName=_____________________)"
"161WPZ","MA","PAS","8995168018","07/23/2021","11:52A","NO PARKING-STREET CLEANING",,"65","0","0","0","65","0","094","K","TRAFFIC","HEARING HELD-GUILTY","View Summons (http://nycserv.nyc.gov/NYCServWeb/ShowImage?searchID=VDBSck5VNVVSVEpQUkVGNFQwRTlQUT09&locationName=_____________________)"
"P86LYC","NJ","PAS","8986495417","02/23/2022","05:12P","EXPIRED MUNI METER",,"35","0","0","0","35","0","109","Q","TRAFFIC",,"View Summons (http://nycserv.nyc.gov/NYCServWeb/ShowImage?searchID=VDBSck5FNXFVVFZPVkZGNFRuYzlQUT09&locationName=_____________________)"
"GJX6875","NY","PAS","1381008896","04/04/2015",,,,,,,,,,,,,,"View Summons (http://nycserv.nyc.gov/NYCServWeb/ShowImage?searchID=VFZSTk5FMVVRWGRQUkdjMVRtYzlQUT09&locationName=_____________________)"
"HVX1871","NY","PAS","8542236117","01/29/2018","09:39A","EXPIRED MUNI METER","05/17/2018","35","60","21.31","0","116.31","0","122","R","TRAFFIC",,"View Summons (http://nycserv.nyc.gov/NYCServWeb/ShowImage?searchID=VDBSVk1FMXFTWHBPYWtWNFRuYzlQUT09&locationName=_____________________)"
"BC53151","CT","PAS","9007714545","09/30/2022","09:14A","NO PARKING-STREET CLEANING",,"65","0","0","0","65","0","048","BX","TRAFFIC",,"View Summons (http://nycserv.nyc.gov/NYCServWeb/ShowImage?searchID=VDFSQmQwNTZZM2hPUkZVd1RsRTlQUT09&locationName=_____________________)"
"LBX6034","NY","PAS","9064422035","07/07/2023","01:41P","FAIL TO DSPLY MUNI METER RECPT",,"35","10","0","10","35","0","112","Q","TRAFFIC",,"View Summons (http://nycserv.nyc.gov/NYCServWeb/ShowImage?searchID=VDFSQk1rNUVVWGxOYWtGNlRsRTlQUT09&locationName=_____________________)"
"KJA9318","NY","PAS","9113644865","03/18/2024","05:43A","NO PARKING-DAY/TIME LIMITS",,"60","0","0","0","60","0","109","Q","TRAFFIC",,"View Summons (http://nycserv.nyc.gov/NYCServWeb/ShowImage?searchID=VDFSRmVFMTZXVEJPUkdjeVRsRTlQUT09&locationName=_____________________)"
"JEF4996","NY","PAS","4811225715","11/07/2022","09:45P","PHTO SCHOOL ZN SPEED VIOLATION",,"50","0","0","0","50","0","000","QN","DEPARTMENT OF TRANSPORTATION",,"View Summons (http://nycserv.nyc.gov/NYCServWeb/ShowImage?searchID=VGtSbmVFMVVTWGxPVkdONFRsRTlQUT09&locationName=_____________________)"
"406349","IL","PAS","8995168262","07/27/2021","11:41A","NO PARKING-STREET CLEANING",,"65","0","0","0","65","0","094","K","TRAFFIC","HEARING HELD-GUILTY","View Summons (http://nycserv.nyc.gov/NYCServWeb/ShowImage?searchID=VDBSck5VNVVSVEpQUkVreVRXYzlQUT09&locationName=_____________________)"
"JDG1507","NY","PAS","8994107794","05/14/2021","12:07P","NO STANDING-DAY/TIME LIMITS",,"115","0","0","0","115","0","094","K","TRAFFIC",,"View Summons (http://nycserv.nyc.gov/NYCServWeb/ShowImage?searchID=VDBSck5VNUVSWGRPZW1NMVRrRTlQUT09&locationName=_____________________)"
"94203NB","NY","COM","8994574645","08/27/2021","02:51P","FIRE HYDRANT",,"115","0","0","0","115","0","079","K","TRAFFIC",,"View Summons (http://nycserv.nyc.gov/NYCServWeb/ShowImage?searchID=VDBSck5VNUVWVE5PUkZrd1RsRTlQUT09&locationName=_____________________)"
"KHA5489","NY","PAS","8864083261","01/15/2022","11:11A","FAIL TO DSPLY MUNI METER RECPT",,"35","0","0","0","35","0","070","K","TRAFFIC",,"View Summons (http://nycserv.nyc.gov/NYCServWeb/ShowImage?searchID=VDBSbk1rNUVRVFJOZWtreVRWRTlQUT09&locationName=_____________________)"
"QZVG77","FL","PAS","8823984026","06/09/2022","08:47A","NO PARKING-STREET CLEANING",,"65","0","0","0","65","0","007","NY","TRAFFIC",,"View Summons (http://nycserv.nyc.gov/NYCServWeb/ShowImage?searchID=VDBSbmVVMTZhelJPUkVGNVRtYzlQUT09&locationName=_____________________)"
"57758MJ","NY","COM","8585042187","07/18/2022","07:52A","NO STANDING-BUS STOP",,"115","0","0","0","115","0","103","Q","TRAFFIC","HEARING HELD-GUILTY","View Summons (http://nycserv.nyc.gov/NYCServWeb/ShowImage?searchID=VDBSVk5FNVVRVEJOYWtVMFRuYzlQUT09&locationName=_____________________)"
"JFZ3828","NY","PAS","8972217670","05/03/2021","10:35A","DOUBLE PARKING",,"115","10","0","0","125","0","066","K","TRAFFIC",,"View Summons (http://nycserv.nyc.gov/NYCServWeb/ShowImage?searchID=VDBSck0wMXFTWGhPZWxrelRVRTlQUT09&locationName=_____________________)"
"KRA7601","NY","PAS","8995168328","07/27/2021","11:55A","FIRE HYDRANT",,"115","0","0","0","115","0","094","K","TRAFFIC",,"View Summons (http://nycserv.nyc.gov/NYCServWeb/ShowImage?searchID=VDBSck5VNVVSVEpQUkUxNVQwRTlQUT09&locationName=_____________________)"
"KFP1858","NY","PAS","8995168420","07/27/2021","12:15P","NO PARKING-STREET CLEANING",,"65","0","0","0","65","0","094","K","TRAFFIC",,"View Summons (http://nycserv.nyc.gov/NYCServWeb/ShowImage?searchID=VDBSck5VNVVSVEpQUkZGNVRVRTlQUT09&locationName=_____________________)"
"KJE8450","NY","PAS","8995168274","07/27/2021","11:45A","NO PARKING-STREET CLEANING",,"65","0","0","0","65","0","094","K","TRAFFIC",,"View Summons (http://nycserv.nyc.gov/NYCServWeb/ShowImage?searchID=VDBSck5VNVVSVEpQUkVrelRrRTlQUT09&locationName=_____________________)"
"49BG07","NY","LMB","8913912776","04/07/2021","06:35A","FIRE HYDRANT",,"115","0","0","115","0","0","010","NY","TRAFFIC","HEARING HELD-NOT GUILTY","View Summons (http://nycserv.nyc.gov/NYCServWeb/ShowImage?searchID=VDBScmVFMTZhM2hOYW1NelRtYzlQUT09&locationName=_____________________)"
"F13LTJ","NJ","PAS","8995168523","07/27/2021","12:53P","NON-COMPLIANCE W/ POSTED SIGN",,"60","0","0","0","60","0","094","K","TRAFFIC","HEARING HELD-GUILTY","View Summons (http://nycserv.nyc.gov/NYCServWeb/ShowImage?searchID=VDBSck5VNVVSVEpQUkZWNVRYYzlQUT09&locationName=_____________________)"
"HRK8036","NY","PAS","8994574700","08/27/2021","03:54P","BIKE LANE",,"115","0","0","0","115","0","079","K","TRAFFIC",,"View Summons (http://nycserv.nyc.gov/NYCServWeb/ShowImage?searchID=VDBSck5VNUVWVE5PUkdOM1RVRTlQUT09&locationName=_____________________)"
"USED","NY","SPO","9021779614","12/16/2022","01:51P","FAIL TO DSPLY MUNI METER RECPT",,"35","30","0","0","65","0","111","Q","TRAFFIC",,"View Summons (http://nycserv.nyc.gov/NYCServWeb/ShowImage?searchID=VDFSQmVVMVVZek5QVkZsNFRrRTlQUT09&locationName=_____________________)"
"1HHM64","MA","PAS","8823983964","06/09/2022","08:39A","NO PARKING-STREET CLEANING",,"65","30","0","0","95","0","007","NY","TRAFFIC",,"View Summons (http://nycserv.nyc.gov/NYCServWeb/ShowImage?searchID=VDBSbmVVMTZhelJOZW1zeVRrRTlQUT09&locationName=_____________________)"
"KPK6285","NY","PAS","9072425741","08/20/2023","01:46P","NO STANDING-DAY/TIME LIMITS",,"115","0","0","115","0","0","102","Q","TRAFFIC","HEARING HELD-NOT GUILTY","View Summons (http://nycserv.nyc.gov/NYCServWeb/ShowImage?searchID=VDFSQk0wMXFVWGxPVkdNd1RWRTlQUT09&locationName=_____________________)"
"KUG8461","NY","PAS","8986495582","02/24/2022","11:27A","NO PARKING-DAY/TIME LIMITS",,"60","0","0","0","60","0","110","Q","TRAFFIC",,"View Summons (http://nycserv.nyc.gov/NYCServWeb/ShowImage?searchID=VDBSck5FNXFVVFZPVkZVMFRXYzlQUT09&locationName=_____________________)"
"KXT2932","NY","PAS","4811225600","11/07/2022","09:41P","PHTO SCHOOL ZN SPEED VIOLATION","02/02/2023","50","25","0.73","0.04","75.69","0","000","BK","DEPARTMENT OF TRANSPORTATION",,"View Summons (http://nycserv.nyc.gov/NYCServWeb/ShowImage?searchID=VGtSbmVFMVVTWGxPVkZsM1RVRTlQUT09&locationName=_____________________)"
"KMG9964","NY","PAS","9085880490","10/20/2023","09:05A","NO STANDING-DAY/TIME LIMITS",,"115","0","0","0","115","0","076","K","TRAFFIC","HEARING HELD-GUILTY","View Summons (http://nycserv.nyc.gov/NYCServWeb/ShowImage?searchID=VDFSQk5FNVVaelJOUkZFMVRVRTlQUT09&locationName=_____________________)"
"BC17639","CT","PAS","4842470719","05/22/2023","09:06A","PHTO SCHOOL ZN SPEED VIOLATION","08/17/2023","50","25","0.52","0.52","75","0","000","BK","DEPARTMENT OF TRANSPORTATION",,"View Summons (http://nycserv.nyc.gov/NYCServWeb/ShowImage?searchID=VGtSbk1FMXFVVE5OUkdONFQxRTlQUT09&locationName=_____________________)"
"KES5010","NY","PAS","8986577288","02/23/2022","09:35A","FRONT OR BACK PLATE MISSING",,"65","0","0","65","0","0","079","K","TRAFFIC","HEARING HELD-NOT GUILTY","View Summons (http://nycserv.nyc.gov/NYCServWeb/ShowImage?searchID=VDBSck5FNXFWVE5PZWtrMFQwRTlQUT09&locationName=_____________________)"
"GGM8490","NY","PAS","8994574633","08/27/2021","02:47P","NO STANDING-EXC. TRUCK LOADING",,"95","0","0","0","95","0","079","K","TRAFFIC","HEARING HELD-GUILTY","View Summons (http://nycserv.nyc.gov/NYCServWeb/ShowImage?searchID=VDBSck5VNUVWVE5PUkZsNlRYYzlQUT09&locationName=_____________________)"
"LPD1487","TX","PAS","8850380884","06/15/2021","07:24A","FIRE HYDRANT",,"115","0","0","0","115","0","101","Q","TRAFFIC",,"View Summons (http://nycserv.nyc.gov/NYCServWeb/ShowImage?searchID=VDBSbk1VMUVUVFJOUkdjMFRrRTlQUT09&locationName=_____________________)"
"JJH5850","NY","PAS","8864083297","01/15/2022","11:24A","DOUBLE PARKING",,"115","0","0","0","115","0","070","K","TRAFFIC",,"View Summons (http://nycserv.nyc.gov/NYCServWeb/ShowImage?searchID=VDBSbk1rNUVRVFJOZWtrMVRuYzlQUT09&locationName=_____________________)"
"8VPU200","CA","PAS","4811225788","11/07/2022","09:49P","PHTO SCHOOL ZN SPEED VIOLATION",,"50","0","0","0","50","0","000","QN","DEPARTMENT OF TRANSPORTATION",,"View Summons (http://nycserv.nyc.gov/NYCServWeb/ShowImage?searchID=VGtSbmVFMVVTWGxPVkdNMFQwRTlQUT09&locationName=_____________________)"
"G82PYG","NJ","PAS","4811225739","11/07/2022","09:47P","PHTO SCHOOL ZN SPEED VIOLATION",,"50","25","0","0","75","0","000","BX","DEPARTMENT OF TRANSPORTATION",,"View Summons (http://nycserv.nyc.gov/NYCServWeb/ShowImage?searchID=VGtSbmVFMVVTWGxPVkdONlQxRTlQUT09&locationName=_____________________)"
"KXL6413","NY","PAS","8935898922","01/19/2023","06:00P","FRONT OR BACK PLATE MISSING",,"65","30","0","0","95","0","010","NY","TRAFFIC",,"View Summons (http://nycserv.nyc.gov/NYCServWeb/ShowImage?searchID=VDBScmVrNVVaelZQUkd0NVRXYzlQUT09&locationName=_____________________)"
"R11RBE","NJ","PAS","8585046223","08/05/2022","07:45A","NO PARKING-STREET CLEANING",,"65","10","0","0","75","0","104","Q","TRAFFIC",,"View Summons (http://nycserv.nyc.gov/NYCServWeb/ShowImage?searchID=VDBSVk5FNVVRVEJPYWtsNVRYYzlQUT09&locationName=_____________________)"
"X49ETV","NJ","PAS","8585088217","10/06/2022","07:55A","NO PARKING-STREET CLEANING",,"65","0","0","0","65","0","025","NY","TRAFFIC",,"View Summons (http://nycserv.nyc.gov/NYCServWeb/ShowImage?searchID=VDBSVk5FNVVRVFJQUkVsNFRuYzlQUT09&locationName=_____________________)"
"KLC3307","NY","PAS","8585088837","10/08/2022","06:50A","NO PARKING-DAY/TIME LIMITS",,"60","0","0","0","60","0","028","NY","TRAFFIC",,"View Summons (http://nycserv.nyc.gov/NYCServWeb/ShowImage?searchID=VDBSVk5FNVVRVFJQUkdkNlRuYzlQUT09&locationName=_____________________)"
"T697408C","NY","OMT","8979007322","04/01/2021","05:33P","FAIL TO DSPLY MUNI METER RECPT",,"35","0","0","0","35","0","061","K","TRAFFIC",,"View Summons (http://nycserv.nyc.gov/NYCServWeb/ShowImage?searchID=VDBSck0wOVVRWGRPZWsxNVRXYzlQUT09&locationName=_____________________)"
"KTY1254","NY","PAS","9105541736","01/26/2024","06:41A","FIRE HYDRANT",,"115","0","0","0","115","0","067","K","TRAFFIC",,"View Summons (http://nycserv.nyc.gov/NYCServWeb/ShowImage?searchID=VDFSRmQwNVVWVEJOVkdONlRtYzlQUT09&locationName=_____________________)"
"KLL3290","NY","PAS","8864083285","01/15/2022","11:21A","FIRE HYDRANT",,"115","0","0","0","115","0","070","K","TRAFFIC",,"View Summons (http://nycserv.nyc.gov/NYCServWeb/ShowImage?searchID=VDBSbk1rNUVRVFJOZWtrMFRsRTlQUT09&locationName=_____________________)"
"ELPACHY","NY","OMT","4811225790","11/07/2022","09:49P","PHTO SCHOOL ZN SPEED VIOLATION",,"50","0","0","0","50","0","000","MN","DEPARTMENT OF TRANSPORTATION",,"View Summons (http://nycserv.nyc.gov/NYCServWeb/ShowImage?searchID=VGtSbmVFMVVTWGxPVkdNMVRVRTlQUT09&locationName=_____________________)"
"DFX8753","NY","PAS","9021779810","12/17/2022","05:55A","NO STANDING-DAY/TIME LIMITS",,"115","30","0","20","125","0","108","Q","TRAFFIC",,"View Summons (http://nycserv.nyc.gov/NYCServWeb/ShowImage?searchID=VDFSQmVVMVVZek5QVkdkNFRVRTlQUT09&locationName=_____________________)"
"JKZX18","FL","PAS","9081494776","09/28/2023","05:18P","FAIL TO DSPLY MUNI METER RECPT",,"65","0","0","0","65","0","006","NY","TRAFFIC",,"View Summons (http://nycserv.nyc.gov/NYCServWeb/ShowImage?searchID=VDFSQk5FMVVVVFZPUkdNelRtYzlQUT09&locationName=_____________________)"
"KMU2608","NY","PAS","4842470744","05/22/2023","09:06A","PHTO SCHOOL ZN SPEED VIOLATION",,"50","25","0","0","75","0","000","BX","DEPARTMENT OF TRANSPORTATION",,"View Summons (http://nycserv.nyc.gov/NYCServWeb/ShowImage?searchID=VGtSbk1FMXFVVE5OUkdNd1RrRTlQUT09&locationName=_____________________)"
"DDS260","NY","SRF","4842470732","05/22/2023","09:06A","PHTO SCHOOL ZN SPEED VIOLATION","08/17/2023","50","25","0.62","0.06","75.56","0","000","QN","DEPARTMENT OF TRANSPORTATION",,"View Summons (http://nycserv.nyc.gov/NYCServWeb/ShowImage?searchID=VGtSbk1FMXFVVE5OUkdONlRXYzlQUT09&locationName=_____________________)"
"KKX2105","NY","PAS","8957971129","05/03/2021","06:09A","FIRE HYDRANT",,"115","0","0","0","115","0","048","BX","TRAFFIC","HEARING HELD-GUILTY","View Summons (http://nycserv.nyc.gov/NYCServWeb/ShowImage?searchID=VDBSck1VNTZhek5OVkVWNVQxRTlQUT09&locationName=_____________________)"
"HGJ8158","NY","PAS","8850381049","06/15/2021","08:45A","NO PARKING-STREET CLEANING",,"65","0","0","0","65","0","101","Q","TRAFFIC",,"View Summons (http://nycserv.nyc.gov/NYCServWeb/ShowImage?searchID=VDBSbk1VMUVUVFJOVkVFd1QxRTlQUT09&locationName=_____________________)"
"KJM7615","NY","PAS","8850381037","06/15/2021","08:43A","NO PARKING-STREET CLEANING",,"65","0","0","0","65","0","101","Q","TRAFFIC",,"View Summons (http://nycserv.nyc.gov/NYCServWeb/ShowImage?searchID=VDBSbk1VMUVUVFJOVkVGNlRuYzlQUT09&locationName=_____________________)"
"KJW2921","NY","PAS","8957971210","05/03/2021","07:07A","NO STANDING-EXC. AUTH. VEHICLE",,"95","0","0","0","95","0","048","BX","TRAFFIC",,"View Summons (http://nycserv.nyc.gov/NYCServWeb/ShowImage?searchID=VDBSck1VNTZhek5OVkVsNFRVRTlQUT09&locationName=_____________________)"
"JFT5197","NY","PAS","9021780501","11/28/2022","10:16A","FRONT OR BACK PLATE MISSING",,"65","30","0","0","95","0","114","Q","TRAFFIC","HEARING HELD-GUILTY","View Summons (http://nycserv.nyc.gov/NYCServWeb/ShowImage?searchID=VDFSQmVVMVVZelJOUkZWM1RWRTlQUT09&locationName=_____________________)"
"45BG10","NY","LMB","9064422126","07/07/2023","04:38P","NO STANDING-DAY/TIME LIMITS",,"115","0","0","0","115","0","112","Q","TRAFFIC","HEARING HELD-GUILTY","View Summons (http://nycserv.nyc.gov/NYCServWeb/ShowImage?searchID=VDFSQk1rNUVVWGxOYWtWNVRtYzlQUT09&locationName=_____________________)"
"JPW3630","NY","PAS","8986577616","02/24/2022","08:28A","NO PARKING-STREET CLEANING",,"65","0","0","0","65","0","075","K","TRAFFIC",,"View Summons (http://nycserv.nyc.gov/NYCServWeb/ShowImage?searchID=VDBSck5FNXFWVE5PZWxsNFRtYzlQUT09&locationName=_____________________)"
"7CH3326","MD","PAS","8636385120","04/20/2018",,,,,,,,,,,,,,"View Summons (http://nycserv.nyc.gov/NYCServWeb/ShowImage?searchID=VDBSWmVrNXFUVFJPVkVWNVRVRTlQUT09&locationName=_____________________)"
"KML8828","NY","PAS","8850381050","06/15/2021","08:48A","NO PARKING-STREET CLEANING",,"65","0","0","0","65","0","101","Q","TRAFFIC",,"View Summons (http://nycserv.nyc.gov/NYCServWeb/ShowImage?searchID=VDBSbk1VMUVUVFJOVkVFeFRVRTlQUT09&locationName=_____________________)"
"KMU5095","NY","PAS","4842470770","05/22/2023","09:07A","PHTO SCHOOL ZN SPEED VIOLATION",,"50","25","0","0","75","0","000","QN","DEPARTMENT OF TRANSPORTATION",,"View Summons (http://nycserv.nyc.gov/NYCServWeb/ShowImage?searchID=VGtSbk1FMXFVVE5OUkdNelRVRTlQUT09&locationName=_____________________)"
"HVN2914","NY","PAS","9085880531","10/20/2023","09:14A","NO PARKING-STREET CLEANING",,"65","10","0","10","65","0","076","K","TRAFFIC",,"View Summons (http://nycserv.nyc.gov/NYCServWeb/ShowImage?searchID=VDFSQk5FNVVaelJOUkZWNlRWRTlQUT09&locationName=_____________________)"
"A26PJY","NJ","PAS","8986913781","02/24/2022","07:24A","SAFETY ZONE",,"115","0","0","0","115","0","090","K","TRAFFIC",,"View Summons (http://nycserv.nyc.gov/NYCServWeb/ShowImage?searchID=VDBSck5FNXFhM2hOZW1NMFRWRTlQUT09&locationName=_____________________)"
"JPY5907","NY","PAS","8957971282","05/03/2021","07:43A","NO STANDING-DAY/TIME LIMITS",,"115","0","0","0","115","0","048","BX","TRAFFIC",,"View Summons (http://nycserv.nyc.gov/NYCServWeb/ShowImage?searchID=VDBSck1VNTZhek5OVkVrMFRXYzlQUT09&locationName=_____________________)"
"262369T","NJ","PAS","8823736195","03/12/2022",,,,,,,,,,,,,,"View Summons (http://nycserv.nyc.gov/NYCServWeb/ShowImage?searchID=VDBSbmVVMTZZM3BPYWtVMVRsRTlQUT09&locationName=_____________________)"
"KSP8352","NY","PAS","8988099989","02/23/2022","08:56A","NO PARKING-DAY/TIME LIMITS",,"60","0","0","0","60","0","084","K","TRAFFIC",,"View Summons (http://nycserv.nyc.gov/NYCServWeb/ShowImage?searchID=VDBSck5FOUVRVFZQVkdzMFQxRTlQUT09&locationName=_____________________)"
"KFV8643","NY","PAS","8988539643","02/24/2022","08:59A","NO PARKING-STREET CLEANING",,"65","0","0","0","65","0","094","K","TRAFFIC",,"View Summons (http://nycserv.nyc.gov/NYCServWeb/ShowImage?searchID=VDBSck5FOUVWWHBQVkZrd1RYYzlQUT09&locationName=_____________________)"
"JNC3191","NY","PAS","8850381062","06/15/2021","08:48A","NO PARKING-STREET CLEANING",,"65","0","0","0","65","0","101","Q","TRAFFIC",,"View Summons (http://nycserv.nyc.gov/NYCServWeb/ShowImage?searchID=VDBSbk1VMUVUVFJOVkVFeVRXYzlQUT09&locationName=_____________________)"
"G38MMY","NJ","PAS","8988539771","02/24/2022","09:24A","NO PARKING-STREET CLEANING",,"65","0","0","0","65","0","094","K","TRAFFIC",,"View Summons (http://nycserv.nyc.gov/NYCServWeb/ShowImage?searchID=VDBSck5FOUVWWHBQVkdNelRWRTlQUT09&locationName=_____________________)"
"KFN2729","NY","PAS","8988539795","02/24/2022","09:27A","NO PARKING-STREET CLEANING",,"65","0","0","0","65","0","094","K","TRAFFIC",,"View Summons (http://nycserv.nyc.gov/NYCServWeb/ShowImage?searchID=VDBSck5FOUVWWHBQVkdNMVRsRTlQUT09&locationName=_____________________)"
"HKZ3637","NC","PAS","8988539801","02/24/2022","09:29A","NO PARKING-STREET CLEANING",,"65","0","0","0","65","0","094","K","TRAFFIC",,"View Summons (http://nycserv.nyc.gov/NYCServWeb/ShowImage?searchID=VDBSck5FOUVWWHBQVkdkM1RWRTlQUT09&locationName=_____________________)"
"GNC2904","NY","PAS","8850381074","06/15/2021","08:49A","NO PARKING-STREET CLEANING",,"65","0","0","0","65","0","101","Q","TRAFFIC",,"View Summons (http://nycserv.nyc.gov/NYCServWeb/ShowImage?searchID=VDBSbk1VMUVUVFJOVkVFelRrRTlQUT09&locationName=_____________________)"
"HKF8660","PA","PAS","8683622915","07/01/2021","09:19A","FIRE HYDRANT",,"115","0","0","0","115","0","114","Q","TRAFFIC",,"View Summons (http://nycserv.nyc.gov/NYCServWeb/ShowImage?searchID=VDBSWk5FMTZXWGxOYW10NFRsRTlQUT09&locationName=_____________________)"
"GMXZ64","FL","PAS","8683622897","07/01/2021","09:11A","NO PARKING-STREET CLEANING",,"65","0","0","0","65","0","114","Q","TRAFFIC",,"View Summons (http://nycserv.nyc.gov/NYCServWeb/ShowImage?searchID=VDBSWk5FMTZXWGxOYW1jMVRuYzlQUT09&locationName=_____________________)"
"JSE2073","NY","PAS","8995168602","07/28/2021","11:46A","INSP. STICKER-EXPIRED/MISSING",,"65","0","0","0","65","0","094","K","TRAFFIC",,"View Summons (http://nycserv.nyc.gov/NYCServWeb/ShowImage?searchID=VDBSck5VNVVSVEpQUkZsM1RXYzlQUT09&locationName=_____________________)"
"GYP8291","NY","PAS","8995168596","07/28/2021","11:44A","NO PARKING-STREET CLEANING",,"65","0","0","0","65","0","094","K","TRAFFIC",,"View Summons (http://nycserv.nyc.gov/NYCServWeb/ShowImage?searchID=VDBSck5VNVVSVEpQUkZVMVRtYzlQUT09&locationName=_____________________)"
"FGZ3616","NY","PAS","8864083420","01/15/2022","12:12P","FIRE HYDRANT",,"115","0","0","0","115","0","070","K","TRAFFIC",,"View Summons (http://nycserv.nyc.gov/NYCServWeb/ShowImage?searchID=VDBSbk1rNUVRVFJOZWxGNVRVRTlQUT09&locationName=_____________________)"
"HVK2886","NY","PAS","8864083534","01/15/2022","12:54P","REG. STICKER-EXPIRED/MISSING",,"65","0","0","0","65","0","070","K","TRAFFIC",,"View Summons (http://nycserv.nyc.gov/NYCServWeb/ShowImage?searchID=VDBSbk1rNUVRVFJOZWxWNlRrRTlQUT09&locationName=_____________________)"
"BB75975","CT","PAS","8683622940","07/01/2021","09:36A","NO PARKING-STREET CLEANING",,"65","0","0","0","65","0","114","Q","TRAFFIC",,"View Summons (http://nycserv.nyc.gov/NYCServWeb/ShowImage?searchID=VDBSWk5FMTZXWGxOYW1zd1RVRTlQUT09&locationName=_____________________)"
"HTD4826","NY","PAS","8823984324","06/10/2022","08:36A","NO PARKING-STREET CLEANING",,"65","10","0","0","75","0","009","NY","TRAFFIC",,"View Summons (http://nycserv.nyc.gov/NYCServWeb/ShowImage?searchID=VDBSbmVVMTZhelJPUkUxNVRrRTlQUT09&locationName=_____________________)"
"KKY2188","NY","PAS","8989545535","02/24/2022","09:43A","NO PARKING-STREET CLEANING",,"65","0","0","0","65","0","090","K","TRAFFIC",,"View Summons (http://nycserv.nyc.gov/NYCServWeb/ShowImage?searchID=VDBSck5FOVVWVEJPVkZWNlRsRTlQUT09&locationName=_____________________)"
"GST1188","NY","PAS","8864083390","01/15/2022","12:03P","INSP. STICKER-EXPIRED/MISSING",,"65","10","0","0","75","0","070","K","TRAFFIC",,"View Summons (http://nycserv.nyc.gov/NYCServWeb/ShowImage?searchID=VDBSbk1rNUVRVFJOZWswMVRVRTlQUT09&locationName=_____________________)"
"LKVH94","FL","PAS","8913913793","04/09/2021","08:10A","NO PARKING-DAY/TIME LIMITS",,"65","0","0","0","65","0","013","NY","TRAFFIC",,"View Summons (http://nycserv.nyc.gov/NYCServWeb/ShowImage?searchID=VDBScmVFMTZhM2hOZW1NMVRYYzlQUT09&locationName=_____________________)"
"KSH4962","NY","PAS","8989546060","02/24/2022","12:35P","NO PARKING-STREET CLEANING",,"65","0","0","0","65","0","090","K","TRAFFIC",,"View Summons (http://nycserv.nyc.gov/NYCServWeb/ShowImage?searchID=VDBSck5FOVVWVEJPYWtFeVRVRTlQUT09&locationName=_____________________)"
"GP149811","IL","PAS","8989546084","02/24/2022","12:40P","NO PARKING-STREET CLEANING",,"65","0","0","0","65","0","090","K","TRAFFIC",,"View Summons (http://nycserv.nyc.gov/NYCServWeb/ShowImage?searchID=VDBSck5FOVVWVEJPYWtFMFRrRTlQUT09&locationName=_____________________)"
"AWF5872","NY","PAS","8683622903","07/01/2021","09:16A","NO PARKING-DAY/TIME LIMITS",,"60","0","0","0","60","0","114","Q","TRAFFIC",,"View Summons (http://nycserv.nyc.gov/NYCServWeb/ShowImage?searchID=VDBSWk5FMTZXWGxOYW10M1RYYzlQUT09&locationName=_____________________)"
"GTP7178","NY","PAS","8683623014","07/01/2021","10:49A","NO PARKING-STREET CLEANING",,"65","0","0","0","65","0","114","Q","TRAFFIC",,"View Summons (http://nycserv.nyc.gov/NYCServWeb/ShowImage?searchID=VDBSWk5FMTZXWGxOZWtGNFRrRTlQUT09&locationName=_____________________)"
"GJJ3769","NY","PAS","8683622988","07/01/2021","09:43A","NO PARKING-STREET CLEANING",,"65","0","0","0","65","0","114","Q","TRAFFIC",,"View Summons (http://nycserv.nyc.gov/NYCServWeb/ShowImage?searchID=VDBSWk5FMTZXWGxOYW1zMFQwRTlQUT09&locationName=_____________________)"
"HUC9585","NY","PAS","8995168640","07/28/2021","11:54A","NO PARKING-DAY/TIME LIMITS",,"60","0","0","0","60","0","094","K","TRAFFIC",,"View Summons (http://nycserv.nyc.gov/NYCServWeb/ShowImage?searchID=VDBSck5VNVVSVEpQUkZrd1RVRTlQUT09&locationName=_____________________)"
"GDP7134","NY","PAS","8989728307","02/23/2022","11:04A","NO STANDING-EXC. TRUCK LOADING",,"95","0","0","0","95","0","090","K","TRAFFIC",,"View Summons (http://nycserv.nyc.gov/NYCServWeb/ShowImage?searchID=VDBSck5FOVVZM2xQUkUxM1RuYzlQUT09&locationName=_____________________)"
"FZW2139","NY","PAS","8989835112","02/23/2022","02:22P","NO STANDING-TAXI STAND",,"115","0","0","0","115","0","088","K","TRAFFIC",,"View Summons (http://nycserv.nyc.gov/NYCServWeb/ShowImage?searchID=VDBSck5FOVVaM3BPVkVWNFRXYzlQUT09&locationName=_____________________)"
"2439742","IN","PAS","8823984336","06/10/2022","08:39A","NO STANDING-BUS STOP",,"115","0","0","0","115","0","009","NY","TRAFFIC","HEARING HELD-GUILTY","View Summons (http://nycserv.nyc.gov/NYCServWeb/ShowImage?searchID=VDBSbmVVMTZhelJPUkUxNlRtYzlQUT09&locationName=_____________________)"
"81038MH","NY","COM","8683622885","07/01/2021","09:09A","FAIL TO DSPLY MUNI METER RECPT",,"35","0","0","5","30","0","114","Q","TRAFFIC","HEARING HELD-GUILTY REDUCTION","View Summons (http://nycserv.nyc.gov/NYCServWeb/ShowImage?searchID=VDBSWk5FMTZXWGxOYW1jMFRsRTlQUT09&locationName=_____________________)"
"KRW3553","NY","PAS","4811225818","11/07/2022","09:50P","PHTO SCHOOL ZN SPEED VIOLATION","02/02/2023","50","25","5.82","0","80.82","0","000","MN","DEPARTMENT OF TRANSPORTATION",,"View Summons (http://nycserv.nyc.gov/NYCServWeb/ShowImage?searchID=VGtSbmVFMVVTWGxPVkdkNFQwRTlQUT09&locationName=_____________________)"
"KPK5583","NY","PAS","8683623166","07/02/2021","08:48A","NO PARKING-STREET CLEANING",,"65","0","0","0","65","0","114","Q","TRAFFIC",,"View Summons (http://nycserv.nyc.gov/NYCServWeb/ShowImage?searchID=VDBSWk5FMTZXWGxOZWtVeVRtYzlQUT09&locationName=_____________________)"
"GSV4673","NY","PAS","8995168780","07/29/2021","11:39A","NO PARKING-STREET CLEANING",,"65","0","0","0","65","0","094","K","TRAFFIC",,"View Summons (http://nycserv.nyc.gov/NYCServWeb/ShowImage?searchID=VDBSck5VNVVSVEpQUkdNMFRVRTlQUT09&locationName=_____________________)"
"HNJ3032","NY","PAS","8994574931","08/30/2021","02:52P","NO STANDING-DAY/TIME LIMITS",,"115","0","0","0","115","0","073","K","TRAFFIC",,"View Summons (http://nycserv.nyc.gov/NYCServWeb/ShowImage?searchID=VDBSck5VNUVWVE5PUkd0NlRWRTlQUT09&locationName=_____________________)"
"LPS4251","PA","PAS","8823984350","06/10/2022","08:49A","NO PARKING-STREET CLEANING",,"65","10","0","0","75","0","009","NY","TRAFFIC",,"View Summons (http://nycserv.nyc.gov/NYCServWeb/ShowImage?searchID=VDBSbmVVMTZhelJPUkUweFRVRTlQUT09&locationName=_____________________)"
"C74JYG","NJ","PAS","8995168857","07/29/2021","11:47A","NO PARKING-STREET CLEANING",,"65","0","0","0","65","0","094","K","TRAFFIC",,"View Summons (http://nycserv.nyc.gov/NYCServWeb/ShowImage?searchID=VDBSck5VNVVSVEpQUkdjeFRuYzlQUT09&locationName=_____________________)"
"HSA8407","NY","PAS","8683623130","07/02/2021","08:39A","REG. STICKER-EXPIRED/MISSING",,"65","0","0","0","65","0","114","Q","TRAFFIC","HEARING HELD-GUILTY","View Summons (http://nycserv.nyc.gov/NYCServWeb/ShowImage?searchID=VDBSWk5FMTZXWGxOZWtWNlRVRTlQUT09&locationName=_____________________)"
"KLC3307","NY","PAS","8585088849","10/08/2022","06:52A","INSP. STICKER-EXPIRED/MISSING",,"65","0","0","0","65","0","028","NY","TRAFFIC",,"View Summons (http://nycserv.nyc.gov/NYCServWeb/ShowImage?searchID=VDBSVk5FNVVRVFJQUkdjd1QxRTlQUT09&locationName=_____________________)"
"KMA4806","NY","OMS","8823984361","06/10/2022","09:09A","INSP. STICKER-EXPIRED/MISSING",,"65","0","0","0","65","0","009","NY","TRAFFIC",,"View Summons (http://nycserv.nyc.gov/NYCServWeb/ShowImage?searchID=VDBSbmVVMTZhelJPUkUweVRWRTlQUT09&locationName=_____________________)"
"KLT8143","NY","PAS","8994574967","08/30/2021","03:09P","FRONT OR BACK PLATE MISSING",,"65","0","0","65","0","0","075","K","TRAFFIC","HEARING HELD-NOT GUILTY","View Summons (http://nycserv.nyc.gov/NYCServWeb/ShowImage?searchID=VDBSck5VNUVWVE5PUkdzeVRuYzlQUT09&locationName=_____________________)"
"DUJ6757","NY","PAS","8244025141","09/30/2016",,,,,,,,,,,,,,"View Summons (http://nycserv.nyc.gov/NYCServWeb/ShowImage?searchID=VDBSSk1FNUVRWGxPVkVVd1RWRTlQUT09&locationName=_____________________)"
"HEZ2779","NY","PAS","8683623129","07/02/2021","08:38A","NO PARKING-STREET CLEANING",,"65","0","0","0","65","0","114","Q","TRAFFIC",,"View Summons (http://nycserv.nyc.gov/NYCServWeb/ShowImage?searchID=VDBSWk5FMTZXWGxOZWtWNVQxRTlQUT09&locationName=_____________________)"
"22511MM","NY","COM","8683623178","07/02/2021","08:51A","NO PARKING-STREET CLEANING",,"65","0","0","0","65","0","114","Q","TRAFFIC","HEARING HELD-GUILTY","View Summons (http://nycserv.nyc.gov/NYCServWeb/ShowImage?searchID=VDBSWk5FMTZXWGxOZWtVelQwRTlQUT09&locationName=_____________________)"
"CMX3927","NY","PAS","8683623245","07/02/2021","09:28A","FAIL TO DSPLY MUNI METER RECPT",,"35","0","0","35","0","0","114","Q","TRAFFIC","HEARING HELD-NOT GUILTY","View Summons (http://nycserv.nyc.gov/NYCServWeb/ShowImage?searchID=VDBSWk5FMTZXWGxOZWtrd1RsRTlQUT09&locationName=_____________________)"
"FWT2056","NY","PAS","8683623221","07/02/2021","09:09A","NO PARKING-STREET CLEANING",,"65","0","0","0","65","0","114","Q","TRAFFIC",,"View Summons (http://nycserv.nyc.gov/NYCServWeb/ShowImage?searchID=VDBSWk5FMTZXWGxOZWtsNVRWRTlQUT09&locationName=_____________________)"
"KAP740","AK","PAS","8995168869","07/29/2021","11:49A","NO PARKING-STREET CLEANING",,"65","0","0","0","65","0","094","K","TRAFFIC",,"View Summons (http://nycserv.nyc.gov/NYCServWeb/ShowImage?searchID=VDBSck5VNVVSVEpQUkdjeVQxRTlQUT09&locationName=_____________________)"
"T718924C","NY","OMT","9113644920","03/18/2024","06:13A","CROSSWALK",,"115","0","0","0","115","0","109","Q","TRAFFIC",,"View Summons (http://nycserv.nyc.gov/NYCServWeb/ShowImage?searchID=VDFSRmVFMTZXVEJPUkd0NVRVRTlQUT09&locationName=_____________________)"
"Y101806C","NY","OMT","9007714752","10/01/2022","08:22A","NO PARKING-STREET CLEANING",,"65","0","0","0","65","0","052","BX","TRAFFIC",,"View Summons (http://nycserv.nyc.gov/NYCServWeb/ShowImage?searchID=VDFSQmQwNTZZM2hPUkdNeFRXYzlQUT09&locationName=_____________________)"
"MYR4269","TX","PAS","8683623142","07/02/2021","08:43A","NO PARKING-STREET CLEANING",,"65","0","0","0","65","0","114","Q","TRAFFIC",,"View Summons (http://nycserv.nyc.gov/NYCServWeb/ShowImage?searchID=VDBSWk5FMTZXWGxOZWtVd1RXYzlQUT09&locationName=_____________________)"
"JNL2403","NY","PAS","8683623154","07/02/2021","08:44A","NO PARKING-STREET CLEANING",,"65","0","0","0","65","0","114","Q","TRAFFIC",,"View Summons (http://nycserv.nyc.gov/NYCServWeb/ShowImage?searchID=VDBSWk5FMTZXWGxOZWtVeFRrRTlQUT09&locationName=_____________________)"
"KFM5938","NY","PAS","8850381128","06/15/2021","09:48A","NO PARKING-STREET CLEANING",,"65","0","0","0","65","0","101","Q","TRAFFIC",,"View Summons (http://nycserv.nyc.gov/NYCServWeb/ShowImage?searchID=VDBSbk1VMUVUVFJOVkVWNVQwRTlQUT09&locationName=_____________________)"
"JLC2192","NY","OMS","8864083613","01/15/2022","01:22P","INSP. STICKER-EXPIRED/MISSING",,"65","0","0","0","65","0","070","K","TRAFFIC",,"View Summons (http://nycserv.nyc.gov/NYCServWeb/ShowImage?searchID=VDBSbk1rNUVRVFJOZWxsNFRYYzlQUT09&locationName=_____________________)"
"JLT3243","NY","PAS","8636492403","12/12/2020","12:20P","EXPIRED MUNI METER",,"35","0","0","0","35","0","114","Q","TRAFFIC",,"View Summons (http://nycserv.nyc.gov/NYCServWeb/ShowImage?searchID=VDBSWmVrNXFVVFZOYWxGM1RYYzlQUT09&locationName=_____________________)"
"KKE4801","NY","PAS","4811225867","11/07/2022","09:51P","PHTO SCHOOL ZN SPEED VIOLATION",,"50","25","0","0","75","0","000","MN","DEPARTMENT OF TRANSPORTATION",,"View Summons (http://nycserv.nyc.gov/NYCServWeb/ShowImage?searchID=VGtSbmVFMVVTWGxPVkdjeVRuYzlQUT09&locationName=_____________________)"
"17937NA","NY","COM","8636491149","12/04/2020","02:20P","DOUBLE PARKING",,"115","0","0","115","0","0","110","Q","TRAFFIC","HEARING HELD-NOT GUILTY","View Summons (http://nycserv.nyc.gov/NYCServWeb/ShowImage?searchID=VDBSWmVrNXFVVFZOVkVVd1QxRTlQUT09&locationName=_____________________)"
"92445NB","NY","COM","8585090297","10/12/2022","08:56A","BIKE LANE",,"115","0","0","0","115","0","032","NY","TRAFFIC","HEARING HELD-GUILTY REDUCTION","View Summons (http://nycserv.nyc.gov/NYCServWeb/ShowImage?searchID=VDBSVk5FNVVRVFZOUkVrMVRuYzlQUT09&locationName=_____________________)"
"KJR4930","NY","PAS","8850543001","06/09/2021","07:10A","NO STANDING-DAY/TIME LIMITS",,"115","0","0","0","115","0","114","Q","TRAFFIC",,"View Summons (http://nycserv.nyc.gov/NYCServWeb/ShowImage?searchID=VDBSbk1VMUVWVEJOZWtGM1RWRTlQUT09&locationName=_____________________)"
"HMV6854","NY","PAS","4842470823","05/22/2023","09:08A","PHTO SCHOOL ZN SPEED VIOLATION",,"50","0","0","0","50","0","000","QN","DEPARTMENT OF TRANSPORTATION",,"View Summons (http://nycserv.nyc.gov/NYCServWeb/ShowImage?searchID=VGtSbk1FMXFVVE5OUkdkNVRYYzlQUT09&locationName=_____________________)"
"KJL6083","NY","PAS","9064422199","07/07/2023","05:24P","INSP. STICKER-EXPIRED/MISSING",,"65","0","0","0","65","0","112","Q","TRAFFIC",,"View Summons (http://nycserv.nyc.gov/NYCServWeb/ShowImage?searchID=VDFSQk1rNUVVWGxOYWtVMVQxRTlQUT09&locationName=_____________________)"
"JSF9570","NY","PAS","8636491009","12/03/2020","03:13P","FRONT OR BACK PLATE MISSING",,"65","0","0","0","65","0","114","Q","TRAFFIC",,"View Summons (http://nycserv.nyc.gov/NYCServWeb/ShowImage?searchID=VDBSWmVrNXFVVFZOVkVGM1QxRTlQUT09&locationName=_____________________)"
"Y206174C","NY","OMT","4842470940","05/22/2023","09:10A","PHTO SCHOOL ZN SPEED VIOLATION",,"50","0","0","0","50","0","000","MN","DEPARTMENT OF TRANSPORTATION",,"View Summons (http://nycserv.nyc.gov/NYCServWeb/ShowImage?searchID=VGtSbk1FMXFVVE5OUkdzd1RVRTlQUT09&locationName=_____________________)"
"KKB9807","NY","PAS","8850542999","06/09/2021","07:08A","NO STANDING-DAY/TIME LIMITS",,"115","0","0","0","115","0","114","Q","TRAFFIC",,"View Summons (http://nycserv.nyc.gov/NYCServWeb/ShowImage?searchID=VDBSbk1VMUVWVEJOYW1zMVQxRTlQUT09&locationName=_____________________)"
"7ERT308","CA","PAS","9085880579","10/20/2023","09:21A","NO PARKING-STREET CLEANING",,"65","10","0","0","75","0","078","K","TRAFFIC",,"View Summons (http://nycserv.nyc.gov/NYCServWeb/ShowImage?searchID=VDFSQk5FNVVaelJOUkZVelQxRTlQUT09&locationName=_____________________)"
"95SVC","NY","ORG","8636495763","12/31/2020","01:22P","INSP. STICKER-EXPIRED/MISSING",,"65","0","0","0","65","0","114","Q","TRAFFIC",,"View Summons (http://nycserv.nyc.gov/NYCServWeb/ShowImage?searchID=VDBSWmVrNXFVVFZPVkdNeVRYYzlQUT09&locationName=_____________________)"
"JCM5927","PA","PAS","8957971490","05/03/2021","01:49P","NO STANDING-DAY/TIME LIMITS",,"115","0","0","0","115","0","044","BX","TRAFFIC",,"View Summons (http://nycserv.nyc.gov/NYCServWeb/ShowImage?searchID=VDBSck1VNTZhek5OVkZFMVRVRTlQUT09&locationName=_____________________)"
"JKB3188","NY","PAS","8957971373","05/03/2021","08:55A","NO PARKING-DAY/TIME LIMITS",,"60","0","0","0","60","0","048","BX","TRAFFIC",,"View Summons (http://nycserv.nyc.gov/NYCServWeb/ShowImage?searchID=VDBSck1VNTZhek5OVkUwelRYYzlQUT09&locationName=_____________________)"
"FPY3466","NY","PAS","8244026080","10/04/2016",,,,,,,,,,,,,,"View Summons (http://nycserv.nyc.gov/NYCServWeb/ShowImage?searchID=VDBSSk1FNUVRWGxPYWtFMFRVRTlQUT09&locationName=_____________________)"
"CPW7275","NY","PAS","8850381116","06/15/2021","09:42A","NO PARKING-STREET CLEANING",,"65","0","0","0","65","0","101","Q","TRAFFIC",,"View Summons (http://nycserv.nyc.gov/NYCServWeb/ShowImage?searchID=VDBSbk1VMUVUVFJOVkVWNFRtYzlQUT09&locationName=_____________________)"
"QNHD67","FL","PAS","8989882655","02/23/2022","11:38A","NO PARKING-STREET CLEANING",,"65","0","0","0","65","0","094","K","TRAFFIC",,"View Summons (http://nycserv.nyc.gov/NYCServWeb/ShowImage?searchID=VDBSck5FOVVaelJOYWxreFRsRTlQUT09&locationName=_____________________)"
"KJK4078","NY","PAS","8990184575","02/23/2022","01:24A","NO PARKING-STREET CLEANING",,"65","0","0","65","0","0","084","K","TRAFFIC","HEARING HELD-NOT GUILTY","View Summons (http://nycserv.nyc.gov/NYCServWeb/ShowImage?searchID=VDBSck5VMUVSVFJPUkZVelRsRTlQUT09&locationName=_____________________)"
"XLXZ16","NJ","PAS","9089647399","11/09/2023","02:05P","NO STANDING-DAY/TIME LIMITS",,"115","0","0","0","115","0","020","NY","TRAFFIC","HEARING HELD-GUILTY","View Summons (http://nycserv.nyc.gov/NYCServWeb/ShowImage?searchID=VDFSQk5FOVVXVEJPZWswMVQxRTlQUT09&locationName=_____________________)"
"FACCXS","NY","RGL","8864083650","01/15/2022","01:48P","FAIL TO DSPLY MUNI METER RECPT",,"35","0","0","0","35","0","070","K","TRAFFIC","HEARING HELD-GUILTY","View Summons (http://nycserv.nyc.gov/NYCServWeb/ShowImage?searchID=VDBSbk1rNUVRVFJOZWxreFRVRTlQUT09&locationName=_____________________)"
"KHN6748","NY","PAS","4811225892","11/07/2022","09:52P","PHTO SCHOOL ZN SPEED VIOLATION",,"50","25","0","0","75","0","000","BX","DEPARTMENT OF TRANSPORTATION",,"View Summons (http://nycserv.nyc.gov/NYCServWeb/ShowImage?searchID=VGtSbmVFMVVTWGxPVkdjMVRXYzlQUT09&locationName=_____________________)"
"KKL5037","NY","PAS","8683623415","07/02/2021","01:00P","REG. STICKER-EXPIRED/MISSING",,"65","0","0","0","65","0","114","Q","TRAFFIC",,"View Summons (http://nycserv.nyc.gov/NYCServWeb/ShowImage?searchID=VDBSWk5FMTZXWGxOZWxGNFRsRTlQUT09&locationName=_____________________)"
"HJZ6255","NY","PAS","8864083674","01/15/2022","01:53P","FAIL TO DSPLY MUNI METER RECPT",,"35","0","0","0","35","0","070","K","TRAFFIC",,"View Summons (http://nycserv.nyc.gov/NYCServWeb/ShowImage?searchID=VDBSbk1rNUVRVFJOZWxrelRrRTlQUT09&locationName=_____________________)"
"KSS2588","NY","PAS","8585090388","10/13/2022","07:21A","NO STANDING-DAY/TIME LIMITS",,"115","0","0","0","115","0","032","NY","TRAFFIC",,"View Summons (http://nycserv.nyc.gov/NYCServWeb/ShowImage?searchID=VDBSVk5FNVVRVFZOUkUwMFQwRTlQUT09&locationName=_____________________)"
"80BF10","NY","MOT","8683623300","07/02/2021","09:45A","NO PARKING-STREET CLEANING",,"65","0","0","65","0","0","114","Q","TRAFFIC","HEARING HELD-NOT GUILTY","View Summons (http://nycserv.nyc.gov/NYCServWeb/ShowImage?searchID=VDBSWk5FMTZXWGxOZWsxM1RVRTlQUT09&locationName=_____________________)"
"T101174C","NY","OMT","4842470987","05/22/2023","09:11A","PHTO SCHOOL ZN SPEED VIOLATION",,"50","0","0","0","50","0","000","BK","DEPARTMENT OF TRANSPORTATION",,"View Summons (http://nycserv.nyc.gov/NYCServWeb/ShowImage?searchID=VGtSbk1FMXFVVE5OUkdzMFRuYzlQUT09&locationName=_____________________)"
"HHT2229","NY","PAS","8990731598","02/24/2022","08:39A","NO PARKING-STREET CLEANING",,"65","0","0","0","65","0","077","K","TRAFFIC",,"View Summons (http://nycserv.nyc.gov/NYCServWeb/ShowImage?searchID=VDBSck5VMUVZM3BOVkZVMVQwRTlQUT09&locationName=_____________________)"
"KKS6353","NY","PAS","8990731896","02/24/2022","11:30A","BIKE LANE",,"115","0","0","0","115","0","077","K","TRAFFIC",,"View Summons (http://nycserv.nyc.gov/NYCServWeb/ShowImage?searchID=VDBSck5VMUVZM3BOVkdjMVRtYzlQUT09&locationName=_____________________)"
"KHT2376","NY","PAS","8991280377","02/23/2022","01:51P","NO STANDING-COMM METER ZONE",,"115","0","0","115","0","0","090","K","TRAFFIC","HEARING HELD-NOT GUILTY","View Summons (http://nycserv.nyc.gov/NYCServWeb/ShowImage?searchID=VDBSck5VMVVTVFJOUkUwelRuYzlQUT09&locationName=_____________________)"
"36BG59","NY","MOT","8683623294","07/02/2021","09:44A","NO PARKING-STREET CLEANING",,"65","0","0","65","0","0","114","Q","TRAFFIC","HEARING HELD-NOT GUILTY","View Summons (http://nycserv.nyc.gov/NYCServWeb/ShowImage?searchID=VDBSWk5FMTZXWGxOZWtrMVRrRTlQUT09&locationName=_____________________)"
"JKB4142","NY","PAS","8683623440","07/06/2021","08:13A","FRONT OR BACK PLATE MISSING",,"65","0","0","0","65","0","115","Q","TRAFFIC",,"View Summons (http://nycserv.nyc.gov/NYCServWeb/ShowImage?searchID=VDBSWk5FMTZXWGxOZWxFd1RVRTlQUT09&locationName=_____________________)"
"6NS633","MA","PAS","8995169060","07/29/2021","12:10P","NO PARKING-STREET CLEANING",,"65","0","0","0","65","0","094","K","TRAFFIC",,"View Summons (http://nycserv.nyc.gov/NYCServWeb/ShowImage?searchID=VDBSck5VNVVSVEpQVkVFeVRVRTlQUT09&locationName=_____________________)"
"DSG5742","NY","PAS","8991497159","02/24/2022","02:21P","NO STANDING-DAY/TIME LIMITS",,"115","0","0","0","115","0","084","K","TRAFFIC",,"View Summons (http://nycserv.nyc.gov/NYCServWeb/ShowImage?searchID=VDBSck5VMVVVVFZPZWtVeFQxRTlQUT09&locationName=_____________________)"
"JPT3780","NY","PAS","8991497299","02/24/2022","04:08P","NO STANDING-EXC. TRUCK LOADING",,"95","0","0","0","95","0","084","K","TRAFFIC",,"View Summons (http://nycserv.nyc.gov/NYCServWeb/ShowImage?searchID=VDBSck5VMVVVVFZPZWtrMVQxRTlQUT09&locationName=_____________________)"
"KNE8966","NY","PAS","8864083686","01/15/2022","01:54P","FAIL TO DSPLY MUNI METER RECPT",,"35","0","0","0","35","0","070","K","TRAFFIC",,"View Summons (http://nycserv.nyc.gov/NYCServWeb/ShowImage?searchID=VDBSbk1rNUVRVFJOZWxrMFRtYzlQUT09&locationName=_____________________)"
"AL40588","CT","PAS","9081494855","09/29/2023","01:39P","NO STANDING-EXC. TRUCK LOADING",,"95","0","0","0","95","0","001","NY","TRAFFIC",,"View Summons (http://nycserv.nyc.gov/NYCServWeb/ShowImage?searchID=VDFSQk5FMVVVVFZPUkdjeFRsRTlQUT09&locationName=_____________________)"
"KNP2239","NY","PAS","8585092695","10/20/2022","09:47A","NO PARKING-STREET CLEANING",,"65","0","0","0","65","0","026","NY","TRAFFIC",,"View Summons (http://nycserv.nyc.gov/NYCServWeb/ShowImage?searchID=VDBSVk5FNVVRVFZOYWxrMVRsRTlQUT09&locationName=_____________________)"
"KYZ4428","NY","PAS","4811225880","11/07/2022","09:52P","PHTO SCHOOL ZN SPEED VIOLATION","02/02/2023","50","25","6.47","0.06","81.41","0","000","QN","DEPARTMENT OF TRANSPORTATION",,"View Summons (http://nycserv.nyc.gov/NYCServWeb/ShowImage?searchID=VGtSbmVFMVVTWGxPVkdjMFRVRTlQUT09&locationName=_____________________)"
"666MCV","NY","ORG","8994575054","08/30/2021","04:23P","NO PARKING-DAY/TIME LIMITS",,"60","0","0","0","60","0","075","K","TRAFFIC",,"View Summons (http://nycserv.nyc.gov/NYCServWeb/ShowImage?searchID=VDBSck5VNUVWVE5PVkVFeFRrRTlQUT09&locationName=_____________________)"
"GNX3004","NY","PAS","8683623312","07/02/2021","09:47A","NO PARKING-STREET CLEANING",,"65","0","0","0","65","0","114","Q","TRAFFIC",,"View Summons (http://nycserv.nyc.gov/NYCServWeb/ShowImage?searchID=VDBSWk5FMTZXWGxOZWsxNFRXYzlQUT09&locationName=_____________________)"
"CVAM39","FL","PAS","8683623282","07/02/2021","09:41A","NO PARKING-STREET CLEANING",,"65","0","0","0","65","0","114","Q","TRAFFIC",,"View Summons (http://nycserv.nyc.gov/NYCServWeb/ShowImage?searchID=VDBSWk5FMTZXWGxOZWtrMFRXYzlQUT09&locationName=_____________________)"
"HZF9147","NY","PAS","8683623464","07/06/2021","08:20A","FAIL TO DSPLY MUNI METER RECPT",,"35","0","0","0","35","0","115","Q","TRAFFIC",,"View Summons (http://nycserv.nyc.gov/NYCServWeb/ShowImage?searchID=VDBSWk5FMTZXWGxOZWxFeVRrRTlQUT09&locationName=_____________________)"
"FCV6854","NY","PAS","8683623518","07/06/2021","08:38A","NO PARKING-STREET CLEANING",,"65","0","0","0","65","0","115","Q","TRAFFIC",,"View Summons (http://nycserv.nyc.gov/NYCServWeb/ShowImage?searchID=VDBSWk5FMTZXWGxOZWxWNFQwRTlQUT09&locationName=_____________________)"
"JCM3832","NY","PAS","8767171473","03/22/2021","02:05P","INSP. STICKER-EXPIRED/MISSING",,"65","0","0","0","65","0","121","R","TRAFFIC",,"View Summons (http://nycserv.nyc.gov/NYCServWeb/ShowImage?searchID=VDBSak1rNTZSVE5OVkZFelRYYzlQUT09&locationName=_____________________)"
"EUH1483","NY","PAS","8995169163","07/29/2021","12:24P","NO PARKING-STREET CLEANING",,"65","0","0","0","65","0","094","K","TRAFFIC",,"View Summons (http://nycserv.nyc.gov/NYCServWeb/ShowImage?searchID=VDBSck5VNVVSVEpQVkVVeVRYYzlQUT09&locationName=_____________________)"
"T803738C","NY","OMT","8683623520","07/06/2021","08:41A","NO PARKING-STREET CLEANING",,"65","0","0","0","65","0","115","Q","TRAFFIC","HEARING HELD-GUILTY","View Summons (http://nycserv.nyc.gov/NYCServWeb/ShowImage?searchID=VDBSWk5FMTZXWGxOZWxWNVRVRTlQUT09&locationName=_____________________)"
"JMA7478","NY","PAS","4811225946","11/07/2022","09:54P","PHTO SCHOOL ZN SPEED VIOLATION",,"50","25","0","0","75","0","000","MN","DEPARTMENT OF TRANSPORTATION",,"View Summons (http://nycserv.nyc.gov/NYCServWeb/ShowImage?searchID=VGtSbmVFMVVTWGxPVkdzd1RtYzlQUT09&locationName=_____________________)"
"JKB2913","NY","PAS","8864083728","01/15/2022","02:20P","REG. STICKER-EXPIRED/MISSING",,"65","0","0","0","65","0","070","K","TRAFFIC",,"View Summons (http://nycserv.nyc.gov/NYCServWeb/ShowImage?searchID=VDBSbk1rNUVRVFJOZW1ONVQwRTlQUT09&locationName=_____________________)"
"17192TC","NY","TRC","8683623488","07/06/2021","08:25A","CROSSWALK",,"115","0","0","0","115","0","115","Q","TRAFFIC","HEARING HELD-GUILTY","View Summons (http://nycserv.nyc.gov/NYCServWeb/ShowImage?searchID=VDBSWk5FMTZXWGxOZWxFMFQwRTlQUT09&locationName=_____________________)"
"17192TC","NY","TRC","8683623490","07/06/2021","08:27A","PLTFRM LFTS LWRD POS COMM VEH",,"45","0","0","0","45","0","115","Q","TRAFFIC","HEARING HELD-GUILTY","View Summons (http://nycserv.nyc.gov/NYCServWeb/ShowImage?searchID=VDBSWk5FMTZXWGxOZWxFMVRVRTlQUT09&locationName=_____________________)"
"JJS2350","NY","PAS","8585092750","10/20/2022","10:24A","DOUBLE PARKING",,"115","0","0","0","115","0","026","NY","TRAFFIC",,"View Summons (http://nycserv.nyc.gov/NYCServWeb/ShowImage?searchID=VDBSVk5FNVVRVFZOYW1NeFRVRTlQUT09&locationName=_____________________)"
"50828PC","NY","APP","8683623506","07/06/2021","08:29A","FAIL TO DSPLY MUNI METER RECPT",,"35","0","0","0","35","0","115","Q","TRAFFIC",,"View Summons (http://nycserv.nyc.gov/NYCServWeb/ShowImage?searchID=VDBSWk5FMTZXWGxOZWxWM1RtYzlQUT09&locationName=_____________________)"
"C53PLT","NJ","PAS","4811225922","11/07/2022","09:53P","PHTO SCHOOL ZN SPEED VIOLATION","02/02/2023","50","25","6.24","0.09","81.15","0","000","QN","DEPARTMENT OF TRANSPORTATION",,"View Summons (http://nycserv.nyc.gov/NYCServWeb/ShowImage?searchID=VGtSbmVFMVVTWGxPVkd0NVRXYzlQUT09&locationName=_____________________)"
"KUPL86","FL","PAS","8683623531","07/06/2021","08:43A","NO PARKING-STREET CLEANING",,"65","0","0","0","65","0","115","Q","TRAFFIC",,"View Summons (http://nycserv.nyc.gov/NYCServWeb/ShowImage?searchID=VDBSWk5FMTZXWGxOZWxWNlRWRTlQUT09&locationName=_____________________)"
"GWY1270","OH","PAS","8683623543","07/06/2021","08:48A","NO PARKING-STREET CLEANING",,"65","0","0","0","65","0","115","Q","TRAFFIC",,"View Summons (http://nycserv.nyc.gov/NYCServWeb/ShowImage?searchID=VDBSWk5FMTZXWGxOZWxVd1RYYzlQUT09&locationName=_____________________)"
"KPY2727","NY","PAS","9064422230","07/07/2023","06:10P","REG. STICKER-EXPIRED/MISSING",,"65","0","0","0","65","0","112","Q","TRAFFIC",,"View Summons (http://nycserv.nyc.gov/NYCServWeb/ShowImage?searchID=VDFSQk1rNUVVWGxOYWtsNlRVRTlQUT09&locationName=_____________________)"
"47BG40","NY","LMB","8913915728","04/15/2021","08:43A","NO PARKING-STREET CLEANING",,"65","0","0","65","0","0","010","NY","TRAFFIC","HEARING HELD-NOT GUILTY","View Summons (http://nycserv.nyc.gov/NYCServWeb/ShowImage?searchID=VDBScmVFMTZhM2hPVkdONVQwRTlQUT09&locationName=_____________________)"
"JLM2826","NY","PAS","8823984816","06/13/2022","09:07A","NO STANDING-DAY/TIME LIMITS",,"115","10","0","10","115","0","001","NY","TRAFFIC",,"View Summons (http://nycserv.nyc.gov/NYCServWeb/ShowImage?searchID=VDBSbmVVMTZhelJPUkdkNFRtYzlQUT09&locationName=_____________________)"
"KJB4039","NY","PAS","8991586119","02/23/2022","05:25P","INSP. STICKER-EXPIRED/MISSING",,"65","0","0","0","65","0","088","K","TRAFFIC",,"View Summons (http://nycserv.nyc.gov/NYCServWeb/ShowImage?searchID=VDBSck5VMVVWVFJPYWtWNFQxRTlQUT09&locationName=_____________________)"
"JNE3546","NY","PAS","8991732707","02/23/2022","02:16P","REG. STICKER-EXPIRED/MISSING",,"65","0","0","0","65","0","083","K","TRAFFIC",,"View Summons (http://nycserv.nyc.gov/NYCServWeb/ShowImage?searchID=VDBSck5VMVVZM3BOYW1OM1RuYzlQUT09&locationName=_____________________)"
"GTH9861","NY","PAS","8991874976","02/23/2022","00:16A","NO STANDING-DAY/TIME LIMITS",,"115","0","0","0","115","0","077","K","TRAFFIC",,"View Summons (http://nycserv.nyc.gov/NYCServWeb/ShowImage?searchID=VDBSck5VMVVaek5PUkdzelRtYzlQUT09&locationName=_____________________)"
"061246T","NJ","PAS","8850543086","06/09/2021","08:06A","NO PARKING-STREET CLEANING",,"65","0","0","0","65","0","114","Q","TRAFFIC",,"View Summons (http://nycserv.nyc.gov/NYCServWeb/ShowImage?searchID=VDBSbk1VMUVWVEJOZWtFMFRtYzlQUT09&locationName=_____________________)"
"GF2E1J","MO","PAS","8850543141","06/09/2021","08:23A","FAIL TO DSPLY MUNI METER RECPT",,"35","0","0","0","35","0","114","Q","TRAFFIC",,"View Summons (http://nycserv.nyc.gov/NYCServWeb/ShowImage?searchID=VDBSbk1VMUVWVEJOZWtVd1RWRTlQUT09&locationName=_____________________)"
"JFH5660","NY","PAS","8957971555","05/03/2021","02:41P","NO PARKING-DAY/TIME LIMITS",,"60","0","0","0","60","0","044","BX","TRAFFIC",,"View Summons (http://nycserv.nyc.gov/NYCServWeb/ShowImage?searchID=VDBSck1VNTZhek5OVkZVeFRsRTlQUT09&locationName=_____________________)"
"KJB1122","NY","PAS","8850543050","06/09/2021","07:41A","NO PARKING-STREET CLEANING",,"65","0","0","0","65","0","114","Q","TRAFFIC",,"View Summons (http://nycserv.nyc.gov/NYCServWeb/ShowImage?searchID=VDBSbk1VMUVWVEJOZWtFeFRVRTlQUT09&locationName=_____________________)"
"31244JV","NY","COM","8850543098","06/09/2021","08:12A","FAIL TO DSPLY MUNI METER RECPT",,"35","0","0","5","30","0","114","Q","TRAFFIC","HEARING HELD-GUILTY REDUCTION","View Summons (http://nycserv.nyc.gov/NYCServWeb/ShowImage?searchID=VDBSbk1VMUVWVEJOZWtFMVQwRTlQUT09&locationName=_____________________)"
"AFNX88","FL","PAS","8850543062","06/09/2021","07:43A","NO PARKING-STREET CLEANING",,"65","0","0","0","65","0","114","Q","TRAFFIC",,"View Summons (http://nycserv.nyc.gov/NYCServWeb/ShowImage?searchID=VDBSbk1VMUVWVEJOZWtFeVRXYzlQUT09&locationName=_____________________)"
"EBA6581","NY","PAS","8767173408","03/31/2021","02:41P","FAIL TO DSPLY MUNI METER RECPT",,"35","0","0","0","35","0","122","R","TRAFFIC",,"View Summons (http://nycserv.nyc.gov/NYCServWeb/ShowImage?searchID=VDBSak1rNTZSVE5OZWxGM1QwRTlQUT09&locationName=_____________________)"
"JDL1385","NY","PAS","4842471013","05/22/2023","09:11A","PHTO SCHOOL ZN SPEED VIOLATION",,"50","25","0","0","75","0","000","BK","DEPARTMENT OF TRANSPORTATION",,"View Summons (http://nycserv.nyc.gov/NYCServWeb/ShowImage?searchID=VGtSbk1FMXFVVE5OVkVGNFRYYzlQUT09&locationName=_____________________)"
"JFC1971","NY","PAS","8767174401","04/03/2021","01:18P","INSP. STICKER-EXPIRED/MISSING",,"65","0","0","0","65","0","122","R","TRAFFIC",,"View Summons (http://nycserv.nyc.gov/NYCServWeb/ShowImage?searchID=VDBSak1rNTZSVE5PUkZGM1RWRTlQUT09&locationName=_____________________)"
"AX883C","NJ","PAS","8585094011","10/26/2022","06:58A","NO STOPPING-DAY/TIME LIMITS",,"115","0","0","0","115","0","023","NY","TRAFFIC",,"View Summons (http://nycserv.nyc.gov/NYCServWeb/ShowImage?searchID=VDBSVk5FNVVRVFZPUkVGNFRWRTlQUT09&locationName=_____________________)"
"JEB5860","NY","PAS","8850543130","06/09/2021","08:18A","NO PARKING-DAY/TIME LIMITS",,"60","0","0","0","60","0","114","Q","TRAFFIC",,"View Summons (http://nycserv.nyc.gov/NYCServWeb/ShowImage?searchID=VDBSbk1VMUVWVEJOZWtWNlRVRTlQUT09&locationName=_____________________)"
"JHL5674","NY","PAS","8850543116","06/09/2021","08:15A","NO PARKING-STREET CLEANING",,"65","0","0","0","65","0","114","Q","TRAFFIC",,"View Summons (http://nycserv.nyc.gov/NYCServWeb/ShowImage?searchID=VDBSbk1VMUVWVEJOZWtWNFRtYzlQUT09&locationName=_____________________)"
"P640925","IN","PAS","8636587888","05/16/2018",,,,,,,,,,,,,,"View Summons (http://nycserv.nyc.gov/NYCServWeb/ShowImage?searchID=VDBSWmVrNXFWVFJPZW1jMFQwRTlQUT09&locationName=_____________________)"
"HMJ6875","NY","PAS","8957971671","05/04/2021","06:07A","NO PARKING-DAY/TIME LIMITS",,"60","0","0","0","60","0","046","BX","TRAFFIC",,"View Summons (http://nycserv.nyc.gov/NYCServWeb/ShowImage?searchID=VDBSck1VNTZhek5OVkZrelRWRTlQUT09&locationName=_____________________)"
"ZPW3979","PA","PAS","8841080176","12/14/2020","08:21A","NON-COMPLIANCE W/ POSTED SIGN",,"60","0","0","0","60","0","108","Q","TRAFFIC",,"View Summons (http://nycserv.nyc.gov/NYCServWeb/ShowImage?searchID=VDBSbk1FMVVRVFJOUkVVelRtYzlQUT09&locationName=_____________________)"
"JIAJIA","NY","RGL","9113644970","03/18/2024","06:43A","NO PARKING-STREET CLEANING",,"65","0","0","0","65","0","109","Q","TRAFFIC",,"View Summons (http://nycserv.nyc.gov/NYCServWeb/ShowImage?searchID=VDFSRmVFMTZXVEJPUkdzelRVRTlQUT09&locationName=_____________________)"
"P393297","IN","PAS","8636588315","05/17/2018",,,,,,,,,,,,,,"View Summons (http://nycserv.nyc.gov/NYCServWeb/ShowImage?searchID=VDBSWmVrNXFWVFJQUkUxNFRsRTlQUT09&locationName=_____________________)"
"P393297","IN","PAS","8636588327","05/17/2018",,,,,,,,,,,,,,"View Summons (http://nycserv.nyc.gov/NYCServWeb/ShowImage?searchID=VDBSWmVrNXFWVFJQUkUxNVRuYzlQUT09&locationName=_____________________)"
"LAV8431","NY","PAS","9064422254","07/07/2023","06:14P","FRONT OR BACK PLATE MISSING",,"65","10","0","0","75","0","112","Q","TRAFFIC",,"View Summons (http://nycserv.nyc.gov/NYCServWeb/ShowImage?searchID=VDFSQk1rNUVVWGxOYWtreFRrRTlQUT09&locationName=_____________________)"
"DF54574","IL","PAS","8992386631","02/24/2022","01:54P","NO PARKING-DAY/TIME LIMITS",,"60","0","0","0","60","0","077","K","TRAFFIC",,"View Summons (http://nycserv.nyc.gov/NYCServWeb/ShowImage?searchID=VDBSck5VMXFUVFJPYWxsNlRWRTlQUT09&locationName=_____________________)"
"KFZ4977","NY","PAS","8992620871","02/24/2022","01:44P","NO STANDING-EXC. TRUCK LOADING",,"95","0","0","0","95","0","094","K","TRAFFIC",,"View Summons (http://nycserv.nyc.gov/NYCServWeb/ShowImage?searchID=VDBSck5VMXFXWGxOUkdjelRWRTlQUT09&locationName=_____________________)"
"GTC6973","NY","PAS","8995169266","07/29/2021","12:45P","NO STANDING-DAY/TIME LIMITS",,"115","0","0","0","115","0","094","K","TRAFFIC",,"View Summons (http://nycserv.nyc.gov/NYCServWeb/ShowImage?searchID=VDBSck5VNVVSVEpQVkVreVRtYzlQUT09&locationName=_____________________)"
"HPX3272","NY","PAS","8683623658","07/06/2021","11:36A","INSP. STICKER-EXPIRED/MISSING",,"65","0","0","0","65","0","115","Q","TRAFFIC",,"View Summons (http://nycserv.nyc.gov/NYCServWeb/ShowImage?searchID=VDBSWk5FMTZXWGxOZWxreFQwRTlQUT09&locationName=_____________________)"
"KES1894","NY","PAS","8994575250","09/01/2021","02:41P","INSP. STICKER-EXPIRED/MISSING",,"65","0","0","0","65","0","083","K","TRAFFIC",,"View Summons (http://nycserv.nyc.gov/NYCServWeb/ShowImage?searchID=VDBSck5VNUVWVE5PVkVreFRVRTlQUT09&locationName=_____________________)"
"BC11036","CT","PAS","8935899884","02/02/2023","02:53P","NO STANDING-EXC. TRUCK LOADING",,"95","10","0","0","105","0","040","BX","TRAFFIC",,"View Summons (http://nycserv.nyc.gov/NYCServWeb/ShowImage?searchID=VDBScmVrNVVaelZQVkdjMFRrRTlQUT09&locationName=_____________________)"
"55089MB","NY","COM","9058181455","06/21/2023","02:04P","BIKE LANE",,"115","0","0","0","115","0","033","NY","TRAFFIC","HEARING HELD-GUILTY REDUCTION","View Summons (http://nycserv.nyc.gov/NYCServWeb/ShowImage?searchID=VDFSQk1VOUVSVFJOVkZFeFRsRTlQUT09&locationName=_____________________)"
"CDX1709","NY","PAS","9081494910","09/29/2023","02:13P","NO STANDING-EXC. TRUCK LOADING",,"95","0","0","0","95","0","001","NY","TRAFFIC",,"View Summons (http://nycserv.nyc.gov/NYCServWeb/ShowImage?searchID=VDFSQk5FMVVVVFZPUkd0NFRVRTlQUT09&locationName=_____________________)"
"GFP6354","NY","PAS","8585094163","10/26/2022","09:23A","NO STANDING-EXC. AUTH. VEHICLE",,"95","0","0","0","95","0","028","NY","TRAFFIC",,"View Summons (http://nycserv.nyc.gov/NYCServWeb/ShowImage?searchID=VDBSVk5FNVVRVFZPUkVVeVRYYzlQUT09&locationName=_____________________)"
"T78RFJ","NJ","PAS","8585095179","10/29/2022","07:06A","NO STANDING-DAY/TIME LIMITS",,"115","0","0","0","115","0","028","NY","TRAFFIC",,"View Summons (http://nycserv.nyc.gov/NYCServWeb/ShowImage?searchID=VDBSVk5FNVVRVFZPVkVVelQxRTlQUT09&locationName=_____________________)"
"T102656C","NY","OMT","8585129608","05/12/2022","11:10A","FAIL TO DSPLY MUNI METER RECPT","09/01/2022","35","60","1.58","0.09","96.49","0","061","K","TRAFFIC",,"View Summons (http://nycserv.nyc.gov/NYCServWeb/ShowImage?searchID=VDBSVk5FNVVSWGxQVkZsM1QwRTlQUT09&locationName=_____________________)"
"MONTGUE","NY","SRF","9081494909","09/29/2023","02:01P","NO STANDING-EXC. TRUCK LOADING",,"95","0","0","0","95","0","001","NY","TRAFFIC",,"View Summons (http://nycserv.nyc.gov/NYCServWeb/ShowImage?searchID=VDFSQk5FMVVVVFZPUkd0M1QxRTlQUT09&locationName=_____________________)"
"91BD10","NY","MOT","8841082136","12/28/2020","08:42A","SIDEWALK",,"115","0","0","115","0","0","114","Q","TRAFFIC","HEARING HELD-NOT GUILTY","View Summons (http://nycserv.nyc.gov/NYCServWeb/ShowImage?searchID=VDBSbk1FMVVRVFJOYWtWNlRtYzlQUT09&locationName=_____________________)"
"JGK2397","NY","PAS","8995169280","07/29/2021","02:51P","NO PARKING-DAY/TIME LIMITS",,"60","0","0","0","60","0","094","K","TRAFFIC",,"View Summons (http://nycserv.nyc.gov/NYCServWeb/ShowImage?searchID=VDBSck5VNVVSVEpQVkVrMFRVRTlQUT09&locationName=_____________________)"
"KGE9367","NY","PAS","8995169333","07/30/2021","11:40A","NO PARKING-STREET CLEANING",,"65","0","0","0","65","0","094","K","TRAFFIC",,"View Summons (http://nycserv.nyc.gov/NYCServWeb/ShowImage?searchID=VDBSck5VNVVSVEpQVkUxNlRYYzlQUT09&locationName=_____________________)"
"ANZ1911","NY","PAS","8995169369","07/30/2021","11:45A","NO PARKING-STREET CLEANING",,"65","0","0","0","65","0","094","K","TRAFFIC",,"View Summons (http://nycserv.nyc.gov/NYCServWeb/ShowImage?searchID=VDBSck5VNVVSVEpQVkUweVQxRTlQUT09&locationName=_____________________)"
"HZD7001","NY","PAS","8995169424","07/30/2021","11:52A","NO PARKING-STREET CLEANING",,"65","0","0","0","65","0","094","K","TRAFFIC",,"View Summons (http://nycserv.nyc.gov/NYCServWeb/ShowImage?searchID=VDBSck5VNVVSVEpQVkZGNVRrRTlQUT09&locationName=_____________________)"
"HEE9054","NY","PAS","8994575390","09/01/2021","04:08P","INSP. STICKER-EXPIRED/MISSING",,"65","0","0","0","65","0","083","K","TRAFFIC","HEARING HELD-GUILTY","View Summons (http://nycserv.nyc.gov/NYCServWeb/ShowImage?searchID=VDBSck5VNUVWVE5PVkUwMVRVRTlQUT09&locationName=_____________________)"
"GVJ2721","NY","PAS","8994575261","09/01/2021","02:50P","FRONT OR BACK PLATE MISSING",,"65","0","0","0","65","0","083","K","TRAFFIC",,"View Summons (http://nycserv.nyc.gov/NYCServWeb/ShowImage?searchID=VDBSck5VNUVWVE5PVkVreVRWRTlQUT09&locationName=_____________________)"
"46586MN","NY","COM","9002463716","08/12/2022","03:29P","DOUBLE PARKING",,"115","0","0","0","115","0","061","K","TRAFFIC","HEARING HELD-GUILTY","View Summons (http://nycserv.nyc.gov/NYCServWeb/ShowImage?searchID=VDFSQmQwMXFVVEpOZW1ONFRtYzlQUT09&locationName=_____________________)"
"GSM8678","NY","PAS","9007715884","09/13/2022","09:33A","NO PARKING-STREET CLEANING",,"65","10","0","10","65","0","078","K","TRAFFIC",,"View Summons (http://nycserv.nyc.gov/NYCServWeb/ShowImage?searchID=VDFSQmQwNTZZM2hPVkdjMFRrRTlQUT09&locationName=_____________________)"
"GAA1039","NY","PAS","8992934166","02/24/2022","03:35P","NO STANDING-EXC. TRUCK LOADING",,"95","0","0","0","95","0","077","K","TRAFFIC",,"View Summons (http://nycserv.nyc.gov/NYCServWeb/ShowImage?searchID=VDBSck5VMXFhM3BPUkVVeVRtYzlQUT09&locationName=_____________________)"
"JRC7667","NY","PAS","8995169539","07/30/2021","12:12P","NO PARKING-STREET CLEANING",,"65","0","0","0","65","0","094","K","TRAFFIC",,"View Summons (http://nycserv.nyc.gov/NYCServWeb/ShowImage?searchID=VDBSck5VNVVSVEpQVkZWNlQxRTlQUT09&locationName=_____________________)"
"GHF8075","NY","PAS","8994575406","09/01/2021","04:09P","INSP. STICKER-EXPIRED/MISSING",,"65","0","0","0","65","0","083","K","TRAFFIC",,"View Summons (http://nycserv.nyc.gov/NYCServWeb/ShowImage?searchID=VDBSck5VNUVWVE5PVkZGM1RtYzlQUT09&locationName=_____________________)"
"KZA8655","NY","PAS","8935899938","02/02/2023","04:48P","BIKE LANE",,"115","30","0","0","145","0","040","BX","TRAFFIC",,"View Summons (http://nycserv.nyc.gov/NYCServWeb/ShowImage?searchID=VDBScmVrNVVaelZQVkd0NlQwRTlQUT09&locationName=_____________________)"
"45266NC","NY","COM","8823985201","06/14/2022","11:25A","NO PARKING-DAY/TIME LIMITS",,"65","10","0","75","0","0","005","NY","TRAFFIC","HEARING HELD-NOT GUILTY","View Summons (http://nycserv.nyc.gov/NYCServWeb/ShowImage?searchID=VDBSbmVVMTZhelJPVkVsM1RWRTlQUT09&locationName=_____________________)"
"GRT4107","NY","PAS","8823985018","06/14/2022","08:33A","NO PARKING-DAY/TIME LIMITS",,"65","30","0","0","95","0","006","NY","TRAFFIC",,"View Summons (http://nycserv.nyc.gov/NYCServWeb/ShowImage?searchID=VDBSbmVVMTZhelJPVkVGNFQwRTlQUT09&locationName=_____________________)"
"JFZ8232","NY","PAS","8585218861","02/24/2020","09:45A","CROSSWALK","07/28/2022","115","60","2.89","0.1","177.79","0","111","Q","TRAFFIC",,"View Summons (http://nycserv.nyc.gov/NYCServWeb/ShowImage?searchID=VDBSVk5FNVVTWGhQUkdjeVRWRTlQUT09&locationName=_____________________)"
"LAC3624","NY","PAS","4842471050","05/22/2023","09:12A","PHTO SCHOOL ZN SPEED VIOLATION","08/17/2023","50","25","0.62","0.06","75.56","0","000","BX","DEPARTMENT OF TRANSPORTATION",,"View Summons (http://nycserv.nyc.gov/NYCServWeb/ShowImage?searchID=VGtSbk1FMXFVVE5OVkVFeFRVRTlQUT09&locationName=_____________________)"
"JPV7314","NY","PAS","9085880853","10/20/2023","12:05P","NO PARKING-STREET CLEANING",,"65","10","0","0","75","0","076","K","TRAFFIC",,"View Summons (http://nycserv.nyc.gov/NYCServWeb/ShowImage?searchID=VDFSQk5FNVVaelJOUkdjeFRYYzlQUT09&locationName=_____________________)"
"LRJ7803","PA","PAS","4842471062","05/22/2023","09:13A","PHTO SCHOOL ZN SPEED VIOLATION",,"50","0","0","0","50","0","000","MN","DEPARTMENT OF TRANSPORTATION",,"View Summons (http://nycserv.nyc.gov/NYCServWeb/ShowImage?searchID=VGtSbk1FMXFVVE5OVkVFeVRXYzlQUT09&locationName=_____________________)"
"KKB8212","NY","PAS","9005780113","08/19/2022","00:37A","NO PARKING-STREET CLEANING","12/08/2022","65","60","2.51","0.03","127.48","0","067","K","TRAFFIC",,"View Summons (http://nycserv.nyc.gov/NYCServWeb/ShowImage?searchID=VDFSQmQwNVVZelJOUkVWNFRYYzlQUT09&locationName=_____________________)"
"JNW8170","NY","PAS","8995169692","08/01/2021","11:36A","INSP. STICKER-EXPIRED/MISSING",,"65","0","0","0","65","0","084","K","TRAFFIC",,"View Summons (http://nycserv.nyc.gov/NYCServWeb/ShowImage?searchID=VDBSck5VNVVSVEpQVkZrMVRXYzlQUT09&locationName=_____________________)"
"KDV7522","NY","PAS","8995169746","08/01/2021","12:01P","INSP. STICKER-EXPIRED/MISSING",,"65","0","0","0","65","0","084","K","TRAFFIC","HEARING HELD-GUILTY","View Summons (http://nycserv.nyc.gov/NYCServWeb/ShowImage?searchID=VDBSck5VNVVSVEpQVkdNd1RtYzlQUT09&locationName=_____________________)"
"KFP4235","NY","PAS","8995169515","07/30/2021","12:09P","NO PARKING-STREET CLEANING",,"65","0","0","0","65","0","094","K","TRAFFIC",,"View Summons (http://nycserv.nyc.gov/NYCServWeb/ShowImage?searchID=VDBSck5VNVVSVEpQVkZWNFRsRTlQUT09&locationName=_____________________)"
"GDE6763","NY","PAS","8995169588","08/01/2021","10:55A","REG. STICKER-EXPIRED/MISSING",,"65","0","0","0","65","0","084","K","TRAFFIC","HEARING HELD-GUILTY","View Summons (http://nycserv.nyc.gov/NYCServWeb/ShowImage?searchID=VDBSck5VNVVSVEpQVkZVMFQwRTlQUT09&locationName=_____________________)"
"GDE6763","NY","PAS","8995169590","08/01/2021","10:55A","INSP. STICKER-EXPIRED/MISSING",,"65","0","0","0","65","0","084","K","TRAFFIC","HEARING HELD-GUILTY","View Summons (http://nycserv.nyc.gov/NYCServWeb/ShowImage?searchID=VDBSck5VNVVSVEpQVkZVMVRVRTlQUT09&locationName=_____________________)"
"KDS5450","NY","PAS","8995169734","08/01/2021","11:54A","INSP. STICKER-EXPIRED/MISSING",,"65","0","0","0","65","0","084","K","TRAFFIC",,"View Summons (http://nycserv.nyc.gov/NYCServWeb/ShowImage?searchID=VDBSck5VNVVSVEpQVkdONlRrRTlQUT09&locationName=_____________________)"
"62028MK","NY","COM","9021781130","12/01/2022","07:36A","NO PARKING-STREET CLEANING",,"65","10","0","0","75","0","114","Q","TRAFFIC","HEARING HELD-GUILTY REDUCTION","View Summons (http://nycserv.nyc.gov/NYCServWeb/ShowImage?searchID=VDFSQmVVMVVZelJOVkVWNlRVRTlQUT09&locationName=_____________________)"
"BEN8422","NY","PAS","8993034060","02/23/2022","01:18P","FAIL TO DSPLY MUNI METER RECPT",,"35","0","0","0","35","0","088","K","TRAFFIC",,"View Summons (http://nycserv.nyc.gov/NYCServWeb/ShowImage?searchID=VDBSck5VMTZRWHBPUkVFeVRVRTlQUT09&locationName=_____________________)"
"KSG2010","NY","PAS","8993990013","02/23/2022","03:16P","FAIL TO DSPLY MUNI METER RECPT",,"35","0","0","35","0","0","083","K","TRAFFIC","HEARING HELD-NOT GUILTY","View Summons (http://nycserv.nyc.gov/NYCServWeb/ShowImage?searchID=VDBSck5VMTZhelZOUkVGNFRYYzlQUT09&locationName=_____________________)"
"HSD8369","NY","PAS","8864083881","01/15/2022","04:04P","FAIL TO DSPLY MUNI METER RECPT",,"35","0","0","0","35","0","070","K","TRAFFIC",,"View Summons (http://nycserv.nyc.gov/NYCServWeb/ShowImage?searchID=VDBSbk1rNUVRVFJOZW1jMFRWRTlQUT09&locationName=_____________________)"
"82213MG","NY","COM","8913918353","04/22/2021","08:08A","FAIL TO DISP. MUNI METER RECPT",,"65","0","0","0","65","0","013","NY","TRAFFIC","HEARING HELD-GUILTY","View Summons (http://nycserv.nyc.gov/NYCServWeb/ShowImage?searchID=VDBScmVFMTZhM2hQUkUweFRYYzlQUT09&locationName=_____________________)"
"KDJ1305","NY","PAS","8864083856","01/15/2022","03:56P","INSP. STICKER-EXPIRED/MISSING",,"65","10","0","0","75","0","070","K","TRAFFIC",,"View Summons (http://nycserv.nyc.gov/NYCServWeb/ShowImage?searchID=VDBSbk1rNUVRVFJOZW1jeFRtYzlQUT09&locationName=_____________________)"
"BD13842","CT","PAS","9058181467","06/21/2023","02:06P","CROSSWALK",,"115","10","0","10","115","0","033","NY","TRAFFIC",,"View Summons (http://nycserv.nyc.gov/NYCServWeb/ShowImage?searchID=VDFSQk1VOUVSVFJOVkZFeVRuYzlQUT09&locationName=_____________________)"
"HCM4818","NY","PAS","8967431569","10/26/2021","01:57P","EXPIRED MUNI METER",,"35","0","0","0","35","0","045","BX","TRAFFIC",,"View Summons (http://nycserv.nyc.gov/NYCServWeb/ShowImage?searchID=VDBSck1rNTZVWHBOVkZVeVQxRTlQUT09&locationName=_____________________)"
"JPL5316","NY","PAS","9007715951","09/13/2022","10:36A","FIRE HYDRANT",,"115","10","0","10","115","0","078","K","TRAFFIC",,"View Summons (http://nycserv.nyc.gov/NYCServWeb/ShowImage?searchID=VDFSQmQwNTZZM2hPVkdzeFRWRTlQUT09&locationName=_____________________)"
"HGL5512","NY","PAS","8585243302","06/17/2022","03:57P","NON-COMPLIANCE W/ POSTED SIGN","10/06/2022","60","60","1.02","0.12","120.9","0","084","K","TRAFFIC",,"View Summons (http://nycserv.nyc.gov/NYCServWeb/ShowImage?searchID=VDBSVk5FNVVTVEJOZWsxM1RXYzlQUT09&locationName=_____________________)"
"KHJ6841","NY","PAS","9002464228","08/16/2022","09:41A","NO PARKING-STREET CLEANING",,"65","10","0","0","75","0","072","K","TRAFFIC",,"View Summons (http://nycserv.nyc.gov/NYCServWeb/ShowImage?searchID=VDFSQmQwMXFVVEpPUkVsNVQwRTlQUT09&locationName=_____________________)"
"HNW1086","NY","PAS","8823985237","06/14/2022","11:54A","NO PARKING-DAY/TIME LIMITS",,"65","10","0","10","65","0","005","NY","TRAFFIC",,"View Summons (http://nycserv.nyc.gov/NYCServWeb/ShowImage?searchID=VDBSbmVVMTZhelJPVkVsNlRuYzlQUT09&locationName=_____________________)"
"FTT4652","NY","PAS","8913918882","04/26/2021","07:11A","NO STANDING-COMM METER ZONE",,"115","0","0","0","115","0","013","NY","TRAFFIC",,"View Summons (http://nycserv.nyc.gov/NYCServWeb/ShowImage?searchID=VDBScmVFMTZhM2hQUkdjMFRXYzlQUT09&locationName=_____________________)"
"76680MN","NY","COM","8823985298","06/15/2022","07:41A","NO PARKING-STREET CLEANING",,"65","10","0","10","65","0","006","NY","TRAFFIC",,"View Summons (http://nycserv.nyc.gov/NYCServWeb/ShowImage?searchID=VDBSbmVVMTZhelJPVkVrMVQwRTlQUT09&locationName=_____________________)"
"FBG2893","NY","PAS","8994575662","09/03/2021","03:22P","FRONT OR BACK PLATE MISSING",,"65","0","0","0","65","0","073","K","TRAFFIC",,"View Summons (http://nycserv.nyc.gov/NYCServWeb/ShowImage?searchID=VDBSck5VNUVWVE5PVkZreVRXYzlQUT09&locationName=_____________________)"
"GGV9632","NY","PAS","8995169758","08/01/2021","12:02P","REG. STICKER-EXPIRED/MISSING",,"65","0","0","0","65","0","084","K","TRAFFIC",,"View Summons (http://nycserv.nyc.gov/NYCServWeb/ShowImage?searchID=VDBSck5VNVVSVEpQVkdNeFQwRTlQUT09&locationName=_____________________)"
"KGY5777","NY","PAS","8994663241","02/23/2022","02:39P","NO STANDING-DAY/TIME LIMITS",,"115","0","0","115","0","0","084","K","TRAFFIC","HEARING HELD-NOT GUILTY","View Summons (http://nycserv.nyc.gov/NYCServWeb/ShowImage?searchID=VDBSck5VNUVXVEpOZWtrd1RWRTlQUT09&locationName=_____________________)"
"HJL3744","NY","PAS","8995385212","02/24/2022","09:21A","NO PARKING-STREET CLEANING",,"65","0","0","0","65","0","090","K","TRAFFIC",,"View Summons (http://nycserv.nyc.gov/NYCServWeb/ShowImage?searchID=VDBSck5VNVVUVFJPVkVsNFRXYzlQUT09&locationName=_____________________)"
"F97PHE","NJ","PAS","8996002859","02/24/2022","02:19P","NO PARKING-DAY/TIME LIMITS",,"60","0","0","0","60","0","084","K","TRAFFIC",,"View Summons (http://nycserv.nyc.gov/NYCServWeb/ShowImage?searchID=VDBSck5VNXFRWGROYW1jeFQxRTlQUT09&locationName=_____________________)"
"KDJ2451","NY","PAS","8996221806","02/24/2022","09:14A","NO PARKING-STREET CLEANING",,"65","0","0","0","65","0","090","K","TRAFFIC",,"View Summons (http://nycserv.nyc.gov/NYCServWeb/ShowImage?searchID=VDBSck5VNXFTWGxOVkdkM1RtYzlQUT09&locationName=_____________________)"
"44185MK","NY","COM","8979474910","02/15/2022","01:57P","NO STANDING-BUS STOP",,"115","0","0","15","100","0","066","K","TRAFFIC","HEARING HELD-GUILTY REDUCTION","View Summons (http://nycserv.nyc.gov/NYCServWeb/ShowImage?searchID=VDBSck0wOVVVVE5PUkd0NFRVRTlQUT09&locationName=_____________________)"
"JRW9475","NY","PAS","8913919357","04/26/2021","03:38P","NO STANDING-DAY/TIME LIMITS",,"115","0","0","0","115","0","009","NY","TRAFFIC",,"View Summons (http://nycserv.nyc.gov/NYCServWeb/ShowImage?searchID=VDBScmVFMTZhM2hQVkUweFRuYzlQUT09&locationName=_____________________)"
"168RDE","KY","PAS","8995170037","08/03/2021","11:37A","NO PARKING-STREET CLEANING",,"65","0","0","0","65","0","094","K","TRAFFIC",,"View Summons (http://nycserv.nyc.gov/NYCServWeb/ShowImage?searchID=VDBSck5VNVVSVE5OUkVGNlRuYzlQUT09&locationName=_____________________)"
"GXB5003","NY","PAS","8991957031","04/08/2021","12:47P","REG. STICKER-EXPIRED/MISSING",,"65","0","0","0","65","0","088","K","TRAFFIC",,"View Summons (http://nycserv.nyc.gov/NYCServWeb/ShowImage?searchID=VDBSck5VMVVhekZPZWtGNlRWRTlQUT09&locationName=_____________________)"
"KHY8956","NY","PAS","8994110458","05/27/2021","01:33P","FIRE HYDRANT",,"115","0","0","0","115","0","090","K","TRAFFIC",,"View Summons (http://nycserv.nyc.gov/NYCServWeb/ShowImage?searchID=VDBSck5VNUVSWGhOUkZFeFQwRTlQUT09&locationName=_____________________)"
"HTY6537","NY","PAS","8864083947","01/18/2022","12:15P","REG. STICKER-EXPIRED/MISSING",,"65","0","0","0","65","0","061","K","TRAFFIC",,"View Summons (http://nycserv.nyc.gov/NYCServWeb/ShowImage?searchID=VDBSbk1rNUVRVFJOZW1zd1RuYzlQUT09&locationName=_____________________)"
"GBK8988","NY","PAS","8864084058","01/18/2022","12:55P","NO PARKING-STREET CLEANING",,"65","0","0","0","65","0","061","K","TRAFFIC","HEARING HELD-GUILTY","View Summons (http://nycserv.nyc.gov/NYCServWeb/ShowImage?searchID=VDBSbk1rNUVRVFJPUkVFeFQwRTlQUT09&locationName=_____________________)"
"72990ML","NY","COM","8823985377","06/15/2022","09:02A","NO PARKING-DAY/TIME LIMITS",,"65","10","0","75","0","0","006","NY","TRAFFIC","HEARING HELD-NOT GUILTY","View Summons (http://nycserv.nyc.gov/NYCServWeb/ShowImage?searchID=VDBSbmVVMTZhelJPVkUwelRuYzlQUT09&locationName=_____________________)"
"KTB9024","NY","PAS","8864083935","01/18/2022","12:03P","FRONT OR BACK PLATE MISSING",,"65","0","0","0","65","0","061","K","TRAFFIC","HEARING HELD-GUILTY","View Summons (http://nycserv.nyc.gov/NYCServWeb/ShowImage?searchID=VDBSbk1rNUVRVFJOZW10NlRsRTlQUT09&locationName=_____________________)"
"GUR1201","NY","PAS","8913919187","04/26/2021","01:23P","NO STANDING-DAY/TIME LIMITS",,"115","0","0","0","115","0","013","NY","TRAFFIC",,"View Summons (http://nycserv.nyc.gov/NYCServWeb/ShowImage?searchID=VDBScmVFMTZhM2hQVkVVMFRuYzlQUT09&locationName=_____________________)"
"JBY7945","NY","PAS","8967431855","10/27/2021","04:23P","FAIL TO DSPLY MUNI METER RECPT",,"35","0","0","0","35","0","049","BX","TRAFFIC",,"View Summons (http://nycserv.nyc.gov/NYCServWeb/ShowImage?searchID=VDBSck1rNTZVWHBOVkdjeFRsRTlQUT09&locationName=_____________________)"
"70281MJ","NY","COM","8683610846","03/30/2021","11:05A","DOUBLE PARKING",,"115","0","0","115","0","0","114","Q","TRAFFIC","HEARING HELD-NOT GUILTY","View Summons (http://nycserv.nyc.gov/NYCServWeb/ShowImage?searchID=VDBSWk5FMTZXWGhOUkdjd1RtYzlQUT09&locationName=_____________________)"
"F56MMZ","NJ","PAS","8823985353","06/15/2022","08:56A","NO PARKING-DAY/TIME LIMITS",,"65","0","0","0","65","0","006","NY","TRAFFIC",,"View Summons (http://nycserv.nyc.gov/NYCServWeb/ShowImage?searchID=VDBSbmVVMTZhelJPVkUweFRYYzlQUT09&locationName=_____________________)"
"39668ML","NY","COM","8913919783","04/28/2021","07:03A","SIDEWALK",,"115","0","0","15","100","0","013","NY","TRAFFIC","HEARING HELD-GUILTY REDUCTION","View Summons (http://nycserv.nyc.gov/NYCServWeb/ShowImage?searchID=VDBScmVFMTZhM2hQVkdNMFRYYzlQUT09&locationName=_____________________)"
"KHS7774","NY","PAS","8995170190","08/03/2021","12:03P","INSP. STICKER-EXPIRED/MISSING",,"65","0","0","0","65","0","094","K","TRAFFIC","HEARING HELD-GUILTY","View Summons (http://nycserv.nyc.gov/NYCServWeb/ShowImage?searchID=VDBSck5VNVVSVE5OUkVVMVRVRTlQUT09&locationName=_____________________)"
"HLA7948","NY","PAS","8585246212","07/10/2022","01:05P","INSP. STICKER-EXPIRED/MISSING","11/03/2022","65","60","0.15","0.09","125.06","0","090","K","TRAFFIC",,"View Summons (http://nycserv.nyc.gov/NYCServWeb/ShowImage?searchID=VDBSVk5FNVVTVEJPYWtsNFRXYzlQUT09&locationName=_____________________)"
"3DE2153","MD","PAS","8994656819","09/11/2021","10:54A","NO STANDING-DAY/TIME LIMITS",,"115","0","0","0","115","0","084","K","TRAFFIC",,"View Summons (http://nycserv.nyc.gov/NYCServWeb/ShowImage?searchID=VDBSck5VNUVXVEZPYW1kNFQxRTlQUT09&locationName=_____________________)"
"JCYW39","FL","PAS","8994656790","09/09/2021","04:51P","NO STANDING-DAY/TIME LIMITS",,"115","0","0","0","115","0","076","K","TRAFFIC",,"View Summons (http://nycserv.nyc.gov/NYCServWeb/ShowImage?searchID=VDBSck5VNUVXVEZPYW1NMVRVRTlQUT09&locationName=_____________________)"
"B51PKG","NJ","PAS","8982548270","01/28/2022","02:13P","NO PARKING-DAY/TIME LIMITS",,"60","0","0","0","60","0","070","K","TRAFFIC",,"View Summons (http://nycserv.nyc.gov/NYCServWeb/ShowImage?searchID=VDBSck5FMXFWVEJQUkVrelRVRTlQUT09&locationName=_____________________)"
"KXT2949","NY","PAS","4811226045","11/07/2022","09:58P","PHTO SCHOOL ZN SPEED VIOLATION","02/02/2023","50","25","0.04","0.04","75","0","000","QN","DEPARTMENT OF TRANSPORTATION",,"View Summons (http://nycserv.nyc.gov/NYCServWeb/ShowImage?searchID=VGtSbmVFMVVTWGxPYWtFd1RsRTlQUT09&locationName=_____________________)"
"FMJ2157","NY","PAS","9138860843","06/23/2024","11:16A","FIRE HYDRANT",,"115","0","0","0","115","0","100","Q","TRAFFIC",,"View Summons (http://nycserv.nyc.gov/NYCServWeb/ShowImage?searchID=VDFSRmVrOUVaekpOUkdjd1RYYzlQUT09&locationName=_____________________)"
"EWM7121","NY","PAS","8850543244","06/09/2021","11:50A","NO PARKING-STREET CLEANING",,"65","0","0","0","65","0","114","Q","TRAFFIC",,"View Summons (http://nycserv.nyc.gov/NYCServWeb/ShowImage?searchID=VDBSbk1VMUVWVEJOZWtrd1RrRTlQUT09&locationName=_____________________)"
"KKD5259","NY","PAS","8850543268","06/10/2021","06:55A","INSP. STICKER-EXPIRED/MISSING",,"65","0","0","0","65","0","108","Q","TRAFFIC",,"View Summons (http://nycserv.nyc.gov/NYCServWeb/ShowImage?searchID=VDBSbk1VMUVWVEJOZWtreVQwRTlQUT09&locationName=_____________________)"
"HWH3879","NY","PAS","8850543281","06/10/2021","07:17A","FAIL TO DSPLY MUNI METER RECPT",,"35","0","0","0","35","0","108","Q","TRAFFIC",,"View Summons (http://nycserv.nyc.gov/NYCServWeb/ShowImage?searchID=VDBSbk1VMUVWVEJOZWtrMFRWRTlQUT09&locationName=_____________________)"
"KKV7144","NY","PAS","4811226100","11/07/2022","09:59P","PHTO SCHOOL ZN SPEED VIOLATION",,"50","25","0","0","75","0","000","BK","DEPARTMENT OF TRANSPORTATION",,"View Summons (http://nycserv.nyc.gov/NYCServWeb/ShowImage?searchID=VGtSbmVFMVVTWGxPYWtWM1RVRTlQUT09&locationName=_____________________)"
"KMARX","NY","SRF","8585246273","07/10/2022","03:39P","INSP. STICKER-EXPIRED/MISSING","10/27/2022","65","60","0.4","0.12","125.28","0","090","K","TRAFFIC",,"View Summons (http://nycserv.nyc.gov/NYCServWeb/ShowImage?searchID=VDBSVk5FNVVTVEJPYWtrelRYYzlQUT09&locationName=_____________________)"
"44594MK","NY","COM","8850543177","06/09/2021","08:42A","CROSSWALK",,"115","0","0","15","100","0","114","Q","TRAFFIC","HEARING HELD-GUILTY REDUCTION","View Summons (http://nycserv.nyc.gov/NYCServWeb/ShowImage?searchID=VDBSbk1VMUVWVEJOZWtVelRuYzlQUT09&locationName=_____________________)"
"JPP6321","NY","PAS","8850543256","06/10/2021","06:48A","INSP. STICKER-EXPIRED/MISSING",,"65","0","0","0","65","0","108","Q","TRAFFIC",,"View Summons (http://nycserv.nyc.gov/NYCServWeb/ShowImage?searchID=VDBSbk1VMUVWVEJOZWtreFRtYzlQUT09&locationName=_____________________)"
"KFZ6619","NY","PAS","8850543270","06/10/2021","07:06A","FAIL TO DSPLY MUNI METER RECPT",,"35","0","0","0","35","0","108","Q","TRAFFIC",,"View Summons (http://nycserv.nyc.gov/NYCServWeb/ShowImage?searchID=VDBSbk1VMUVWVEJOZWtrelRVRTlQUT09&locationName=_____________________)"
"ABT06YC","NY","SRF","8982799254","02/05/2022","12:35P","REG. STICKER-EXPIRED/MISSING",,"65","0","0","0","65","0","061","K","TRAFFIC",,"View Summons (http://nycserv.nyc.gov/NYCServWeb/ShowImage?searchID=VDBSck5FMXFZelZQVkVreFRrRTlQUT09&locationName=_____________________)"
"KJW2345","NY","PAS","8850543232","06/09/2021","11:49A","NO PARKING-STREET CLEANING",,"65","0","0","0","65","0","114","Q","TRAFFIC",,"View Summons (http://nycserv.nyc.gov/NYCServWeb/ShowImage?searchID=VDBSbk1VMUVWVEJOZWtsNlRXYzlQUT09&locationName=_____________________)"
"1BR8371","AL","PAS","8994656870","09/11/2021","12:12P","NO STANDING-EXC. TRUCK LOADING",,"95","0","0","0","95","0","084","K","TRAFFIC",,"View Summons (http://nycserv.nyc.gov/NYCServWeb/ShowImage?searchID=VDBSck5VNUVXVEZPYW1jelRVRTlQUT09&locationName=_____________________)"
"OST2579","NY","SRF","8636986308","06/26/2019",,,,,,,,,,,,,,"View Summons (http://nycserv.nyc.gov/NYCServWeb/ShowImage?searchID=VDBSWmVrNXFhelJPYWsxM1QwRTlQUT09&locationName=_____________________)"
"91291MD","NY","COM","8985842572","02/14/2022","12:43P","NO STANDING-DAY/TIME LIMITS",,"115","0","0","15","100","0","109","Q","TRAFFIC","HEARING HELD-GUILTY REDUCTION","View Summons (http://nycserv.nyc.gov/NYCServWeb/ShowImage?searchID=VDBSck5FNVVaekJOYWxVelRXYzlQUT09&locationName=_____________________)"
"KFR1432","NY","PAS","8987493428","07/22/2021","08:33A","NO PARKING-DAY/TIME LIMITS",,"60","0","0","0","60","0","073","K","TRAFFIC","HEARING HELD-GUILTY","View Summons (http://nycserv.nyc.gov/NYCServWeb/ShowImage?searchID=VDBSck5FNTZVVFZOZWxGNVQwRTlQUT09&locationName=_____________________)"
"KMN3272","NY","PAS","9021781219","12/01/2022","08:06A","INSP. STICKER-EXPIRED/MISSING",,"65","30","0","0","95","0","114","Q","TRAFFIC",,"View Summons (http://nycserv.nyc.gov/NYCServWeb/ShowImage?searchID=VDFSQmVVMVVZelJOVkVsNFQxRTlQUT09&locationName=_____________________)"
"27DGRG","FL","PAS","4811226112","11/07/2022","10:00P","PHTO SCHOOL ZN SPEED VIOLATION",,"50","25","0","0","75","0","000","QN","DEPARTMENT OF TRANSPORTATION",,"View Summons (http://nycserv.nyc.gov/NYCServWeb/ShowImage?searchID=VGtSbmVFMVVTWGxPYWtWNFRXYzlQUT09&locationName=_____________________)"
"JPL1363","NY","PAS","8841089945","02/13/2021","09:45A","INSP. STICKER-EXPIRED/MISSING",,"65","0","0","0","65","0","115","Q","TRAFFIC",,"View Summons (http://nycserv.nyc.gov/NYCServWeb/ShowImage?searchID=VDBSbk1FMVVRVFJQVkdzd1RsRTlQUT09&locationName=_____________________)"
"GKW4049","NY","PAS","8841089969","02/13/2021","09:55A","NO PARKING-DAY/TIME LIMITS",,"60","0","0","0","60","0","115","Q","TRAFFIC",,"View Summons (http://nycserv.nyc.gov/NYCServWeb/ShowImage?searchID=VDBSbk1FMVVRVFJQVkdzeVQxRTlQUT09&locationName=_____________________)"
"T95PJX","NJ","PAS","9002464708","08/17/2022","03:17P","FAIL TO DSPLY MUNI METER RECPT",,"35","10","0","0","45","0","062","K","TRAFFIC",,"View Summons (http://nycserv.nyc.gov/NYCServWeb/ShowImage?searchID=VDFSQmQwMXFVVEpPUkdOM1QwRTlQUT09&locationName=_____________________)"
"KMN3272","NY","PAS","9021781220","12/01/2022","08:07A","NO PARKING-STREET CLEANING",,"65","30","0","0","95","0","114","Q","TRAFFIC",,"View Summons (http://nycserv.nyc.gov/NYCServWeb/ShowImage?searchID=VDFSQmVVMVVZelJOVkVsNVRVRTlQUT09&locationName=_____________________)"
"53834MM","NY","COM","8987510268","05/01/2021","11:09A","INSP. STICKER-EXPIRED/MISSING",,"65","0","0","0","65","0","090","K","TRAFFIC","APPEAL AFFIRMED","View Summons (http://nycserv.nyc.gov/NYCServWeb/ShowImage?searchID=VDBSck5FNTZWWGhOUkVreVQwRTlQUT09&locationName=_____________________)"
"KBC111","VT","PAS","9005780265","08/19/2022","01:20A","NO PARKING-STREET CLEANING","12/08/2022","65","60","3.89","0.09","128.8","0","067","K","TRAFFIC",,"View Summons (http://nycserv.nyc.gov/NYCServWeb/ShowImage?searchID=VDFSQmQwNVVZelJOUkVreVRsRTlQUT09&locationName=_____________________)"
"082622R","NJ","PAS","8637066719","05/01/2018",,,,,,,,,,,,,,"View Summons (http://nycserv.nyc.gov/NYCServWeb/ShowImage?searchID=VDBSWmVrNTZRVEpPYW1ONFQxRTlQUT09&locationName=_____________________)"
"AL33485","AZ","PAS","4811226227","11/07/2022","10:03P","PHTO SCHOOL ZN SPEED VIOLATION",,"50","0","0","0","50","0","000","QN","DEPARTMENT OF TRANSPORTATION",,"View Summons (http://nycserv.nyc.gov/NYCServWeb/ShowImage?searchID=VGtSbmVFMVVTWGxPYWtsNVRuYzlQUT09&locationName=_____________________)"
"KGS8810","NY","PAS","8957971907","05/04/2021","07:01A","NO PARKING-DAY/TIME LIMITS",,"60","0","0","0","60","0","046","BX","TRAFFIC",,"View Summons (http://nycserv.nyc.gov/NYCServWeb/ShowImage?searchID=VDBSck1VNTZhek5OVkd0M1RuYzlQUT09&locationName=_____________________)"
"HZU2710","NY","PAS","8850543300","06/10/2021","07:20A","FAIL TO DSPLY MUNI METER RECPT",,"35","0","0","0","35","0","108","Q","TRAFFIC",,"View Summons (http://nycserv.nyc.gov/NYCServWeb/ShowImage?searchID=VDBSbk1VMUVWVEJOZWsxM1RVRTlQUT09&locationName=_____________________)"
"KDU1679","NY","PAS","8850543311","06/10/2021","07:25A","FAIL TO DSPLY MUNI METER RECPT",,"35","0","0","35","0","0","108","Q","TRAFFIC","HEARING HELD-NOT GUILTY","View Summons (http://nycserv.nyc.gov/NYCServWeb/ShowImage?searchID=VDBSbk1VMUVWVEJOZWsxNFRWRTlQUT09&locationName=_____________________)"
"KGR7588","NY","PAS","8841090157","02/13/2021","01:04P","FAIL TO DSPLY MUNI METER RECPT",,"35","0","0","0","35","0","115","Q","TRAFFIC","HEARING HELD-GUILTY","View Summons (http://nycserv.nyc.gov/NYCServWeb/ShowImage?searchID=VDBSbk1FMVVRVFZOUkVVeFRuYzlQUT09&locationName=_____________________)"
"KUU6114","NY","PAS","8823985559","06/15/2022","10:44A","BIKE LANE",,"115","10","0","10","115","0","006","NY","TRAFFIC",,"View Summons (http://nycserv.nyc.gov/NYCServWeb/ShowImage?searchID=VDBSbmVVMTZhelJPVkZVeFQxRTlQUT09&locationName=_____________________)"
"33097NA","NY","COM","8585272855","07/19/2022","09:07A","NO STANDING-DAY/TIME LIMITS","11/03/2022","115","60","0.22","0.13","175.09","0","018","NY","TRAFFIC",,"View Summons (http://nycserv.nyc.gov/NYCServWeb/ShowImage?searchID=VDBSVk5FNVVTVE5OYW1jeFRsRTlQUT09&locationName=_____________________)"
"GYA3825","NY","PAS","4811226239","11/07/2022","10:03P","PHTO SCHOOL ZN SPEED VIOLATION",,"50","0","0","0","50","0","000","BX","DEPARTMENT OF TRANSPORTATION",,"View Summons (http://nycserv.nyc.gov/NYCServWeb/ShowImage?searchID=VGtSbmVFMVVTWGxPYWtsNlQxRTlQUT09&locationName=_____________________)"
"913288R","NJ","PAS","8935901167","02/22/2021",,,,,,,,,,,,,,"View Summons (http://nycserv.nyc.gov/NYCServWeb/ShowImage?searchID=VDBScmVrNVVhM2ROVkVVeVRuYzlQUT09&locationName=_____________________)"
"HDM1307","NY","PAS","8244026571","10/10/2016",,,,,,,,,,,,,,"View Summons (http://nycserv.nyc.gov/NYCServWeb/ShowImage?searchID=VDBSSk1FNUVRWGxPYWxVelRWRTlQUT09&locationName=_____________________)"
"HXK5902","NY","PAS","4842471189","05/22/2023","09:16A","PHTO SCHOOL ZN SPEED VIOLATION",,"50","0","0","0","50","0","000","BK","DEPARTMENT OF TRANSPORTATION",,"View Summons (http://nycserv.nyc.gov/NYCServWeb/ShowImage?searchID=VGtSbk1FMXFVVE5OVkVVMFQxRTlQUT09&locationName=_____________________)"
"GJH3354","NY","PAS","8841090250","02/15/2021","12:59P","FAIL TO DSPLY MUNI METER RECPT",,"35","0","0","0","35","0","115","Q","TRAFFIC",,"View Summons (http://nycserv.nyc.gov/NYCServWeb/ShowImage?searchID=VDBSbk1FMVVRVFZOUkVreFRVRTlQUT09&locationName=_____________________)"
"JFY3905","NY","PAS","8841090522","02/16/2021","08:49A","NO PARKING-STREET CLEANING",,"65","0","0","0","65","0","114","Q","TRAFFIC",,"View Summons (http://nycserv.nyc.gov/NYCServWeb/ShowImage?searchID=VDBSbk1FMVVRVFZOUkZWNVRXYzlQUT09&locationName=_____________________)"
"JCF7384","NY","PAS","8841090558","02/16/2021","08:52A","NO PARKING-STREET CLEANING",,"65","0","0","0","65","0","114","Q","TRAFFIC",,"View Summons (http://nycserv.nyc.gov/NYCServWeb/ShowImage?searchID=VDBSbk1FMVVRVFZOUkZVeFQwRTlQUT09&locationName=_____________________)"
"88752MN","NY","COM","8987794180","02/12/2022","01:24P","NO STANDING-DAY/TIME LIMITS",,"115","0","0","15","100","0","084","K","TRAFFIC","HEARING HELD-GUILTY REDUCTION","View Summons (http://nycserv.nyc.gov/NYCServWeb/ShowImage?searchID=VDBSck5FNTZZelZPUkVVMFRVRTlQUT09&locationName=_____________________)"
"GCR2037","NY","PAS","8987794453","02/16/2022","09:27A","INSP. STICKER-EXPIRED/MISSING",,"65","0","0","0","65","0","083","K","TRAFFIC",,"View Summons (http://nycserv.nyc.gov/NYCServWeb/ShowImage?searchID=VDBSck5FNTZZelZPUkZFeFRYYzlQUT09&locationName=_____________________)"
"CMD1068","NY","PAS","8987794647","02/17/2022","11:16A","NO PARKING-STREET CLEANING",,"65","0","0","0","65","0","081","K","TRAFFIC",,"View Summons (http://nycserv.nyc.gov/NYCServWeb/ShowImage?searchID=VDBSck5FNTZZelZPUkZrd1RuYzlQUT09&locationName=_____________________)"
"FOG5572","OH","PAS","8987795019","02/18/2022","08:51A","NO PARKING-STREET CLEANING",,"65","0","0","0","65","0","094","K","TRAFFIC",,"View Summons (http://nycserv.nyc.gov/NYCServWeb/ShowImage?searchID=VDBSck5FNTZZelZPVkVGNFQxRTlQUT09&locationName=_____________________)"
"DDP6841","PA","PAS","8637072549","05/23/2018",,,,,,,,,,,,,,"View Summons (http://nycserv.nyc.gov/NYCServWeb/ShowImage?searchID=VDBSWmVrNTZRVE5OYWxVd1QxRTlQUT09&locationName=_____________________)"
"W68MXE","NJ","PAS","8823985687","06/16/2022","07:21A","NO STANDING-EXC. TRUCK LOADING",,"95","10","0","0","105","0","007","NY","TRAFFIC",,"View Summons (http://nycserv.nyc.gov/NYCServWeb/ShowImage?searchID=VDBSbmVVMTZhelJPVkZrMFRuYzlQUT09&locationName=_____________________)"
"1ANK63","MA","PAS","8957971944","05/04/2021","07:38A","FIRE HYDRANT",,"115","0","0","0","115","0","046","BX","TRAFFIC",,"View Summons (http://nycserv.nyc.gov/NYCServWeb/ShowImage?searchID=VDBSck1VNTZhek5OVkdzd1RrRTlQUT09&locationName=_____________________)"
"GPB2546","NY","PAS","8823985675","06/16/2022","06:32A","NO PARKING-DAY/TIME LIMITS",,"65","0","0","0","65","0","007","NY","TRAFFIC",,"View Summons (http://nycserv.nyc.gov/NYCServWeb/ShowImage?searchID=VDBSbmVVMTZhelJPVkZrelRsRTlQUT09&locationName=_____________________)"
"KJC3979","NY","PAS","8823985729","06/16/2022","08:36A","NO PARKING-STREET CLEANING",,"65","0","0","0","65","0","007","NY","TRAFFIC",,"View Summons (http://nycserv.nyc.gov/NYCServWeb/ShowImage?searchID=VDBSbmVVMTZhelJPVkdONVQxRTlQUT09&locationName=_____________________)"
"JMR1966","NY","PAS","4811226288","11/07/2022","10:05P","PHTO SCHOOL ZN SPEED VIOLATION",,"50","0","0","0","50","0","000","QN","DEPARTMENT OF TRANSPORTATION",,"View Summons (http://nycserv.nyc.gov/NYCServWeb/ShowImage?searchID=VGtSbmVFMVVTWGxPYWtrMFQwRTlQUT09&locationName=_____________________)"
"51360ML","NY","COM","8585277385","08/17/2022","09:47A","BIKE LANE",,"115","0","0","0","115","0","017","NY","TRAFFIC","HEARING HELD-GUILTY","View Summons (http://nycserv.nyc.gov/NYCServWeb/ShowImage?searchID=VDBSVk5FNVVTVE5PZWswMFRsRTlQUT09&locationName=_____________________)"
"11309NA","NY","COM","8585282824","09/24/2022","10:19A","NO STANDING-DAY/TIME LIMITS",,"115","0","0","0","115","0","014","NY","TRAFFIC","HEARING HELD-GUILTY","View Summons (http://nycserv.nyc.gov/NYCServWeb/ShowImage?searchID=VDBSVk5FNVVTVFJOYW1kNVRrRTlQUT09&locationName=_____________________)"
"KXD7711","NY","PAS","9064422321","07/07/2023","06:41P","INSP. STICKER-EXPIRED/MISSING",,"65","0","0","0","65","0","112","Q","TRAFFIC",,"View Summons (http://nycserv.nyc.gov/NYCServWeb/ShowImage?searchID=VDFSQk1rNUVVWGxOYWsxNVRWRTlQUT09&locationName=_____________________)"
"JHC6879","NY","PAS","4842471220","05/22/2023","09:16A","PHTO SCHOOL ZN SPEED VIOLATION",,"50","25","0","0","75","0","000","BK","DEPARTMENT OF TRANSPORTATION",,"View Summons (http://nycserv.nyc.gov/NYCServWeb/ShowImage?searchID=VGtSbk1FMXFVVE5OVkVsNVRVRTlQUT09&locationName=_____________________)"
"36399MK","NY","COM","8823985699","06/16/2022","07:33A","NO PARKING-DAY/TIME LIMITS",,"65","0","0","40","25","0","007","NY","TRAFFIC","HEARING HELD-GUILTY REDUCTION","View Summons (http://nycserv.nyc.gov/NYCServWeb/ShowImage?searchID=VDBSbmVVMTZhelJPVkZrMVQxRTlQUT09&locationName=_____________________)"
"KTH2232","NY","PAS","4811226252","11/07/2022","10:04P","PHTO SCHOOL ZN SPEED VIOLATION",,"50","0","0","0","50","0","000","BK","DEPARTMENT OF TRANSPORTATION",,"View Summons (http://nycserv.nyc.gov/NYCServWeb/ShowImage?searchID=VGtSbmVFMVVTWGxPYWtreFRXYzlQUT09&locationName=_____________________)"
"KMG9390","NY","PAS","8987795068","02/18/2022","08:59A","NO PARKING-STREET CLEANING",,"65","0","0","0","65","0","094","K","TRAFFIC",,"View Summons (http://nycserv.nyc.gov/NYCServWeb/ShowImage?searchID=VDBSck5FNTZZelZPVkVFeVQwRTlQUT09&locationName=_____________________)"
"JCM8212","NY","PAS","8841090900","02/17/2021","09:53A","REG. STICKER-EXPIRED/MISSING",,"65","0","0","0","65","0","108","Q","TRAFFIC",,"View Summons (http://nycserv.nyc.gov/NYCServWeb/ShowImage?searchID=VDBSbk1FMVVRVFZOUkd0M1RVRTlQUT09&locationName=_____________________)"
"JCM8212","NY","PAS","8841090911","02/17/2021","09:55A","INSP. STICKER-EXPIRED/MISSING",,"65","0","0","0","65","0","108","Q","TRAFFIC",,"View Summons (http://nycserv.nyc.gov/NYCServWeb/ShowImage?searchID=VDBSbk1FMVVRVFZOUkd0NFRWRTlQUT09&locationName=_____________________)"
"KLP8267","NY","PAS","4842471190","05/22/2023","09:16A","PHTO SCHOOL ZN SPEED VIOLATION",,"50","25","0","0","75","0","000","QN","DEPARTMENT OF TRANSPORTATION",,"View Summons (http://nycserv.nyc.gov/NYCServWeb/ShowImage?searchID=VGtSbk1FMXFVVE5OVkVVMVRVRTlQUT09&locationName=_____________________)"
"V89JEH","NJ","PAS","8987795093","02/18/2022","09:03A","NO PARKING-STREET CLEANING",,"65","0","0","0","65","0","094","K","TRAFFIC",,"View Summons (http://nycserv.nyc.gov/NYCServWeb/ShowImage?searchID=VDBSck5FNTZZelZPVkVFMVRYYzlQUT09&locationName=_____________________)"
"J64CCU","NJ","PAS","8987795100","02/18/2022","09:05A","NO PARKING-STREET CLEANING",,"65","0","0","0","65","0","094","K","TRAFFIC",,"View Summons (http://nycserv.nyc.gov/NYCServWeb/ShowImage?searchID=VDBSck5FNTZZelZPVkVWM1RVRTlQUT09&locationName=_____________________)"
"JKD8459","NY","PAS","8987828293","07/10/2021","01:04P","EXPIRED MUNI METER",,"35","0","0","0","35","0","088","K","TRAFFIC","HEARING HELD-GUILTY","View Summons (http://nycserv.nyc.gov/NYCServWeb/ShowImage?searchID=VDBSck5FNTZaM2xQUkVrMVRYYzlQUT09&locationName=_____________________)"
"LAE8923","NY","PAS","9105541918","01/26/2024","08:43A","NO PARKING-STREET CLEANING",,"65","0","0","0","65","0","067","K","TRAFFIC",,"View Summons (http://nycserv.nyc.gov/NYCServWeb/ShowImage?searchID=VDFSRmQwNVVWVEJOVkd0NFQwRTlQUT09&locationName=_____________________)"
"JJG8843","NY","PAS","8850543499","06/11/2021","07:02A","REG. STICKER-EXPIRED/MISSING",,"65","0","0","65","0","0","114","Q","TRAFFIC","HEARING HELD-NOT GUILTY","View Summons (http://nycserv.nyc.gov/NYCServWeb/ShowImage?searchID=VDBSbk1VMUVWVEJOZWxFMVQxRTlQUT09&locationName=_____________________)"
"GEN7282","NY","PAS","8864084319","01/18/2022","04:05P","EXPIRED MUNI METER",,"35","0","0","0","35","0","061","K","TRAFFIC",,"View Summons (http://nycserv.nyc.gov/NYCServWeb/ShowImage?searchID=VDBSbk1rNUVRVFJPUkUxNFQxRTlQUT09&locationName=_____________________)"
"KFB6249","NY","PAS","8958024100","04/28/2021","06:40A","CROSSWALK",,"115","0","0","0","115","0","048","BX","TRAFFIC",,"View Summons (http://nycserv.nyc.gov/NYCServWeb/ShowImage?searchID=VDBSck1VOUVRWGxPUkVWM1RVRTlQUT09&locationName=_____________________)"
"66910PC","NY","APP","8679032463","10/03/2019","01:56P","NO STANDING-BUS STOP",,"115","0","0","0","115","0","001","NY","TRAFFIC","HEARING HELD-GUILTY","View Summons (http://nycserv.nyc.gov/NYCServWeb/ShowImage?searchID=VDBSWk0wOVVRWHBOYWxFeVRYYzlQUT09&locationName=_____________________)"
"FEL7874","NY","999","8637082130","06/30/2018",,,,,,,,,,,,,,"View Summons (http://nycserv.nyc.gov/NYCServWeb/ShowImage?searchID=VDBSWmVrNTZRVFJOYWtWNlRVRTlQUT09&locationName=_____________________)"
"HVK9531","NY","PAS","8994656972","09/11/2021","03:12P","NO STANDING-EXC. TRUCK LOADING",,"95","0","0","0","95","0","084","K","TRAFFIC",,"View Summons (http://nycserv.nyc.gov/NYCServWeb/ShowImage?searchID=VDBSck5VNUVXVEZPYW1zelRXYzlQUT09&locationName=_____________________)"
"JGK5478","NY","PAS","8994656984","09/11/2021","03:13P","NO STANDING-EXC. TRUCK LOADING",,"95","0","0","0","95","0","084","K","TRAFFIC",,"View Summons (http://nycserv.nyc.gov/NYCServWeb/ShowImage?searchID=VDBSck5VNUVXVEZPYW1zMFRrRTlQUT09&locationName=_____________________)"
"GJZ4168","NY","999","8637083705","07/07/2018",,,,,,,,,,,,,,"View Summons (http://nycserv.nyc.gov/NYCServWeb/ShowImage?searchID=VDBSWmVrNTZRVFJOZW1OM1RsRTlQUT09&locationName=_____________________)"
"KDX2189","NY","PAS","4842471323","05/22/2023","09:18A","PHTO SCHOOL ZN SPEED VIOLATION",,"50","0","0","0","50","0","000","BK","DEPARTMENT OF TRANSPORTATION",,"View Summons (http://nycserv.nyc.gov/NYCServWeb/ShowImage?searchID=VGtSbk1FMXFVVE5OVkUxNVRYYzlQUT09&locationName=_____________________)"
"JRC2268","NY","PAS","8850543438","06/10/2021","09:09A","NO PARKING-STREET CLEANING",,"65","0","0","0","65","0","108","Q","TRAFFIC",,"View Summons (http://nycserv.nyc.gov/NYCServWeb/ShowImage?searchID=VDBSbk1VMUVWVEJOZWxGNlQwRTlQUT09&locationName=_____________________)"
"15925MC","NY","COM","8841091708","02/23/2021","09:14A","FAIL TO DSPLY MUNI METER RECPT",,"35","0","0","5","30","0","114","Q","TRAFFIC","HEARING HELD-GUILTY REDUCTION","View Summons (http://nycserv.nyc.gov/NYCServWeb/ShowImage?searchID=VDBSbk1FMVVRVFZOVkdOM1QwRTlQUT09&locationName=_____________________)"
"HWV9479","NY","PAS","8987832557","07/31/2021","07:36A","NO PARKING-STREET CLEANING",,"65","0","0","0","65","0","084","K","TRAFFIC",,"View Summons (http://nycserv.nyc.gov/NYCServWeb/ShowImage?searchID=VDBSck5FNTZaM3BOYWxVeFRuYzlQUT09&locationName=_____________________)"
"GYF4908","NY","PAS","4842471281","05/22/2023","09:17A","PHTO SCHOOL ZN SPEED VIOLATION",,"50","0","0","0","50","0","000","ST","DEPARTMENT OF TRANSPORTATION",,"View Summons (http://nycserv.nyc.gov/NYCServWeb/ShowImage?searchID=VGtSbk1FMXFVVE5OVkVrMFRWRTlQUT09&locationName=_____________________)"
"HLC4990","NY","PAS","9002465002","07/21/2022","02:50P","NO PARKING-DAY/TIME LIMITS",,"60","10","0","0","70","0","083","K","TRAFFIC",,"View Summons (http://nycserv.nyc.gov/NYCServWeb/ShowImage?searchID=VDFSQmQwMXFVVEpPVkVGM1RXYzlQUT09&locationName=_____________________)"
"JGM5592","NY","PAS","8989035491","02/15/2022","11:14A","DOUBLE PARKING",,"115","0","0","0","115","0","077","K","TRAFFIC",,"View Summons (http://nycserv.nyc.gov/NYCServWeb/ShowImage?searchID=VDBSck5FOVVRWHBPVkZFMVRWRTlQUT09&locationName=_____________________)"
"KJH4970","PA","PAS","8850543414","06/10/2021","09:03A","NO STANDING-EXC. TRUCK LOADING",,"95","0","0","0","95","0","108","Q","TRAFFIC",,"View Summons (http://nycserv.nyc.gov/NYCServWeb/ShowImage?searchID=VDBSbk1VMUVWVEJOZWxGNFRrRTlQUT09&locationName=_____________________)"
"KSC7910","NY","PAS","8990029545","02/03/2022","11:15A","REG. STICKER-EXPIRED/MISSING",,"65","0","0","0","65","0","090","K","TRAFFIC",,"View Summons (http://nycserv.nyc.gov/NYCServWeb/ShowImage?searchID=VDBSck5VMUVRWGxQVkZVd1RsRTlQUT09&locationName=_____________________)"
"JSR6749","PA","PAS","8990731185","02/22/2022","11:37A","NO PARKING-STREET CLEANING",,"65","0","0","0","65","0","084","K","TRAFFIC",,"View Summons (http://nycserv.nyc.gov/NYCServWeb/ShowImage?searchID=VDBSck5VMUVZM3BOVkVVMFRsRTlQUT09&locationName=_____________________)"
"HXK5058","NY","PAS","8991197681","01/27/2022","09:45A","NO PARKING-STREET CLEANING",,"65","0","0","0","65","0","077","K","TRAFFIC",,"View Summons (http://nycserv.nyc.gov/NYCServWeb/ShowImage?searchID=VDBSck5VMVVSVFZPZWxrMFRWRTlQUT09&locationName=_____________________)"
"2PC764","MA","PAS","8994657022","09/11/2021","04:47P","NO STANDING-DAY/TIME LIMITS",,"115","0","0","0","115","0","084","K","TRAFFIC",,"View Summons (http://nycserv.nyc.gov/NYCServWeb/ShowImage?searchID=VDBSck5VNUVXVEZPZWtGNVRXYzlQUT09&locationName=_____________________)"
"KMZ7878","PA","PAS","8637108544","04/13/2018",,,,,,,,,,,,,,"View Summons (http://nycserv.nyc.gov/NYCServWeb/ShowImage?searchID=VDBSWmVrNTZSWGRQUkZVd1RrRTlQUT09&locationName=_____________________)"
"KKF2983","NY","PAS","8958024367","04/28/2021","08:58A","NO PARKING-DAY/TIME LIMITS",,"60","0","0","0","60","0","048","BX","TRAFFIC",,"View Summons (http://nycserv.nyc.gov/NYCServWeb/ShowImage?searchID=VDBSck1VOUVRWGxPUkUweVRuYzlQUT09&locationName=_____________________)"
"LNP4761","PA","PAS","9005780526","08/19/2022","06:21A","NO STANDING-EXC. AUTH. VEHICLE","12/08/2022","95","60","2.51","0.27","157.24","0","075","K","TRAFFIC",,"View Summons (http://nycserv.nyc.gov/NYCServWeb/ShowImage?searchID=VDFSQmQwNVVZelJOUkZWNVRtYzlQUT09&locationName=_____________________)"
"GGV3836","NY","PAS","8767180164","05/10/2021","04:23P","FRONT OR BACK PLATE MISSING",,"65","0","0","0","65","0","121","R","TRAFFIC",,"View Summons (http://nycserv.nyc.gov/NYCServWeb/ShowImage?searchID=VDBSak1rNTZSVFJOUkVVeVRrRTlQUT09&locationName=_____________________)"
"14002MN","NY","COM","8585285916","10/18/2022","02:08P","FAIL TO DISP. MUNI METER RECPT",,"65","0","0","0","65","0","014","NY","TRAFFIC",,"View Summons (http://nycserv.nyc.gov/NYCServWeb/ShowImage?searchID=VDBSVk5FNVVTVFJPVkd0NFRtYzlQUT09&locationName=_____________________)"
"T677421C","NY","OMT","8850543580","06/11/2021","07:55A","NO PARKING-STREET CLEANING",,"65","0","0","0","65","0","114","Q","TRAFFIC",,"View Summons (http://nycserv.nyc.gov/NYCServWeb/ShowImage?searchID=VDBSbk1VMUVWVEJOZWxVMFRVRTlQUT09&locationName=_____________________)"
"KKS6651","NY","PAS","8850543578","06/11/2021","07:42A","NO PARKING-STREET CLEANING",,"65","0","0","0","65","0","114","Q","TRAFFIC",,"View Summons (http://nycserv.nyc.gov/NYCServWeb/ShowImage?searchID=VDBSbk1VMUVWVEJOZWxVelQwRTlQUT09&locationName=_____________________)"
"KAE5296","NY","OMS","9064425000","06/23/2023","03:30P","INSP. STICKER-EXPIRED/MISSING",,"65","0","0","0","65","0","103","Q","TRAFFIC",,"View Summons (http://nycserv.nyc.gov/NYCServWeb/ShowImage?searchID=VDFSQk1rNUVVWGxPVkVGM1RVRTlQUT09&locationName=_____________________)"
"JGT4655","NY","PAS","8991206645","01/27/2022","09:30A","NO PARKING-STREET CLEANING",,"65","0","0","0","65","0","079","K","TRAFFIC",,"View Summons (http://nycserv.nyc.gov/NYCServWeb/ShowImage?searchID=VDBSck5VMVVTWGRPYWxrd1RsRTlQUT09&locationName=_____________________)"
"019137T","NJ","PAS","8958024276","04/28/2021","08:23A","FIRE HYDRANT",,"115","0","0","0","115","0","048","BX","TRAFFIC",,"View Summons (http://nycserv.nyc.gov/NYCServWeb/ShowImage?searchID=VDBSck1VOUVRWGxPUkVrelRtYzlQUT09&locationName=_____________________)"
"CCK1534","NY","PAS","4842471372","05/22/2023","09:19A","PHTO SCHOOL ZN SPEED VIOLATION",,"50","0","0","0","50","0","000","QN","DEPARTMENT OF TRANSPORTATION",,"View Summons (http://nycserv.nyc.gov/NYCServWeb/ShowImage?searchID=VGtSbk1FMXFVVE5OVkUwelRXYzlQUT09&locationName=_____________________)"
"FXY7418","NY","PAS","8841092361","02/25/2021","08:37A","NO PARKING-STREET CLEANING",,"65","0","0","0","65","0","110","Q","TRAFFIC",,"View Summons (http://nycserv.nyc.gov/NYCServWeb/ShowImage?searchID=VDBSbk1FMVVRVFZOYWsweVRWRTlQUT09&locationName=_____________________)"
"HFP5380","NY","PAS","9002465038","07/21/2022","03:22P","NO STANDING-BUS STOP",,"115","10","0","0","125","0","083","K","TRAFFIC",,"View Summons (http://nycserv.nyc.gov/NYCServWeb/ShowImage?searchID=VDFSQmQwMXFVVEpPVkVGNlQwRTlQUT09&locationName=_____________________)"
"LSH3781","PA","PAS","4842471414","05/22/2023","09:19A","PHTO SCHOOL ZN SPEED VIOLATION","08/17/2023","50","25","1.14","0.06","76.08","0","000","QN","DEPARTMENT OF TRANSPORTATION",,"View Summons (http://nycserv.nyc.gov/NYCServWeb/ShowImage?searchID=VGtSbk1FMXFVVE5OVkZGNFRrRTlQUT09&locationName=_____________________)"
"GPU1108","NY","PAS","4811226318","11/07/2022","10:05P","PHTO SCHOOL ZN SPEED VIOLATION",,"50","25","0","0","75","0","000","BK","DEPARTMENT OF TRANSPORTATION",,"View Summons (http://nycserv.nyc.gov/NYCServWeb/ShowImage?searchID=VGtSbmVFMVVTWGxPYWsxNFQwRTlQUT09&locationName=_____________________)"
"446ZWN","CT","PAS","8991206736","01/27/2022","09:47A","NO PARKING-STREET CLEANING",,"65","0","0","0","65","0","079","K","TRAFFIC",,"View Summons (http://nycserv.nyc.gov/NYCServWeb/ShowImage?searchID=VDBSck5VMVVTWGRPYW1ONlRtYzlQUT09&locationName=_____________________)"
"AL44427","AZ","PAS","8991207080","02/10/2022","09:48A","NO PARKING-STREET CLEANING",,"65","0","0","0","65","0","081","K","TRAFFIC",,"View Summons (http://nycserv.nyc.gov/NYCServWeb/ShowImage?searchID=VDBSck5VMVVTWGRPZWtFMFRVRTlQUT09&locationName=_____________________)"
"MCN8011","TX","PAS","8850543591","06/11/2021","08:06A","NO PARKING-STREET CLEANING",,"65","0","0","0","65","0","114","Q","TRAFFIC",,"View Summons (http://nycserv.nyc.gov/NYCServWeb/ShowImage?searchID=VDBSbk1VMUVWVEJOZWxVMVRWRTlQUT09&locationName=_____________________)"
"KFV5001","NY","PAS","8850543566","06/11/2021","07:41A","NO PARKING-STREET CLEANING",,"65","0","0","0","65","0","114","Q","TRAFFIC",,"View Summons (http://nycserv.nyc.gov/NYCServWeb/ShowImage?searchID=VDBSbk1VMUVWVEJOZWxVeVRtYzlQUT09&locationName=_____________________)"
"HZY7933","NY","PAS","8991268742","09/27/2021","01:32P","DOUBLE PARKING",,"115","0","0","0","115","0","079","K","TRAFFIC",,"View Summons (http://nycserv.nyc.gov/NYCServWeb/ShowImage?searchID=VDBSck5VMVVTVEpQUkdNd1RXYzlQUT09&locationName=_____________________)"
"28BYPN","FL","PAS","4918674161","09/23/2024","10:13P","PHTO SCHOOL ZN SPEED VIOLATION",,"50","0","0","0","50","0","000","BK","DEPARTMENT OF TRANSPORTATION",,"View Summons (http://nycserv.nyc.gov/NYCServWeb/ShowImage?searchID=VGtScmVFOUVXVE5PUkVVeVRWRTlQUT09&locationName=_____________________)"
"KFK8882","NY","PAS","8994657046","09/11/2021","04:49P","NO STANDING-DAY/TIME LIMITS",,"115","0","0","0","115","0","084","K","TRAFFIC",,"View Summons (http://nycserv.nyc.gov/NYCServWeb/ShowImage?searchID=VDBSck5VNUVXVEZPZWtFd1RtYzlQUT09&locationName=_____________________)"
"2991934","IN","PAS","8823986023","06/17/2022","07:44A","NO STANDING-DAY/TIME LIMITS",,"115","0","0","25","90","0","009","NY","TRAFFIC","HEARING HELD-GUILTY REDUCTION","View Summons (http://nycserv.nyc.gov/NYCServWeb/ShowImage?searchID=VDBSbmVVMTZhelJPYWtGNVRYYzlQUT09&locationName=_____________________)"
"KJW4807","NY","PAS","9085881195","10/25/2023","08:00A","SIDEWALK",,"115","10","0","0","125","0","066","K","TRAFFIC",,"View Summons (http://nycserv.nyc.gov/NYCServWeb/ShowImage?searchID=VDFSQk5FNVVaelJOVkVVMVRsRTlQUT09&locationName=_____________________)"
"13284MP","NY","COM","8913919904","04/28/2021","08:06A","DOUBLE PARKING",,"115","0","0","80","35","0","013","NY","TRAFFIC","HEARING HELD-GUILTY REDUCTION","View Summons (http://nycserv.nyc.gov/NYCServWeb/ShowImage?searchID=VDBScmVFMTZhM2hQVkd0M1RrRTlQUT09&locationName=_____________________)"
"2991934","IN","PAS","8823986035","06/17/2022","07:45A","PLTFRM LFTS LWRD POS COMM VEH",,"65","0","0","25","40","0","009","NY","TRAFFIC","HEARING HELD-GUILTY REDUCTION","View Summons (http://nycserv.nyc.gov/NYCServWeb/ShowImage?searchID=VDBSbmVVMTZhelJPYWtGNlRsRTlQUT09&locationName=_____________________)"
"15951BR","NY","TRC","8585288528","11/01/2022","07:25A","NO STOPPING-DAY/TIME LIMITS",,"115","0","0","15","100","0","014","NY","TRAFFIC","HEARING HELD-GUILTY REDUCTION","View Summons (http://nycserv.nyc.gov/NYCServWeb/ShowImage?searchID=VDBSVk5FNVVTVFJQUkZWNVQwRTlQUT09&locationName=_____________________)"
"KLK8672","NY","PAS","9085881183","10/25/2023","07:49A","NO PARKING-STREET CLEANING",,"65","10","0","0","75","0","066","K","TRAFFIC",,"View Summons (http://nycserv.nyc.gov/NYCServWeb/ShowImage?searchID=VDFSQk5FNVVaelJOVkVVMFRYYzlQUT09&locationName=_____________________)"
"ZJT4892","PA","PAS","8683616538","05/19/2021","08:23A","NO PARKING-STREET CLEANING",,"65","0","0","0","65","0","115","Q","TRAFFIC",,"View Summons (http://nycserv.nyc.gov/NYCServWeb/ShowImage?searchID=VDBSWk5FMTZXWGhPYWxWNlQwRTlQUT09&locationName=_____________________)"
"KLA1936","NY","OMS","8683616770","05/20/2021","07:44A","FAIL TO DSPLY MUNI METER RECPT",,"35","0","0","0","35","0","109","Q","TRAFFIC",,"View Summons (http://nycserv.nyc.gov/NYCServWeb/ShowImage?searchID=VDBSWk5FMTZXWGhPYW1NelRVRTlQUT09&locationName=_____________________)"
"76703MK","NY","COM","8913919990","04/28/2021","10:07A","NO STANDING-DAY/TIME LIMITS",,"115","0","0","15","100","0","010","NY","TRAFFIC","HEARING HELD-GUILTY REDUCTION","View Summons (http://nycserv.nyc.gov/NYCServWeb/ShowImage?searchID=VDBScmVFMTZhM2hQVkdzMVRVRTlQUT09&locationName=_____________________)"
"JMJ4622","NY","PAS","9002465373","07/23/2022","03:33A","INSP. STICKER-EXPIRED/MISSING",,"65","10","0","0","75","0","088","K","TRAFFIC",,"View Summons (http://nycserv.nyc.gov/NYCServWeb/ShowImage?searchID=VDFSQmQwMXFVVEpPVkUwelRYYzlQUT09&locationName=_____________________)"
"HXY8876","NY","PAS","8683616678","05/19/2021","10:11A","FAIL TO DSPLY MUNI METER RECPT",,"35","0","0","0","35","0","110","Q","TRAFFIC",,"View Summons (http://nycserv.nyc.gov/NYCServWeb/ShowImage?searchID=VDBSWk5FMTZXWGhPYWxrelQwRTlQUT09&locationName=_____________________)"
"KTL3108","NY","PAS","8991585425","02/19/2022","12:11P","EXPIRED MUNI METER",,"35","0","0","0","35","0","088","K","TRAFFIC",,"View Summons (http://nycserv.nyc.gov/NYCServWeb/ShowImage?searchID=VDBSck5VMVVWVFJPVkZGNVRsRTlQUT09&locationName=_____________________)"
"KTL3108","NY","PAS","8991585437","02/19/2022","12:13P","INSP. STICKER-EXPIRED/MISSING",,"65","0","0","0","65","0","088","K","TRAFFIC",,"View Summons (http://nycserv.nyc.gov/NYCServWeb/ShowImage?searchID=VDBSck5VMVVWVFJPVkZGNlRuYzlQUT09&locationName=_____________________)"
"GUK1108","NY","PAS","8991585498","02/19/2022","01:05P","NO STANDING-EXC. TRUCK LOADING",,"95","0","0","0","95","0","088","K","TRAFFIC",,"View Summons (http://nycserv.nyc.gov/NYCServWeb/ShowImage?searchID=VDBSck5VMVVWVFJPVkZFMVQwRTlQUT09&locationName=_____________________)"
"JKZ7327","NY","PAS","8991873601","02/18/2022","03:17A","NO PARKING-STREET CLEANING",,"65","0","0","0","65","0","070","K","TRAFFIC",,"View Summons (http://nycserv.nyc.gov/NYCServWeb/ShowImage?searchID=VDBSck5VMVVaek5OZWxsM1RWRTlQUT09&locationName=_____________________)"
"HPT6135","NY","PAS","8992385547","02/17/2022","08:49A","NO PARKING-STREET CLEANING",,"65","0","0","0","65","0","088","K","TRAFFIC",,"View Summons (http://nycserv.nyc.gov/NYCServWeb/ShowImage?searchID=VDBSck5VMXFUVFJPVkZVd1RuYzlQUT09&locationName=_____________________)"
"JGP4064","NY","PAS","8992690400","12/13/2021","02:57P","SIDEWALK",,"115","0","0","0","115","0","094","K","TRAFFIC","HEARING HELD-GUILTY","View Summons (http://nycserv.nyc.gov/NYCServWeb/ShowImage?searchID=VDBSck5VMXFXVFZOUkZGM1RVRTlQUT09&locationName=_____________________)"
"XARG69","NJ","PAS","8913919898","04/28/2021","07:46A","NO PARKING-STREET CLEANING",,"65","0","0","0","65","0","013","NY","TRAFFIC","HEARING HELD-GUILTY","View Summons (http://nycserv.nyc.gov/NYCServWeb/ShowImage?searchID=VDBScmVFMTZhM2hQVkdjMVQwRTlQUT09&locationName=_____________________)"
"HYU6747","NY","PAS","8683616757","05/19/2021","12:15P","EXPIRED MUNI METER",,"35","0","0","0","35","0","110","Q","TRAFFIC",,"View Summons (http://nycserv.nyc.gov/NYCServWeb/ShowImage?searchID=VDBSWk5FMTZXWGhPYW1NeFRuYzlQUT09&locationName=_____________________)"
"KKJ3411","NY","PAS","8958024471","04/28/2021","11:15A","NO STANDING-BUS STOP",,"115","0","0","0","115","0","042","BX","TRAFFIC",,"View Summons (http://nycserv.nyc.gov/NYCServWeb/ShowImage?searchID=VDBSck1VOUVRWGxPUkZFelRWRTlQUT09&locationName=_____________________)"
"KEX5455","NY","PAS","8958024392","04/28/2021","09:17A","NO PARKING-DAY/TIME LIMITS",,"60","0","0","0","60","0","042","BX","TRAFFIC",,"View Summons (http://nycserv.nyc.gov/NYCServWeb/ShowImage?searchID=VDBSck1VOUVRWGxPUkUwMVRXYzlQUT09&locationName=_____________________)"
"38482MK","NY","COM","8841092968","02/26/2021","09:48A","FAIL TO DSPLY MUNI METER RECPT",,"35","0","0","5","30","0","114","Q","TRAFFIC","HEARING HELD-GUILTY REDUCTION","View Summons (http://nycserv.nyc.gov/NYCServWeb/ShowImage?searchID=VDBSbk1FMVVRVFZOYW1zeVQwRTlQUT09&locationName=_____________________)"
"V25JFK","NJ","PAS","9005781026","08/20/2022","10:17A","DOUBLE PARKING",,"115","10","0","0","125","0","060","K","TRAFFIC",,"View Summons (http://nycserv.nyc.gov/NYCServWeb/ShowImage?searchID=VDFSQmQwNVVZelJOVkVGNVRtYzlQUT09&locationName=_____________________)"
"JNZ2873","NY","PAS","8995170270","08/03/2021","12:43P","INSP. STICKER-EXPIRED/MISSING",,"65","0","0","0","65","0","094","K","TRAFFIC","HEARING HELD-GUILTY","View Summons (http://nycserv.nyc.gov/NYCServWeb/ShowImage?searchID=VDBSck5VNVVSVE5OUkVrelRVRTlQUT09&locationName=_____________________)"
"FSH8328","NY","PAS","8823986084","06/17/2022","08:25A","NO STANDING-DAY/TIME LIMITS",,"115","0","0","0","115","0","009","NY","TRAFFIC",,"View Summons (http://nycserv.nyc.gov/NYCServWeb/ShowImage?searchID=VDBSbmVVMTZhelJPYWtFMFRrRTlQUT09&locationName=_____________________)"
"KHK8686","NY","PAS","9064425048","07/03/2023","01:15P","INSP. STICKER-EXPIRED/MISSING",,"65","30","0","0","95","0","103","Q","TRAFFIC",,"View Summons (http://nycserv.nyc.gov/NYCServWeb/ShowImage?searchID=VDFSQk1rNUVVWGxPVkVFd1QwRTlQUT09&locationName=_____________________)"
"FMC8372","NY","PAS","8683617488","05/24/2021","08:29A","REG. STICKER-EXPIRED/MISSING",,"65","0","0","0","65","0","114","Q","TRAFFIC",,"View Summons (http://nycserv.nyc.gov/NYCServWeb/ShowImage?searchID=VDBSWk5FMTZXWGhPZWxFMFQwRTlQUT09&locationName=_____________________)"
"73154JV","NY","COM","8683618791","06/03/2021","08:37A","FAIL TO DSPLY MUNI METER RECPT",,"35","0","0","5","30","0","109","Q","TRAFFIC","HEARING HELD-GUILTY REDUCTION","View Summons (http://nycserv.nyc.gov/NYCServWeb/ShowImage?searchID=VDBSWk5FMTZXWGhQUkdNMVRWRTlQUT09&locationName=_____________________)"
"15842MC","NY","COM","8683618810","06/03/2021","09:38A","FAIL TO DSPLY MUNI METER RECPT",,"35","0","0","5","30","0","109","Q","TRAFFIC","HEARING HELD-GUILTY REDUCTION","View Summons (http://nycserv.nyc.gov/NYCServWeb/ShowImage?searchID=VDBSWk5FMTZXWGhQUkdkNFRVRTlQUT09&locationName=_____________________)"
"YXH96Y","NJ","PAS","8637239213","06/22/2018",,,,,,,,,,,,,,"View Summons (http://nycserv.nyc.gov/NYCServWeb/ShowImage?searchID=VDBSWmVrNTZTWHBQVkVsNFRYYzlQUT09&locationName=_____________________)"
"JDK3924","VA","PAS","8637239481","06/25/2018",,,,,,,,,,,,,,"View Summons (http://nycserv.nyc.gov/NYCServWeb/ShowImage?searchID=VDBSWmVrNTZTWHBQVkZFMFRWRTlQUT09&locationName=_____________________)"
"23537053","GA","PAS","8637239511","06/25/2018",,,,,,,,,,,,,,"View Summons (http://nycserv.nyc.gov/NYCServWeb/ShowImage?searchID=VDBSWmVrNTZTWHBQVkZWNFRWRTlQUT09&locationName=_____________________)"
"JRM1009","NY","PAS","8683617907","05/25/2021","11:14A","NO PARKING-STREET CLEANING",,"65","0","0","0","65","0","109","Q","TRAFFIC","HEARING HELD-GUILTY","View Summons (http://nycserv.nyc.gov/NYCServWeb/ShowImage?searchID=VDBSWk5FMTZXWGhPZW10M1RuYzlQUT09&locationName=_____________________)"
"KGA6149","NY","PAS","8841093079","02/26/2021","03:17P","FRONT OR BACK PLATE MISSING",,"65","0","0","0","65","0","110","Q","TRAFFIC","HEARING HELD-GUILTY","View Summons (http://nycserv.nyc.gov/NYCServWeb/ShowImage?searchID=VDBSbk1FMVVRVFZOZWtFelQxRTlQUT09&locationName=_____________________)"
"DWA7950","NY","PAS","8864084605","01/19/2022","03:24P","FAIL TO DSPLY MUNI METER RECPT",,"35","0","0","0","35","0","068","K","TRAFFIC",,"View Summons (http://nycserv.nyc.gov/NYCServWeb/ShowImage?searchID=VDBSbk1rNUVRVFJPUkZsM1RsRTlQUT09&locationName=_____________________)"
"T785569C","NY","OMT","4842471542","05/22/2023","09:21A","PHTO SCHOOL ZN SPEED VIOLATION","08/17/2023","50","25","1.61","0.08","76.53","0","000","MN","DEPARTMENT OF TRANSPORTATION",,"View Summons (http://nycserv.nyc.gov/NYCServWeb/ShowImage?searchID=VGtSbk1FMXFVVE5OVkZVd1RXYzlQUT09&locationName=_____________________)"
"KLW6241","NY","PAS","9064425061","07/03/2023","01:26P","REG. STICKER-EXPIRED/MISSING",,"65","0","0","65","0","0","103","Q","TRAFFIC","HEARING HELD-NOT GUILTY","View Summons (http://nycserv.nyc.gov/NYCServWeb/ShowImage?searchID=VDFSQk1rNUVVWGxPVkVFeVRWRTlQUT09&locationName=_____________________)"
"LCV7403","NY","PAS","9085881201","10/25/2023","08:04A","INSP. STICKER-EXPIRED/MISSING",,"65","0","0","0","65","0","066","K","TRAFFIC","HEARING HELD-GUILTY","View Summons (http://nycserv.nyc.gov/NYCServWeb/ShowImage?searchID=VDFSQk5FNVVaelJOVkVsM1RWRTlQUT09&locationName=_____________________)"
"JMC7658","NY","PAS","8992692377","01/05/2022","01:44P","REG. STICKER-EXPIRED/MISSING",,"65","0","0","0","65","0","090","K","TRAFFIC",,"View Summons (http://nycserv.nyc.gov/NYCServWeb/ShowImage?searchID=VDBSck5VMXFXVFZOYWswelRuYzlQUT09&locationName=_____________________)"
"F99MXH","NJ","PAS","8993387199","02/17/2022","05:52P","FIRE HYDRANT",,"115","0","0","0","115","0","077","K","TRAFFIC",,"View Summons (http://nycserv.nyc.gov/NYCServWeb/ShowImage?searchID=VDBSck5VMTZUVFJPZWtVMVQxRTlQUT09&locationName=_____________________)"
"ESZ4011","NY","PAS","8994020731","05/18/2021","02:44P","REG. STICKER-EXPIRED/MISSING",,"65","0","0","0","65","0","073","K","TRAFFIC","HEARING HELD-GUILTY","View Summons (http://nycserv.nyc.gov/NYCServWeb/ShowImage?searchID=VDBSck5VNUVRWGxOUkdONlRWRTlQUT09&locationName=_____________________)"
"925409R","NJ","PAS","8935903371","03/06/2021",,,,,,,,,,,,,,"View Summons (http://nycserv.nyc.gov/NYCServWeb/ShowImage?searchID=VDBScmVrNVVhM2ROZWswelRWRTlQUT09&locationName=_____________________)"
"22429MK","NY","COM","9081499336","09/27/2023","01:55P","NO PARKING-DAY/TIME LIMITS","03/14/2024","65","60","0.06","0.06","125","0","007","NY","TRAFFIC","HEARING HELD-GUILTY","View Summons (http://nycserv.nyc.gov/NYCServWeb/ShowImage?searchID=VDFSQk5FMVVVVFZQVkUxNlRtYzlQUT09&locationName=_____________________)"
"HBZ3177","NY","PAS","8683619114","06/04/2021","11:39A","NO PARKING-STREET CLEANING",,"65","0","0","0","65","0","114","Q","TRAFFIC",,"View Summons (http://nycserv.nyc.gov/NYCServWeb/ShowImage?searchID=VDBSWk5FMTZXWGhQVkVWNFRrRTlQUT09&locationName=_____________________)"
"11BG95","NY","MOT","8683619369","06/07/2021","10:24A","FAIL TO DSPLY MUNI METER RECPT",,"35","0","0","35","0","0","114","Q","TRAFFIC","HEARING HELD-NOT GUILTY","View Summons (http://nycserv.nyc.gov/NYCServWeb/ShowImage?searchID=VDBSWk5FMTZXWGhQVkUweVQxRTlQUT09&locationName=_____________________)"
"29171NA","NY","COM","8994717651","09/10/2021","01:15P","NO STANDING-BUS STOP",,"115","0","0","0","115","0","084","K","TRAFFIC",,"View Summons (http://nycserv.nyc.gov/NYCServWeb/ShowImage?searchID=VDBSck5VNUVZM2hPZWxreFRWRTlQUT09&locationName=_____________________)"
"T754597C","NY","OMT","8683619801","06/09/2021","11:28A","NO PARKING-STREET CLEANING",,"65","0","0","0","65","0","109","Q","TRAFFIC","HEARING HELD-GUILTY","View Summons (http://nycserv.nyc.gov/NYCServWeb/ShowImage?searchID=VDBSWk5FMTZXWGhQVkdkM1RWRTlQUT09&locationName=_____________________)"
"JBS2429","NY","PAS","8767181703","05/17/2021","05:54P","INSP. STICKER-EXPIRED/MISSING",,"65","0","0","0","65","0","122","R","TRAFFIC",,"View Summons (http://nycserv.nyc.gov/NYCServWeb/ShowImage?searchID=VDBSak1rNTZSVFJOVkdOM1RYYzlQUT09&locationName=_____________________)"
"KES2352","NY","PAS","8683619096","06/04/2021","11:37A","NO PARKING-STREET CLEANING",,"65","0","0","0","65","0","114","Q","TRAFFIC",,"View Summons (http://nycserv.nyc.gov/NYCServWeb/ShowImage?searchID=VDBSWk5FMTZXWGhQVkVFMVRtYzlQUT09&locationName=_____________________)"
"JBS6661","NY","PAS","8767181843","05/18/2021","04:41P","NO STANDING-EXC. TRUCK LOADING",,"95","0","0","0","95","0","120","R","TRAFFIC",,"View Summons (http://nycserv.nyc.gov/NYCServWeb/ShowImage?searchID=VDBSak1rNTZSVFJOVkdjd1RYYzlQUT09&locationName=_____________________)"
"V77NTM","NJ","PAS","8890583083","10/25/2021","11:43A","FAIL TO DSPLY MUNI METER RECPT","07/28/2022","35","60","0.21","0.16","95.05","0","108","Q","TRAFFIC",,"View Summons (http://nycserv.nyc.gov/NYCServWeb/ShowImage?searchID=VDBSbk5VMUVWVFJOZWtFMFRYYzlQUT09&locationName=_____________________)"
"KSM1243","NY","PAS","9021781955","12/02/2022","11:33A","INSP. STICKER-EXPIRED/MISSING","03/23/2023","65","60","0.43","0","125.43","0","108","Q","TRAFFIC",,"View Summons (http://nycserv.nyc.gov/NYCServWeb/ShowImage?searchID=VDFSQmVVMVVZelJOVkdzeFRsRTlQUT09&locationName=_____________________)"
"KKT5836","NY","PAS","8767181340","05/15/2021","10:38A","REG. STICKER-EXPIRED/MISSING","07/28/2022","65","60","0.12","0.06","125.06","0","120","R","TRAFFIC","HEARING HELD-GUILTY","View Summons (http://nycserv.nyc.gov/NYCServWeb/ShowImage?searchID=VDBSak1rNTZSVFJOVkUwd1RVRTlQUT09&locationName=_____________________)"
"GZJ1875","NY","PAS","8683619461","06/08/2021","08:37A","NO PARKING-STREET CLEANING",,"65","0","0","0","65","0","115","Q","TRAFFIC","HEARING HELD-GUILTY","View Summons (http://nycserv.nyc.gov/NYCServWeb/ShowImage?searchID=VDBSWk5FMTZXWGhQVkZFeVRWRTlQUT09&locationName=_____________________)"
"KJJ4425","NY","PAS","8913920890","05/01/2021","06:58A","NO STANDING-DAY/TIME LIMITS",,"115","0","0","0","115","0","013","NY","TRAFFIC",,"View Summons (http://nycserv.nyc.gov/NYCServWeb/ShowImage?searchID=VDBScmVFMTZhM2xOUkdjMVRVRTlQUT09&locationName=_____________________)"
"XGBC77","NJ","PAS","8841093870","03/02/2021","10:06A","NO STANDING-BUS STOP",,"115","0","0","15","100","0","109","Q","TRAFFIC","HEARING HELD-GUILTY REDUCTION","View Summons (http://nycserv.nyc.gov/NYCServWeb/ShowImage?searchID=VDBSbk1FMVVRVFZOZW1jelRVRTlQUT09&locationName=_____________________)"
"HRZ2206","NY","PAS","8841100436","09/10/2020","11:46A","NO PARKING-STREET CLEANING",,"65","0","0","0","65","0","115","Q","TRAFFIC",,"View Summons (http://nycserv.nyc.gov/NYCServWeb/ShowImage?searchID=VDBSbk1FMVVSWGROUkZGNlRtYzlQUT09&locationName=_____________________)"
"BCU9134","NY","PAS","8913921005","05/01/2021","07:38A","NO PARKING-STREET CLEANING",,"65","0","0","0","65","0","013","NY","TRAFFIC",,"View Summons (http://nycserv.nyc.gov/NYCServWeb/ShowImage?searchID=VDBScmVFMTZhM2xOVkVGM1RsRTlQUT09&locationName=_____________________)"
"KHM9204","NY","PAS","8890582923","10/23/2021","09:30A","NO STANDING-DAY/TIME LIMITS","07/28/2022","115","60","0.56","0.56","175","0","108","Q","TRAFFIC",,"View Summons (http://nycserv.nyc.gov/NYCServWeb/ShowImage?searchID=VDBSbk5VMUVWVFJOYW10NVRYYzlQUT09&locationName=_____________________)"
"KWV3479","PA","PAS","8823989991","07/06/2022","06:56A","NO STANDING-DAY/TIME LIMITS",,"115","0","0","0","115","0","009","NY","TRAFFIC",,"View Summons (http://nycserv.nyc.gov/NYCServWeb/ShowImage?searchID=VDBSbmVVMTZhelJQVkdzMVRWRTlQUT09&locationName=_____________________)"
"LNK7135","PA","PAS","8823989966","07/06/2022","06:50A","FIRE HYDRANT",,"115","0","0","0","115","0","009","NY","TRAFFIC",,"View Summons (http://nycserv.nyc.gov/NYCServWeb/ShowImage?searchID=VDBSbmVVMTZhelJQVkdzeVRtYzlQUT09&locationName=_____________________)"
"JKF9477","NY","PAS","9072426022","08/21/2023","03:03P","FAIL TO DSPLY MUNI METER RECPT",,"35","30","0","0","65","0","106","Q","TRAFFIC",,"View Summons (http://nycserv.nyc.gov/NYCServWeb/ShowImage?searchID=VDFSQk0wMXFVWGxPYWtGNVRXYzlQUT09&locationName=_____________________)"
"HLX5796","NY","PAS","8823990002","07/06/2022","07:07A","NO STANDING-DAY/TIME LIMITS",,"115","0","0","0","115","0","009","NY","TRAFFIC",,"View Summons (http://nycserv.nyc.gov/NYCServWeb/ShowImage?searchID=VDBSbmVVMTZhelZOUkVGM1RXYzlQUT09&locationName=_____________________)"
"25042JE","NY","COM","8823990026","07/06/2022","07:54A","NO STANDING-BUS STOP",,"115","0","0","15","100","0","009","NY","TRAFFIC","HEARING HELD-GUILTY REDUCTION","View Summons (http://nycserv.nyc.gov/NYCServWeb/ShowImage?searchID=VDBSbmVVMTZhelZOUkVGNVRtYzlQUT09&locationName=_____________________)"
"UNR5694","VA","PAS","8935903656","03/09/2021",,,,,,,,,,,,,,"View Summons (http://nycserv.nyc.gov/NYCServWeb/ShowImage?searchID=VDBScmVrNVVhM2ROZWxreFRtYzlQUT09&locationName=_____________________)"
"BRX1110","NY","PAS","8850543700","06/11/2021","08:42A","NO PARKING-STREET CLEANING",,"65","0","0","0","65","0","114","Q","TRAFFIC",,"View Summons (http://nycserv.nyc.gov/NYCServWeb/ShowImage?searchID=VDBSbk1VMUVWVEJOZW1OM1RVRTlQUT09&locationName=_____________________)"
"HDD6821","NY","PAS","8850543785","06/11/2021","11:39A","FIRE HYDRANT",,"115","0","0","0","115","0","114","Q","TRAFFIC",,"View Summons (http://nycserv.nyc.gov/NYCServWeb/ShowImage?searchID=VDBSbk1VMUVWVEJOZW1NMFRsRTlQUT09&locationName=_____________________)"
